candidate,target,null,d_inv,d_portrait
TOL_11,BRAIN_10,ER,0.41836127272936996,0.3329446311833122
TOL_11,BRAIN_10,ER,0.3300350155051284,0.41889009711385633
TOL_11,BRAIN_10,ER,0.34782036544904743,0.2841849796468603
TOL_11,BRAIN_10,ER,0.33125469406946767,0.43048942731449946
TOL_11,BRAIN_10,ER,0.44006343746508886,0.3941914026030128
TOL_11,BRAIN_10,ER,0.44656646743994166,0.35820248858580855
TOL_11,BRAIN_10,ER,0.43407592443730725,0.33805991172894506
TOL_11,BRAIN_10,ER,0.39694860553009415,0.2963097338767901
TOL_11,BRAIN_10,ER,0.3713905374205418,0.3475900988936791
TOL_11,BRAIN_10,ER,0.39954223088018836,0.2875222545513824
TOL_11,BRAIN_10,ER,0.49287072615019206,0.28941215684598975
TOL_11,BRAIN_10,ER,0.46377897800189266,0.30978994802525034
TOL_11,BRAIN_10,ER,0.4633523448448924,0.27923717564142037
TOL_11,BRAIN_10,ER,0.38595034582797394,0.3770299377264791
TOL_11,BRAIN_10,ER,0.44504621470179884,0.3684280239708574
TOL_11,BRAIN_10,ER,0.4045942999210449,0.32654073109659876
TOL_11,BRAIN_10,ER,0.40770294920539835,0.27166588631420496
TOL_11,BRAIN_10,ER,0.4583750662441777,0.33967883698974194
TOL_11,BRAIN_10,ER,0.40986629420349036,0.3156812667158587
TOL_11,BRAIN_10,ER,0.40462965069454004,0.30167102917445066
TOL_11,BRAIN_10,ER,0.45166774328779324,0.33915507498513536
TOL_11,BRAIN_10,ER,0.4197190786583946,0.37135370155310177
TOL_11,BRAIN_10,ER,0.39722475246063904,0.3038557970336341
TOL_11,BRAIN_10,ER,0.39913917322373943,0.3609945167122085
TOL_11,BRAIN_10,ER,0.354880619762836,0.322828932127315
TOL_11,BRAIN_10,ER,0.39756230671446563,0.20124715031348264
TOL_11,BRAIN_10,ER,0.44836298458175033,0.3021141737440133
TOL_11,BRAIN_10,ER,0.4156784697809356,0.3297216602246586
TOL_11,BRAIN_10,ER,0.4914181570225989,0.3642766544505809
TOL_11,BRAIN_10,ER,0.40228598083567174,0.2660838675808311
TOL_11,BRAIN_10,ER,0.46572053239416455,0.3378858267390128
TOL_11,BRAIN_10,ER,0.38698400234944663,0.3471844210665338
TOL_11,BRAIN_10,ER,0.4005371999106297,0.29074886278097417
TOL_11,BRAIN_10,ER,0.4086057176305885,0.2788227139859427
TOL_11,BRAIN_10,ER,0.40016461482414695,0.3515295925309103
TOL_11,BRAIN_10,ER,0.44711550258520005,0.28203243305001313
TOL_11,BRAIN_10,ER,0.4710824055973433,0.2830574440284152
TOL_11,BRAIN_10,ER,0.3155958801544763,0.28689951802793995
TOL_11,BRAIN_10,ER,0.37612699681293127,0.33196533906794407
TOL_11,BRAIN_10,ER,0.44260076069209914,0.36215909865740514
TOL_11,BRAIN_10,ER,0.5408462055011681,0.3336817474730166
TOL_11,BRAIN_10,ER,0.44267051910104926,0.3438546455841424
TOL_11,BRAIN_10,ER,0.3847230646016773,0.227177544756307
TOL_11,BRAIN_10,ER,0.44034189981556804,0.22924702156785629
TOL_11,BRAIN_10,ER,0.3175661355232498,0.293659732413509
TOL_11,BRAIN_10,ER,0.38654803159117085,0.323473822486678
TOL_11,BRAIN_10,ER,0.47468614060312714,0.3874278733444638
TOL_11,BRAIN_10,ER,0.4214760901567739,0.3000673301281342
TOL_11,BRAIN_10,ER,0.36177721517666067,0.3301977553217189
TOL_11,BRAIN_10,ER,0.4713089931097296,0.45892660710294475
TOL_11,BRAIN_10,ER,0.46032374182031655,0.2783557294213994
TOL_11,BRAIN_10,ER,0.3956832483677591,0.2955162183585668
TOL_11,BRAIN_10,ER,0.47412362592964286,0.4006903847262657
TOL_11,BRAIN_10,ER,0.35046864483371576,0.25784727477597996
TOL_11,BRAIN_10,ER,0.43117651689557296,0.35493005061802696
TOL_11,BRAIN_10,ER,0.4260758413271998,0.34312757892483847
TOL_11,BRAIN_10,ER,0.47860346879328325,0.30712380035803694
TOL_11,BRAIN_10,ER,0.5126961905672609,0.2787417652293446
TOL_11,BRAIN_10,ER,0.407012238245883,0.3614243454680731
TOL_11,BRAIN_10,ER,0.44986897073766896,0.3734471354014356
TOL_11,BRAIN_10,ER,0.4165239404832889,0.3128141771313
TOL_11,BRAIN_10,ER,0.37312129053503595,0.32487235372712664
TOL_11,BRAIN_10,ER,0.40832009563629973,0.32342545599943195
TOL_11,BRAIN_10,ER,0.43494302711770827,0.3081655021612796
TOL_11,BRAIN_10,ER,0.39471537388971273,0.25632861738369217
TOL_11,BRAIN_10,ER,0.34052275035242674,0.32629935795345
TOL_11,BRAIN_10,ER,0.4024334744536926,0.31811395244359436
TOL_11,BRAIN_10,ER,0.4992181781782845,0.32538252021877556
TOL_11,BRAIN_10,ER,0.45208602757491934,0.30706681753632836
TOL_11,BRAIN_10,ER,0.40295820713119423,0.4626702267308448
TOL_11,BRAIN_10,ER,0.5168110794968807,0.3164117208942654
TOL_11,BRAIN_10,ER,0.45582739700619,0.33228289076703776
TOL_11,BRAIN_10,ER,0.36288837535897095,0.3255642844948675
TOL_11,BRAIN_10,ER,0.49001549349258405,0.30655552118253626
TOL_11,BRAIN_10,ER,0.37040931836590185,0.32947456001050235
TOL_11,BRAIN_10,ER,0.32343127162546687,0.2975644020921797
TOL_11,BRAIN_10,ER,0.45787474655510074,0.3611504507842378
TOL_11,BRAIN_10,ER,0.40348893599645846,0.3551168064572429
TOL_11,BRAIN_10,ER,0.3534031825492896,0.32049749729821386
TOL_11,BRAIN_10,ER,0.5770616955159852,0.40695810395936377
TOL_11,BRAIN_10,ER,0.3872601844427808,0.3390235375854992
TOL_11,BRAIN_10,ER,0.38104729684754196,0.2973201642059732
TOL_11,BRAIN_10,ER,0.3254372113506739,0.3901291729838816
TOL_11,BRAIN_10,ER,0.3956967829195323,0.24216108815690945
TOL_11,BRAIN_10,ER,0.42257025885414484,0.31978930740672595
TOL_11,BRAIN_10,ER,0.3537951904834646,0.2903975195628674
TOL_11,BRAIN_10,ER,0.4286911656439614,0.30102776951661037
TOL_11,BRAIN_10,ER,0.3837696003894855,0.4393159367477327
TOL_11,BRAIN_10,ER,0.39105993073354145,0.28643964691278034
TOL_11,BRAIN_10,ER,0.4255597233751746,0.27177716227011833
TOL_11,BRAIN_10,ER,0.4414444417401449,0.3745555958583443
TOL_11,BRAIN_10,ER,0.44523243818142133,0.3692003240063736
TOL_11,BRAIN_10,ER,0.3624839531604738,0.3433213110958444
TOL_11,BRAIN_10,ER,0.48005698885706344,0.3988471455967626
TOL_11,BRAIN_10,ER,0.41502692734495833,0.2597501957051893
TOL_11,BRAIN_10,ER,0.36364603761878883,0.24052078930709903
TOL_11,BRAIN_10,ER,0.3368242163622835,0.3591718430685434
TOL_11,BRAIN_10,ER,0.34493692243865953,0.3609375982238209
TOL_11,BRAIN_10,ER,0.39217928237983224,0.26783173735834015
TOL_11,BRAIN_10,ER,0.5783210812385849,0.31334130586947495
TOL_11,BRAIN_10,ER,0.3648421316441123,0.3646771002209874
TOL_11,BRAIN_10,ER,0.4158481704638464,0.3214002491927539
TOL_11,BRAIN_10,ER,0.45698950856064274,0.3104652733776222
TOL_11,BRAIN_10,ER,0.34328724057346055,0.30965612100817475
TOL_11,BRAIN_10,ER,0.3969484751569533,0.2929939700284322
TOL_11,BRAIN_10,ER,0.3760743405560538,0.34352104916069537
TOL_11,BRAIN_10,ER,0.37122419607704216,0.2887256632479893
TOL_11,BRAIN_10,ER,0.36572077854120105,0.34388663621235305
TOL_11,BRAIN_10,ER,0.3740607500167356,0.3551291819777498
TOL_11,BRAIN_10,ER,0.3248942443334293,0.24083652535604233
TOL_11,BRAIN_10,ER,0.42800160705029566,0.4895777429076583
TOL_11,BRAIN_10,ER,0.42754721865312967,0.2860676895446668
TOL_11,BRAIN_10,ER,0.31870143350252916,0.2845499955237203
TOL_11,BRAIN_10,ER,0.45382291412316433,0.2893568298419589
TOL_11,BRAIN_10,ER,0.39456346026476086,0.42575967498099243
TOL_11,BRAIN_10,ER,0.5043523884979468,0.3349613839222234
TOL_11,BRAIN_10,ER,0.3968585955930688,0.3439810181505558
TOL_11,BRAIN_10,ER,0.33713007206433854,0.3218755032862942
TOL_11,BRAIN_10,ER,0.43721858663800806,0.2882059765507662
TOL_11,BRAIN_10,ER,0.33392320610483184,0.28938740366426374
TOL_11,BRAIN_10,ER,0.3737512779475384,0.3259841926694466
TOL_11,BRAIN_10,ER,0.3916327866143435,0.32910809655036233
TOL_11,BRAIN_10,ER,0.4154198802388485,0.33748403450254033
TOL_11,BRAIN_10,ER,0.37433416452182156,0.31410859743494934
TOL_11,BRAIN_10,ER,0.5284421634747213,0.3697474234076883
TOL_11,BRAIN_10,ER,0.3099453393829543,0.29605967355835944
TOL_11,BRAIN_10,ER,0.5159002336622519,0.3012910710953929
TOL_11,BRAIN_10,ER,0.3724379707082053,0.26989531372104064
TOL_11,BRAIN_10,ER,0.4308192786908789,0.3086640935386379
TOL_11,BRAIN_10,ER,0.42591150054651866,0.3372952921351224
TOL_11,BRAIN_10,ER,0.4263480154955339,0.39313940365774425
TOL_11,BRAIN_10,ER,0.3597292430149147,0.38358521870058243
TOL_11,BRAIN_10,ER,0.4218253577778895,0.28940723609860364
TOL_11,BRAIN_10,ER,0.39410892767368283,0.3877867456127918
TOL_11,BRAIN_10,ER,0.30105606182756284,0.3439213227718962
TOL_11,BRAIN_10,ER,0.4079227615805877,0.32412186105640417
TOL_11,BRAIN_10,ER,0.3365833392027654,0.33425572717309127
TOL_11,BRAIN_10,ER,0.32970127899642165,0.4052116754122028
TOL_11,BRAIN_10,ER,0.4601098764505816,0.3370269565052035
TOL_11,BRAIN_10,ER,0.5654213923300748,0.30413657029472085
TOL_11,BRAIN_10,ER,0.5489268452882476,0.30028985468631714
TOL_11,BRAIN_10,ER,0.45212028272718946,0.40079534582848797
TOL_11,BRAIN_10,ER,0.36526556595241244,0.2624643412138684
TOL_11,BRAIN_10,ER,0.35462363564253807,0.25707882935004245
TOL_11,BRAIN_10,ER,0.4356759529199966,0.33302396287761393
TOL_11,BRAIN_10,ER,0.38342633448500524,0.3793247460442713
TOL_11,BRAIN_10,ER,0.37900031761664105,0.2743445152745956
TOL_11,BRAIN_10,ER,0.4479161958926751,0.4393590236880508
TOL_11,BRAIN_10,ER,0.4070360071258883,0.30175269311547925
TOL_11,BRAIN_10,ER,0.4560338950284402,0.32780490618297486
TOL_11,BRAIN_10,ER,0.587705272897326,0.3074367488673476
TOL_11,BRAIN_10,ER,0.3825358495431918,0.4803360603961344
TOL_11,BRAIN_10,ER,0.3544000158642393,0.31985029647961616
TOL_11,BRAIN_10,ER,0.3042474733243383,0.2695113965132007
TOL_11,BRAIN_10,ER,0.43116994789812835,0.3080956251035314
TOL_11,BRAIN_10,ER,0.500920904916242,0.3469757835121548
TOL_11,BRAIN_10,ER,0.5220255690164041,0.3232251170965446
TOL_11,BRAIN_10,ER,0.3662872047494636,0.3197922537213246
TOL_11,BRAIN_10,ER,0.5109719210827762,0.2733981488416187
TOL_11,BRAIN_10,ER,0.375865394372212,0.31658859369857495
TOL_11,BRAIN_10,ER,0.3657273984266416,0.3009688066719199
TOL_11,BRAIN_10,ER,0.30886533970919733,0.34044707594784585
TOL_11,BRAIN_10,ER,0.39006603443703347,0.31886347932036646
TOL_11,BRAIN_10,ER,0.43248750202554176,0.2874704878415463
TOL_11,BRAIN_10,ER,0.48787657321725425,0.39033675762215075
TOL_11,BRAIN_10,ER,0.41557135296577613,0.3955892285602037
TOL_11,BRAIN_10,ER,0.3870323626514634,0.27680374735303837
TOL_11,BRAIN_10,ER,0.4222269190029221,0.27776762399432015
TOL_11,BRAIN_10,ER,0.44064299478640273,0.3120389141555664
TOL_11,BRAIN_10,ER,0.4133088089423934,0.276256147072768
TOL_11,BRAIN_10,ER,0.44993054338153804,0.2692095883018371
TOL_11,BRAIN_10,ER,0.3656506327759686,0.284635312043917
TOL_11,BRAIN_10,ER,0.37533983358239587,0.4137335947116998
TOL_11,BRAIN_10,ER,0.4493304954621053,0.3952353159045826
TOL_11,BRAIN_10,ER,0.48415935202094845,0.3936871900706581
TOL_11,BRAIN_10,ER,0.34434482961993407,0.408730657364718
TOL_11,BRAIN_10,ER,0.420632414779361,0.31941917302440825
TOL_11,BRAIN_10,ER,0.4119580195183184,0.2657602912943402
TOL_11,BRAIN_10,ER,0.36045013971973633,0.23033718372670614
TOL_11,BRAIN_10,ER,0.38375568013723976,0.2996279691266321
TOL_11,BRAIN_10,ER,0.33117964291178353,0.41023485386326763
TOL_11,BRAIN_10,CFG,0.2864615824348308,0.2828903224301187
TOL_11,BRAIN_10,CFG,0.35008994292255513,0.2643048971884138
TOL_11,BRAIN_10,CFG,0.38932563747675053,0.37466986439925043
TOL_11,BRAIN_10,CFG,0.22135716694997015,0.16978653727063556
TOL_11,BRAIN_10,CFG,0.2808163488686392,0.31273014653871756
TOL_11,BRAIN_10,CFG,0.40526603562904795,0.46677132088466833
TOL_11,BRAIN_10,CFG,0.43530249867624854,0.3375684673453051
TOL_11,BRAIN_10,CFG,0.34673236989503664,0.3542036184084227
TOL_11,BRAIN_10,CFG,0.37271310461968893,0.40146543493612696
TOL_11,BRAIN_10,CFG,0.3570441341395969,0.46292185905276073
TOL_11,BRAIN_10,CFG,0.261000940233169,0.21113111472532398
TOL_11,BRAIN_10,CFG,0.2958837376402178,0.25956430451740703
TOL_11,BRAIN_10,CFG,0.3019442241968393,0.35776064239314664
TOL_11,BRAIN_10,CFG,0.3913679782637957,0.5024618545817404
TOL_11,BRAIN_10,CFG,0.3852821679198158,0.37205378508414555
TOL_11,BRAIN_10,CFG,0.2905385948873769,0.28550766342646994
TOL_11,BRAIN_10,CFG,0.2522304175403669,0.3036060711052475
TOL_11,BRAIN_10,CFG,0.36677311394490036,0.3405825623092619
TOL_11,BRAIN_10,CFG,0.3127515172165192,0.4498583152895279
TOL_11,BRAIN_10,CFG,0.22532951695026865,0.27303022338158567
TOL_11,BRAIN_10,CFG,0.30435202792276933,0.27780906542482564
TOL_11,BRAIN_10,CFG,0.29973889714155494,0.3837065828898293
TOL_11,BRAIN_10,CFG,0.2903698275042049,0.23744206428154557
TOL_11,BRAIN_10,CFG,0.3314149431750431,0.30919139079157043
TOL_11,BRAIN_10,CFG,0.27259484141727697,0.22909459748239214
TOL_11,BRAIN_10,CFG,0.20439436432253694,0.21842065387891235
TOL_11,BRAIN_10,CFG,0.4689425010337222,0.3889012184804396
TOL_11,BRAIN_10,CFG,0.42005265863878316,0.3473859575078009
TOL_11,BRAIN_10,CFG,0.3621484444792601,0.29702070045028417
TOL_11,BRAIN_10,CFG,0.25439202869292565,0.3107204230137155
TOL_11,BRAIN_10,CFG,0.39636811069328265,0.3864304405034486
TOL_11,BRAIN_10,CFG,0.29199864394280167,0.31761312558551347
TOL_11,BRAIN_10,CFG,0.3097297334658553,0.2599129680194687
TOL_11,BRAIN_10,CFG,0.3284360289538683,0.3324090718393845
TOL_11,BRAIN_10,CFG,0.3046924375100518,0.3842841286627878
TOL_11,BRAIN_10,CFG,0.43049258724199546,0.4196598781278472
TOL_11,BRAIN_10,CFG,0.39843866793379173,0.3177457227209699
TOL_11,BRAIN_10,CFG,0.24371320055999732,0.3334712151797594
TOL_11,BRAIN_10,CFG,0.3276001007378411,0.25884301232271495
TOL_11,BRAIN_10,CFG,0.3407688556347463,0.30975173139771794
TOL_11,BRAIN_10,CFG,0.3246675942408023,0.28926630094794314
TOL_11,BRAIN_10,CFG,0.3368766387893145,0.33824005409055136
TOL_11,BRAIN_10,CFG,0.21661525671104903,0.24304092789149417
TOL_11,BRAIN_10,CFG,0.3330114083055882,0.5177308163671767
TOL_11,BRAIN_10,CFG,0.28985779338902895,0.17747173784950954
TOL_11,BRAIN_10,CFG,0.2423595360484646,0.2511956938307536
TOL_11,BRAIN_10,CFG,0.28767625813504893,0.2068397756220837
TOL_11,BRAIN_10,CFG,0.3605368964169054,0.5135461894206526
TOL_11,BRAIN_10,CFG,0.43333201825330925,0.4511290109158311
TOL_11,BRAIN_10,CFG,0.3841193805051219,0.3758897465410222
TOL_11,BRAIN_10,CFG,0.44466531073584054,0.5742697298067124
TOL_11,BRAIN_10,CFG,0.3410489583745833,0.31463917228445887
TOL_11,BRAIN_10,CFG,0.25206463226843134,0.26355914291806565
TOL_11,BRAIN_10,CFG,0.31772510170087664,0.3586826633138449
TOL_11,BRAIN_10,CFG,0.4554828166255316,0.4634065984589516
TOL_11,BRAIN_10,CFG,0.3967811875289949,0.30261753513515266
TOL_11,BRAIN_10,CFG,0.3105385926152956,0.44345461956926197
TOL_11,BRAIN_10,CFG,0.3272750805227783,0.3153000513520044
TOL_11,BRAIN_10,CFG,0.40108333708237565,0.3615334026778042
TOL_11,BRAIN_10,CFG,0.2573712220977155,0.4101133225012341
TOL_11,BRAIN_10,CFG,0.23440000845048428,0.42233395230231596
TOL_11,BRAIN_10,CFG,0.35765249039209496,0.354055406021086
TOL_11,BRAIN_10,CFG,0.42408138898818554,0.23601489626130068
TOL_11,BRAIN_10,CFG,0.34311365845581204,0.38880278133587626
TOL_11,BRAIN_10,CFG,0.3480371615740271,0.2737199167366904
TOL_11,BRAIN_10,CFG,0.38237212906473145,0.31370830022614804
TOL_11,BRAIN_10,CFG,0.28969863591193423,0.35040968815750395
TOL_11,BRAIN_10,CFG,0.31601356678449993,0.35445691755318626
TOL_11,BRAIN_10,CFG,0.22587763982194453,0.29984458288683036
TOL_11,BRAIN_10,CFG,0.3436181841957192,0.3533513910654879
TOL_11,BRAIN_10,CFG,0.3318417001294521,0.457901593236632
TOL_11,BRAIN_10,CFG,0.3754507170811775,0.3725068554400553
TOL_11,BRAIN_10,CFG,0.24922526355091407,0.2824358714990179
TOL_11,BRAIN_10,CFG,0.4317781022319359,0.5097815120214407
TOL_11,BRAIN_10,CFG,0.30509819325580767,0.32851221750550175
TOL_11,BRAIN_10,CFG,0.4259653551377124,0.4160887290363201
TOL_11,BRAIN_10,CFG,0.2752636204107447,0.251615644269387
TOL_11,BRAIN_10,CFG,0.18691340442922688,0.3805994837778276
TOL_11,BRAIN_10,CFG,0.3460110683974942,0.2261173487640321
TOL_11,BRAIN_10,CFG,0.3223584512590905,0.34801543003498925
TOL_11,BRAIN_10,CFG,0.31023903995178037,0.32756307394127954
TOL_11,BRAIN_10,CFG,0.23778951382798558,0.20998525902279863
TOL_11,BRAIN_10,CFG,0.39043726121762345,0.42558834990270467
TOL_11,BRAIN_10,CFG,0.3306627926351915,0.27370628683965803
TOL_11,BRAIN_10,CFG,0.2563571777619587,0.33406470988792425
TOL_11,BRAIN_10,CFG,0.36423889764907513,0.36301141942762194
TOL_11,BRAIN_10,CFG,0.3194872400220626,0.3213205297388875
TOL_11,BRAIN_10,CFG,0.32387154834548254,0.4971556702641477
TOL_11,BRAIN_10,CFG,0.2867455703486912,0.3241373132223401
TOL_11,BRAIN_10,CFG,0.2965349865223362,0.48828609342816176
TOL_11,BRAIN_10,CFG,0.232135632528714,0.3534028874981464
TOL_11,BRAIN_10,CFG,0.31148677572694794,0.332259744689234
TOL_11,BRAIN_10,CFG,0.3190627461223211,0.37699461580923843
TOL_11,BRAIN_10,CFG,0.3236859394960271,0.445727417036788
TOL_11,BRAIN_10,CFG,0.34204130202564903,0.30087939292549426
TOL_11,BRAIN_10,CFG,0.2230653583277766,0.333416000458591
TOL_11,BRAIN_10,CFG,0.23444603203652714,0.23206202002588397
TOL_11,BRAIN_10,CFG,0.27830281306677346,0.3824516585605394
TOL_11,BRAIN_10,CFG,0.24697222611314948,0.3057138658259658
TOL_11,BRAIN_10,CFG,0.30719735765831846,0.3053595197992349
TOL_11,BRAIN_10,CFG,0.3408730135626446,0.437910139443838
TOL_11,BRAIN_10,CFG,0.36801996434926876,0.43019392321671013
TOL_11,BRAIN_10,CFG,0.2860758681826833,0.37077981665352705
TOL_11,BRAIN_10,CFG,0.47333252376859714,0.46043453389924305
TOL_11,BRAIN_10,CFG,0.34287757315253353,0.31633389904021497
TOL_11,BRAIN_10,CFG,0.4383402944751134,0.3476663007108755
TOL_11,BRAIN_10,CFG,0.32095249254508346,0.36853911261420613
TOL_11,BRAIN_10,CFG,0.40627777906466833,0.2701193843950719
TOL_11,BRAIN_10,CFG,0.3197150172637644,0.3329092800782766
TOL_11,BRAIN_10,CFG,0.37135095621944997,0.3558389292947816
TOL_11,BRAIN_10,CFG,0.31266297390268233,0.2997351385280686
TOL_11,BRAIN_10,CFG,0.3770969737184614,0.34026371104332753
TOL_11,BRAIN_10,CFG,0.13316324788496353,0.20807289709626214
TOL_11,BRAIN_10,CFG,0.3433963544850576,0.3626393121556857
TOL_11,BRAIN_10,CFG,0.35704484568342765,0.47358011361722624
TOL_11,BRAIN_10,CFG,0.3493170233754676,0.3376822483519253
TOL_11,BRAIN_10,CFG,0.2663290939561944,0.2510583340382745
TOL_11,BRAIN_10,CFG,0.2611598922192615,0.24108080446365937
TOL_11,BRAIN_10,CFG,0.33019208312425163,0.3414740308288342
TOL_11,BRAIN_10,CFG,0.41160381947130453,0.31834224843322345
TOL_11,BRAIN_10,CFG,0.30353922252758714,0.32092410563041474
TOL_11,BRAIN_10,CFG,0.29033121646705806,0.2724718994842843
TOL_11,BRAIN_10,CFG,0.3044472076196056,0.41082050716267837
TOL_11,BRAIN_10,CFG,0.3451158574678828,0.3938093794630605
TOL_11,BRAIN_10,CFG,0.3125497704560722,0.29705913056404276
TOL_11,BRAIN_10,CFG,0.35128031724871345,0.2854402371758068
TOL_11,BRAIN_10,CFG,0.36066575229839865,0.33040633073450676
TOL_11,BRAIN_10,CFG,0.4227596531677605,0.38837369079999284
TOL_11,BRAIN_10,CFG,0.21259861720274836,0.3509663260987308
TOL_11,BRAIN_10,CFG,0.26778334682088284,0.2629506585077931
TOL_11,BRAIN_10,CFG,0.29206853091843393,0.1957580818617473
TOL_11,BRAIN_10,CFG,0.3579965525636227,0.3459122452692135
TOL_11,BRAIN_10,CFG,0.2515441191328796,0.4714664368774509
TOL_11,BRAIN_10,CFG,0.3429266967832036,0.3327790361637758
TOL_11,BRAIN_10,CFG,0.3108476273881328,0.2910464830531922
TOL_11,BRAIN_10,CFG,0.3367055962812624,0.46334761184611895
TOL_11,BRAIN_10,CFG,0.29063618491538107,0.24223114448794203
TOL_11,BRAIN_10,CFG,0.2774987718258245,0.21337115944726687
TOL_11,BRAIN_10,CFG,0.3459664450779954,0.4465815940837794
TOL_11,BRAIN_10,CFG,0.5366122889882378,0.3807393254931319
TOL_11,BRAIN_10,CFG,0.2764695633349701,0.27886278725051045
TOL_11,BRAIN_10,CFG,0.26455227048205754,0.2358114660317572
TOL_11,BRAIN_10,CFG,0.3317174671096727,0.41052620949349783
TOL_11,BRAIN_10,CFG,0.4371552202890484,0.3282652778328754
TOL_11,BRAIN_10,CFG,0.3707630546389614,0.33845652270733895
TOL_11,BRAIN_10,CFG,0.42582799522114406,0.33558096813295274
TOL_11,BRAIN_10,CFG,0.3551036741922653,0.3262807076593705
TOL_11,BRAIN_10,CFG,0.33004566743241126,0.41040355267370454
TOL_11,BRAIN_10,CFG,0.3431674754095424,0.31655219135618484
TOL_11,BRAIN_10,CFG,0.3043741596228647,0.26738473727120105
TOL_11,BRAIN_10,CFG,0.36682911144985747,0.3398353831691132
TOL_11,BRAIN_10,CFG,0.21319775109786807,0.24364480282951573
TOL_11,BRAIN_10,CFG,0.23892741211929439,0.21179376189340965
TOL_11,BRAIN_10,CFG,0.352708364455591,0.3792134738264116
TOL_11,BRAIN_10,CFG,0.33181222423068324,0.22912955457930512
TOL_11,BRAIN_10,CFG,0.2876855322662128,0.3013096998905517
TOL_11,BRAIN_10,CFG,0.18468931951501907,0.2773276856167957
TOL_11,BRAIN_10,CFG,0.2785324914891382,0.3726545262502472
TOL_11,BRAIN_10,CFG,0.37661187739102203,0.3191563562221842
TOL_11,BRAIN_10,CFG,0.31353694873660415,0.21672247415272974
TOL_11,BRAIN_10,CFG,0.2959335921625301,0.32678674584862644
TOL_11,BRAIN_10,CFG,0.482973315263741,0.3743729691908797
TOL_11,BRAIN_10,CFG,0.313374316787389,0.21639680392847663
TOL_11,BRAIN_10,CFG,0.3453312939093725,0.33824652686643886
TOL_11,BRAIN_10,CFG,0.27912003189748774,0.30693289282023317
TOL_11,BRAIN_10,CFG,0.31420853262507065,0.2967149156732005
TOL_11,BRAIN_10,CFG,0.29498773063006395,0.4815509918888294
TOL_11,BRAIN_10,CFG,0.43740043932767864,0.5229900736254371
TOL_11,BRAIN_10,CFG,0.1909810419527412,0.1359679243497555
TOL_11,BRAIN_10,CFG,0.29129104803832273,0.2811330808428375
TOL_11,BRAIN_10,CFG,0.40743988584911617,0.28983215701650383
TOL_11,BRAIN_10,CFG,0.3136029978178181,0.28430943050360946
TOL_11,BRAIN_10,CFG,0.35823833209009504,0.3746086479050501
TOL_11,BRAIN_10,CFG,0.22188503489465333,0.21555872920155852
TOL_11,BRAIN_10,CFG,0.2675688615109127,0.24026516103664697
TOL_11,BRAIN_10,CFG,0.4126460117587345,0.3791838213180048
TOL_11,BRAIN_10,CFG,0.2924799778407325,0.3985893458278348
TOL_11,BRAIN_10,CFG,0.3615503909011026,0.3528590795729737
TOL_11,BRAIN_10,CFG,0.31859832100273217,0.34603286504019715
TOL_11,BRAIN_10,CFG,0.20469085470219037,0.2581421727431834
TOL_11,BRAIN_10,CFG,0.3812708309736362,0.3380809678937894
TOL_11,BRAIN_10,CFG,0.392341866446444,0.44059255260615826
TOL_11,BRAIN_10,CFG,0.484940576278256,0.35695280661761986
TOL_11,BRAIN_10,CFG,0.21775589946983473,0.2284812454722091
TOL_11,BRAIN_10,CFG,0.37568639968228773,0.40635746465274236
TOL_11,BRAIN_10,CFG,0.36908570781526506,0.30901221698164205
TOL_11,BRAIN_10,CFG,0.3614277091833531,0.35055676780199796
TOL_11,BRAIN_10,CFG,0.2251664679989026,0.5276534375644661
TOL_11,BRAIN_10,CFG,0.4257229496310675,0.30900493258890627
TOL_11,BRAIN_10,CFG,0.32222521235275076,0.25939722864465165
TOL_11,BRAIN_10,CFG,0.24296871807737155,0.33779092523031923
TOL_11,BRAIN_10,CFG,0.28823192896774186,0.25801987307402213
TOL_11,BRAIN_10,CFG,0.3992099494856461,0.4461413005199424
TOL_11,BRAIN_10,CFG,0.2806315108773987,0.33178120793167015
TOL_11,BRAIN_10,CFG,0.21467651117566988,0.17072194343088087
TOL_11,BRAIN_10,CFG,0.3259529031168756,0.2561934048675565
TOL_11,BRAIN_10,CFG,0.3221971414090969,0.3242090169934041
TOL_11,BRAIN_10,CFG,0.3176217929880085,0.31582734860493683
TOL_11,BRAIN_10,WS,0.4286126404969642,0.4373463306674371
TOL_11,BRAIN_10,WS,0.37132690537150287,0.5508663655381952
TOL_11,BRAIN_10,WS,0.41722391134340664,0.43457297873298895
TOL_11,BRAIN_10,WS,0.5206920060907905,0.47420861393082814
TOL_11,BRAIN_10,WS,0.4575520232817378,0.46809770615144286
TOL_11,BRAIN_10,WS,0.43696452234243277,0.43130572720362276
TOL_11,BRAIN_10,WS,0.41866762612264063,0.4338558343359403
TOL_11,BRAIN_10,WS,0.4330811779521313,0.4771160397598033
TOL_11,BRAIN_10,WS,0.5707932699792647,0.49025119825215957
TOL_11,BRAIN_10,WS,0.4960964886340408,0.4558922668796884
TOL_11,BRAIN_10,WS,0.47996400767667097,0.48916494982637193
TOL_11,BRAIN_10,WS,0.419144645857519,0.5670867800367712
TOL_11,BRAIN_10,WS,0.4048427406752798,0.536396406709658
TOL_11,BRAIN_10,WS,0.37773504641720707,0.5162274546612995
TOL_11,BRAIN_10,WS,0.3484956772818892,0.5668833796238456
TOL_11,BRAIN_10,WS,0.38297547645572566,0.5276509285517885
TOL_11,BRAIN_10,WS,0.44993440059748496,0.4104125874052761
TOL_11,BRAIN_10,WS,0.4111388102347087,0.4784114303218333
TOL_11,BRAIN_10,WS,0.3463202958356563,0.4362787691462342
TOL_11,BRAIN_10,WS,0.4050697783257739,0.35086831895757575
TOL_11,BRAIN_10,WS,0.5500398825168605,0.5104105365739203
TOL_11,BRAIN_10,WS,0.45552699764854604,0.4093946017869098
TOL_11,BRAIN_10,WS,0.34678158172923546,0.47111092892549083
TOL_11,BRAIN_10,WS,0.3489409630141874,0.55555735269729
TOL_11,BRAIN_10,WS,0.5069423419617379,0.47616640229856527
TOL_11,BRAIN_10,WS,0.3721763706898772,0.5142735371195497
TOL_11,BRAIN_10,WS,0.4246130968857935,0.495233723468157
TOL_11,BRAIN_10,WS,0.4764745984230658,0.4120229354866309
TOL_11,BRAIN_10,WS,0.477603654303346,0.5013476807191277
TOL_11,BRAIN_10,WS,0.42784428953893006,0.4543010350273553
TOL_11,BRAIN_10,WS,0.39709416023360555,0.47136479559504674
TOL_11,BRAIN_10,WS,0.4258465684510231,0.4668690349247774
TOL_11,BRAIN_10,WS,0.40718622520789105,0.6227806063118001
TOL_11,BRAIN_10,WS,0.39415787134292835,0.44652955824775
TOL_11,BRAIN_10,WS,0.495513350445478,0.5655484347339383
TOL_11,BRAIN_10,WS,0.4124057732262272,0.48841078970330887
TOL_11,BRAIN_10,WS,0.42702144849038,0.5105770888645288
TOL_11,BRAIN_10,WS,0.4191224621175928,0.42866657468208846
TOL_11,BRAIN_10,WS,0.4316217822142793,0.4612432149288599
TOL_11,BRAIN_10,WS,0.33769393600481135,0.4165574790859283
TOL_11,BRAIN_10,WS,0.40035996220928544,0.48023519229339195
TOL_11,BRAIN_10,WS,0.3865194958465015,0.6226371990566264
TOL_11,BRAIN_10,WS,0.4124352566043607,0.5422047818781532
TOL_11,BRAIN_10,WS,0.39633699920577,0.5894393425987483
TOL_11,BRAIN_10,WS,0.3570577154528562,0.5424741299969564
TOL_11,BRAIN_10,WS,0.3709137876198747,0.5627568846361312
TOL_11,BRAIN_10,WS,0.4099015309656509,0.5656033263686471
TOL_11,BRAIN_10,WS,0.44585728350249326,0.46157520863950063
TOL_11,BRAIN_10,WS,0.433873938752138,0.39989870138270306
TOL_11,BRAIN_10,WS,0.4100608083460246,0.4502391256774747
TOL_11,BRAIN_10,WS,0.36905573129098984,0.5554178707817294
TOL_11,BRAIN_10,WS,0.4734089448760986,0.42676019274109184
TOL_11,BRAIN_10,WS,0.41307542026247174,0.5642766536274568
TOL_11,BRAIN_10,WS,0.35515877589506434,0.5833736420339526
TOL_11,BRAIN_10,WS,0.4772100599885468,0.5035062706396748
TOL_11,BRAIN_10,WS,0.4287034521400494,0.549465742245876
TOL_11,BRAIN_10,WS,0.3926928898995073,0.36419095552000946
TOL_11,BRAIN_10,WS,0.5054409237844035,0.42821487983859474
TOL_11,BRAIN_10,WS,0.39729825347716957,0.5071241706175957
TOL_11,BRAIN_10,WS,0.38757915028506973,0.5918217982136567
TOL_11,BRAIN_10,WS,0.41903256840380326,0.44873190652368133
TOL_11,BRAIN_10,WS,0.3783841439242851,0.5298050826351413
TOL_11,BRAIN_10,WS,0.4257332273030231,0.4532819663980268
TOL_11,BRAIN_10,WS,0.489893704443761,0.4650075810765138
TOL_11,BRAIN_10,WS,0.37598800661488196,0.48511830566128844
TOL_11,BRAIN_10,WS,0.34276877205454415,0.5860669346951602
TOL_11,BRAIN_10,WS,0.46364344481911335,0.489555002857568
TOL_11,BRAIN_10,WS,0.3513091139450427,0.5036937358973881
TOL_11,BRAIN_10,WS,0.500628065124343,0.4375351109753168
TOL_11,BRAIN_10,WS,0.35035596762018817,0.4692772927992376
TOL_11,BRAIN_10,WS,0.4083307680254332,0.45559875629892854
TOL_11,BRAIN_10,WS,0.45556318561940484,0.4322633889051479
TOL_11,BRAIN_10,WS,0.3803253554922192,0.43145259272083253
TOL_11,BRAIN_10,WS,0.48548170178343025,0.4554751614194662
TOL_11,BRAIN_10,WS,0.40361967327603404,0.6375812059196828
TOL_11,BRAIN_10,WS,0.4420637824857786,0.410725069071647
TOL_11,BRAIN_10,WS,0.3874620419516526,0.35813772153505224
TOL_11,BRAIN_10,WS,0.3831911110329481,0.4512637858564251
TOL_11,BRAIN_10,WS,0.42036593334490047,0.4071893295250828
TOL_11,BRAIN_10,WS,0.42477131538817414,0.3219982127217607
TOL_11,BRAIN_10,WS,0.39327647445550434,0.4983054499461075
TOL_11,BRAIN_10,WS,0.5746286517034113,0.376673137477068
TOL_11,BRAIN_10,WS,0.45377958055776896,0.49075545602421833
TOL_11,BRAIN_10,WS,0.40111687036148985,0.40270233883115225
TOL_11,BRAIN_10,WS,0.495692050872793,0.4275760588512253
TOL_11,BRAIN_10,WS,0.48112051871540557,0.5239786676948563
TOL_11,BRAIN_10,WS,0.4731005257229777,0.5819045177289862
TOL_11,BRAIN_10,WS,0.36074324717887596,0.47673390847155617
TOL_11,BRAIN_10,WS,0.4765933794262325,0.43497445486012676
TOL_11,BRAIN_10,WS,0.3640172607166381,0.5612832266710023
TOL_11,BRAIN_10,WS,0.4549746232760657,0.4915022788609682
TOL_11,BRAIN_10,WS,0.36575930881654,0.5345059768526288
TOL_11,BRAIN_10,WS,0.4903193815805551,0.35767911560265886
TOL_11,BRAIN_10,WS,0.5551140741572955,0.4341898833269894
TOL_11,BRAIN_10,WS,0.4527269527376349,0.41600696045720387
TOL_11,BRAIN_10,WS,0.47703833022622916,0.49919458321890436
TOL_11,BRAIN_10,WS,0.41304870020783224,0.4355916818435607
TOL_11,BRAIN_10,WS,0.46459805880829214,0.4494719000312208
TOL_11,BRAIN_10,WS,0.37476167443660025,0.4091029738525709
TOL_11,BRAIN_10,WS,0.476228183336951,0.4291068778799404
TOL_11,BRAIN_10,WS,0.5171819660001771,0.385815407361433
TOL_11,BRAIN_10,WS,0.3860791913079202,0.523529682286902
TOL_11,BRAIN_10,WS,0.38490706220757176,0.5710223875525134
TOL_11,BRAIN_10,WS,0.5235835541807179,0.48616429942594686
TOL_11,BRAIN_10,WS,0.44901231852269513,0.4812600440397231
TOL_11,BRAIN_10,WS,0.4368744422902436,0.4384623052461667
TOL_11,BRAIN_10,WS,0.3738106539470153,0.4464511773400409
TOL_11,BRAIN_10,WS,0.3675360086882059,0.5381055237005581
TOL_11,BRAIN_10,WS,0.341263860677359,0.49079952353042106
TOL_11,BRAIN_10,WS,0.3495573468710026,0.6036765301232639
TOL_11,BRAIN_10,WS,0.43506680929270436,0.39496054142588866
TOL_11,BRAIN_10,WS,0.40714482687100256,0.4932676687657752
TOL_11,BRAIN_10,WS,0.4029620018626502,0.4383470995361384
TOL_11,BRAIN_10,WS,0.47720573387099524,0.41885997404663877
TOL_11,BRAIN_10,WS,0.3726543654601575,0.4524611584514443
TOL_11,BRAIN_10,WS,0.38146723137238064,0.5594755580506275
TOL_11,BRAIN_10,WS,0.5213218217720562,0.5406947819591326
TOL_11,BRAIN_10,WS,0.39649516893143355,0.44498937278070494
TOL_11,BRAIN_10,WS,0.5315324548127037,0.44924332353798213
TOL_11,BRAIN_10,WS,0.4897804230657726,0.5427410507605235
TOL_11,BRAIN_10,WS,0.37707990499359706,0.5342746547833535
TOL_11,BRAIN_10,WS,0.3714675616095684,0.5815486595699062
TOL_11,BRAIN_10,WS,0.4396700660370052,0.4384476080557931
TOL_11,BRAIN_10,WS,0.486196631911164,0.49358993318924815
TOL_11,BRAIN_10,WS,0.5289456595524633,0.4301371405879445
TOL_11,BRAIN_10,WS,0.45617791380831707,0.6057605742097671
TOL_11,BRAIN_10,WS,0.5143423728534032,0.49240434059249827
TOL_11,BRAIN_10,WS,0.376066270260115,0.4553055007673055
TOL_11,BRAIN_10,WS,0.3925013692807445,0.5192966254741433
TOL_11,BRAIN_10,WS,0.42444995291055315,0.4516422912578526
TOL_11,BRAIN_10,WS,0.3555396982635867,0.4614795029257893
TOL_11,BRAIN_10,WS,0.4779698905481706,0.42941600055713613
TOL_11,BRAIN_10,WS,0.48353240951040605,0.4345965487535669
TOL_11,BRAIN_10,WS,0.3981034600919408,0.5640000667685352
TOL_11,BRAIN_10,WS,0.40873217851560806,0.48520341393937905
TOL_11,BRAIN_10,WS,0.49637372811340685,0.5828447915549431
TOL_11,BRAIN_10,WS,0.35562391358713924,0.63805736029807
TOL_11,BRAIN_10,WS,0.5461813866195414,0.5978638091080846
TOL_11,BRAIN_10,WS,0.39217865560512,0.4404236403650773
TOL_11,BRAIN_10,WS,0.3552453487423521,0.39468088588845307
TOL_11,BRAIN_10,WS,0.5384113074789569,0.422424957781556
TOL_11,BRAIN_10,WS,0.3811185339124233,0.5081884616770916
TOL_11,BRAIN_10,WS,0.35319245827180257,0.4116969229396359
TOL_11,BRAIN_10,WS,0.5088130159181277,0.4886075704181372
TOL_11,BRAIN_10,WS,0.440248228997869,0.5442718933466537
TOL_11,BRAIN_10,WS,0.48082753327444633,0.5809128236388026
TOL_11,BRAIN_10,WS,0.42797704541940546,0.3908350587381787
TOL_11,BRAIN_10,WS,0.4949308590836502,0.45889475971798144
TOL_11,BRAIN_10,WS,0.39468663578779595,0.574060798087239
TOL_11,BRAIN_10,WS,0.47311826232852316,0.3916101217609559
TOL_11,BRAIN_10,WS,0.4784559620980921,0.5457849724189698
TOL_11,BRAIN_10,WS,0.4338185890663632,0.37889331040888785
TOL_11,BRAIN_10,WS,0.36868757495966614,0.5203004075942981
TOL_11,BRAIN_10,WS,0.5054253445107202,0.61391721502085
TOL_11,BRAIN_10,WS,0.49107063820184116,0.5594481482712498
TOL_11,BRAIN_10,WS,0.4142368696379975,0.609927054434573
TOL_11,BRAIN_10,WS,0.34654395648125286,0.5682952223574451
TOL_11,BRAIN_10,WS,0.4036609435776602,0.469070404400318
TOL_11,BRAIN_10,WS,0.34206379661621134,0.5205180309151435
TOL_11,BRAIN_10,WS,0.3457671722423806,0.5970947413119482
TOL_11,BRAIN_10,WS,0.358097662898688,0.40004317202593287
TOL_11,BRAIN_10,WS,0.5465618530335473,0.47593173467452254
TOL_11,BRAIN_10,WS,0.41333640531919336,0.49613884421467414
TOL_11,BRAIN_10,WS,0.3998078498543628,0.42679218485695236
TOL_11,BRAIN_10,WS,0.6091208386208897,0.5934272387711446
TOL_11,BRAIN_10,WS,0.44403577800395605,0.4391579261377647
TOL_11,BRAIN_10,WS,0.4186786483509504,0.4282482972090322
TOL_11,BRAIN_10,WS,0.4626909630487454,0.46863205301797894
TOL_11,BRAIN_10,WS,0.3550408973944,0.44873190652368133
TOL_11,BRAIN_10,WS,0.43795746199450636,0.5795403930993921
TOL_11,BRAIN_10,WS,0.42574178690648656,0.4934862646124869
TOL_11,BRAIN_10,WS,0.3619515421470517,0.5216951308107076
TOL_11,BRAIN_10,WS,0.4238354943156891,0.5642082090483972
TOL_11,BRAIN_10,WS,0.375441614304207,0.5175521497820348
TOL_11,BRAIN_10,WS,0.3783138674128637,0.4659075571710484
TOL_11,BRAIN_10,WS,0.4033867120250988,0.4543351468156188
TOL_11,BRAIN_10,WS,0.35037067902337754,0.5330170684706215
TOL_11,BRAIN_10,WS,0.39236159940778825,0.5610202132969726
TOL_11,BRAIN_10,WS,0.381332282534786,0.4714420076169453
TOL_11,BRAIN_10,WS,0.47941867903827934,0.4821253681504044
TOL_11,BRAIN_10,WS,0.48095380040288854,0.47705438697543645
TOL_11,BRAIN_10,WS,0.4491479712465399,0.48705307730741343
TOL_11,BRAIN_10,WS,0.3983994034565711,0.5872738869908152
TOL_11,BRAIN_10,WS,0.4928663739143063,0.5538897082955689
TOL_11,BRAIN_10,WS,0.35499658252360883,0.35170975163102525
TOL_11,BRAIN_10,WS,0.4070510734504129,0.39297751892636246
TOL_11,BRAIN_10,WS,0.5639347984822158,0.5036678145026137
TOL_11,BRAIN_10,WS,0.4423798443560653,0.402282979045563
TOL_11,BRAIN_10,WS,0.3984982151852653,0.46517324823243833
TOL_11,BRAIN_10,WS,0.4897475184349055,0.46419095005006916
TOL_11,BRAIN_10,WS,0.4489594900496035,0.5531896806500622
TOL_11,BRAIN_10,WS,0.35856986201998126,0.35216526985546737
TOL_11,BRAIN_10,WS,0.3719267153598437,0.36243758414703775
TOL_11,BRAIN_10,WS,0.4175983739166926,0.4789002433863266
TOL_11,BRAIN_10,WS,0.5666712269354164,0.46070114468691636
TOL_11,BRAIN_10,WS,0.3577785553858281,0.5191712122243223
TOL_11,BRAIN_10,WS,0.3367018391112851,0.48317673517581655
TOL_11,BRAIN_10,WS,0.3790439795971994,0.5512721431303937
TOL_11,BRAIN_10,WS,0.34622482334760385,0.5297637114683711
TOL_11,BRAIN_10,WS,0.4270081340678767,0.4544517274095723
TOL_11,BRAIN_10,BA,0.2819405319848316,0.35849011948432397
TOL_11,BRAIN_10,BA,0.238808291130024,0.3588961377617849
TOL_11,BRAIN_10,BA,0.4037331538905929,0.2864858861701023
TOL_11,BRAIN_10,BA,0.21226917941495152,0.3973065684168603
TOL_11,BRAIN_10,BA,0.31123871245150053,0.41728773467648106
TOL_11,BRAIN_10,BA,0.38376701923380846,0.31757712395013693
TOL_11,BRAIN_10,BA,0.3403650457371043,0.3368049131168786
TOL_11,BRAIN_10,BA,0.26567632426508364,0.2899447373796133
TOL_11,BRAIN_10,BA,0.2686871223628218,0.47348541073783246
TOL_11,BRAIN_10,BA,0.284053378950211,0.317253951344574
TOL_11,BRAIN_10,BA,0.2656316614967199,0.36248098286243124
TOL_11,BRAIN_10,BA,0.2920045253029584,0.3224566741217735
TOL_11,BRAIN_10,BA,0.347140214842352,0.32531988472674167
TOL_11,BRAIN_10,BA,0.28753994939872746,0.28539173172791155
TOL_11,BRAIN_10,BA,0.25413784039299336,0.2636390745651022
TOL_11,BRAIN_10,BA,0.25454246705888267,0.30023131311260165
TOL_11,BRAIN_10,BA,0.24197771784010258,0.35707371890033757
TOL_11,BRAIN_10,BA,0.21774716758450086,0.335725957092076
TOL_11,BRAIN_10,BA,0.27587003202000315,0.37869328368617616
TOL_11,BRAIN_10,BA,0.2444260393093391,0.4267426792248764
TOL_11,BRAIN_10,BA,0.4421245144923322,0.34437644090035485
TOL_11,BRAIN_10,BA,0.29403066707023096,0.2766814624964573
TOL_11,BRAIN_10,BA,0.3464640544765538,0.38344145092384996
TOL_11,BRAIN_10,BA,0.3047328742365268,0.3439292645540649
TOL_11,BRAIN_10,BA,0.3741864648338086,0.3464250680148935
TOL_11,BRAIN_10,BA,0.5252142663194865,0.36596345627556714
TOL_11,BRAIN_10,BA,0.3174763115673941,0.3658523416504045
TOL_11,BRAIN_10,BA,0.3104982557657866,0.31323808596686614
TOL_11,BRAIN_10,BA,0.2626405480195085,0.35608783993109816
TOL_11,BRAIN_10,BA,0.25203931587354433,0.33642172471093945
TOL_11,BRAIN_10,BA,0.24430343879834443,0.35187207902121015
TOL_11,BRAIN_10,BA,0.2717009371040423,0.32578444747123236
TOL_11,BRAIN_10,BA,0.32762846907856225,0.48766891079338387
TOL_11,BRAIN_10,BA,0.35679259159249394,0.44968582373885246
TOL_11,BRAIN_10,BA,0.26986672187920446,0.33433205210196293
TOL_11,BRAIN_10,BA,0.2949981245842727,0.41058640618143116
TOL_11,BRAIN_10,BA,0.44870652470336025,0.4751905076185963
TOL_11,BRAIN_10,BA,0.2660206234597481,0.38115398014626906
TOL_11,BRAIN_10,BA,0.27480655214508387,0.3010719754123694
TOL_11,BRAIN_10,BA,0.36251795353904437,0.3874266385790088
TOL_11,BRAIN_10,BA,0.2543433628434707,0.4183007393911865
TOL_11,BRAIN_10,BA,0.2365244929682026,0.38513872389822124
TOL_11,BRAIN_10,BA,0.33875399277488233,0.3395076174667876
TOL_11,BRAIN_10,BA,0.38178538397441636,0.41256809218192836
TOL_11,BRAIN_10,BA,0.2504626661045707,0.32981652805355544
TOL_11,BRAIN_10,BA,0.2431722465278492,0.41095303450321785
TOL_11,BRAIN_10,BA,0.2895110201758987,0.44534565655032277
TOL_11,BRAIN_10,BA,0.20581769355591262,0.24256412217931012
TOL_11,BRAIN_10,BA,0.2488468961997026,0.30525770893591575
TOL_11,BRAIN_10,BA,0.2907881648407937,0.3568744618528784
TOL_11,BRAIN_10,BA,0.2525012500854525,0.34003377327764894
TOL_11,BRAIN_10,BA,0.24716047504561478,0.42930875030807886
TOL_11,BRAIN_10,BA,0.249122734714971,0.3059399666850026
TOL_11,BRAIN_10,BA,0.4008466383190424,0.31085123322971187
TOL_11,BRAIN_10,BA,0.24200520231022013,0.3818562476097346
TOL_11,BRAIN_10,BA,0.2535058110633278,0.3735785749263711
TOL_11,BRAIN_10,BA,0.23529447609085863,0.4782524249552565
TOL_11,BRAIN_10,BA,0.3078177136133149,0.30841739369703214
TOL_11,BRAIN_10,BA,0.3934868286868701,0.30974221374025734
TOL_11,BRAIN_10,BA,0.22653438787804517,0.4850596316168879
TOL_11,BRAIN_10,BA,0.2293878065347564,0.31439024090329404
TOL_11,BRAIN_10,BA,0.2809715066655356,0.31130983916210536
TOL_11,BRAIN_10,BA,0.26851388357427214,0.3746878276758068
TOL_11,BRAIN_10,BA,0.3206726824956127,0.3943553377332314
TOL_11,BRAIN_10,BA,0.3305246556582024,0.42345727264294475
TOL_11,BRAIN_10,BA,0.20480292579120074,0.30420035431535164
TOL_11,BRAIN_10,BA,0.2584845478453551,0.36699099866000406
TOL_11,BRAIN_10,BA,0.19778595244236313,0.25631305325439524
TOL_11,BRAIN_10,BA,0.30121354810671414,0.38016009166058523
TOL_11,BRAIN_10,BA,0.23008855866186503,0.36031715971032696
TOL_11,BRAIN_10,BA,0.24539303780260388,0.3390461648467602
TOL_11,BRAIN_10,BA,0.27281325231200515,0.41995136796473964
TOL_11,BRAIN_10,BA,0.20464356219789503,0.24946592004568094
TOL_11,BRAIN_10,BA,0.46016743258889103,0.4010141676662311
TOL_11,BRAIN_10,BA,0.36677680410171576,0.3835530226254259
TOL_11,BRAIN_10,BA,0.31279696864062567,0.38077691346959264
TOL_11,BRAIN_10,BA,0.2630672039034333,0.3570387914888862
TOL_11,BRAIN_10,BA,0.37721261321884647,0.3922036160159197
TOL_11,BRAIN_10,BA,0.310748678258408,0.336022855962696
TOL_11,BRAIN_10,BA,0.24590894162085966,0.32958914209668655
TOL_11,BRAIN_10,BA,0.21369579305168693,0.30079554119680535
TOL_11,BRAIN_10,BA,0.3015929900415792,0.34141230208861173
TOL_11,BRAIN_10,BA,0.2866033115992567,0.4961216052507993
TOL_11,BRAIN_10,BA,0.33988404987531406,0.3492266709277828
TOL_11,BRAIN_10,BA,0.21563316373477026,0.27522855425802134
TOL_11,BRAIN_10,BA,0.2517722977302416,0.4604863565035322
TOL_11,BRAIN_10,BA,0.46826985934461485,0.3766984843634671
TOL_11,BRAIN_10,BA,0.22607407741132768,0.31157344427162975
TOL_11,BRAIN_10,BA,0.2992244918276101,0.3832383164399691
TOL_11,BRAIN_10,BA,0.2947785646707062,0.38796374091774666
TOL_11,BRAIN_10,BA,0.24410667457353466,0.3530641277106633
TOL_11,BRAIN_10,BA,0.2103897100557268,0.2914658664769437
TOL_11,BRAIN_10,BA,0.2864072158039111,0.38506958390352974
TOL_11,BRAIN_10,BA,0.23069433028149622,0.39690968782072744
TOL_11,BRAIN_10,BA,0.2656559713559867,0.37945372076966644
TOL_11,BRAIN_10,BA,0.2753169462633547,0.3371002928554221
TOL_11,BRAIN_10,BA,0.38335909927155937,0.3086985541071495
TOL_11,BRAIN_10,BA,0.2725858929023797,0.4163129719237482
TOL_11,BRAIN_10,BA,0.2685401227517123,0.5285270793027459
TOL_11,BRAIN_10,BA,0.3992592148922775,0.3928540983781057
TOL_11,BRAIN_10,BA,0.2902280720815024,0.2856391419935357
TOL_11,BRAIN_10,BA,0.3004592710090146,0.44135840627585987
TOL_11,BRAIN_10,BA,0.32688476001365435,0.3613638050693356
TOL_11,BRAIN_10,BA,0.2472841453590338,0.2887938840884206
TOL_11,BRAIN_10,BA,0.31861568293053016,0.37105705166008374
TOL_11,BRAIN_10,BA,0.21549299672456493,0.2710467585220215
TOL_11,BRAIN_10,BA,0.27082996091566536,0.323213132463122
TOL_11,BRAIN_10,BA,0.38221987835222326,0.3923981133107237
TOL_11,BRAIN_10,BA,0.23062309875346731,0.34075190281095885
TOL_11,BRAIN_10,BA,0.2524585973079832,0.34374498543918897
TOL_11,BRAIN_10,BA,0.33526018697548965,0.39961474539159203
TOL_11,BRAIN_10,BA,0.3559055960286107,0.3087690969399062
TOL_11,BRAIN_10,BA,0.3383248220276587,0.3284026711241277
TOL_11,BRAIN_10,BA,0.25914729429843464,0.3271450297282044
TOL_11,BRAIN_10,BA,0.23324909301520924,0.31267667074290867
TOL_11,BRAIN_10,BA,0.3112405010860522,0.39108116516368274
TOL_11,BRAIN_10,BA,0.30472133426685694,0.33009333931100904
TOL_11,BRAIN_10,BA,0.3118570503754661,0.3043786011242702
TOL_11,BRAIN_10,BA,0.1905773790501738,0.3113360529874278
TOL_11,BRAIN_10,BA,0.34288241817505316,0.40881387369910327
TOL_11,BRAIN_10,BA,0.26487049393320283,0.278312032644639
TOL_11,BRAIN_10,BA,0.20048244600499868,0.29582575187020255
TOL_11,BRAIN_10,BA,0.21488613643290053,0.3963604105334708
TOL_11,BRAIN_10,BA,0.41664206997538317,0.34916756925379633
TOL_11,BRAIN_10,BA,0.22786777731872146,0.3763885295253374
TOL_11,BRAIN_10,BA,0.3193199418147583,0.3543692382956374
TOL_11,BRAIN_10,BA,0.2206268469952053,0.46811522201521283
TOL_11,BRAIN_10,BA,0.4553450767851566,0.2763805921526452
TOL_11,BRAIN_10,BA,0.3077417000979068,0.36820928995271696
TOL_11,BRAIN_10,BA,0.29804724207483474,0.3407612113683628
TOL_11,BRAIN_10,BA,0.26801494564753603,0.5793380534563926
TOL_11,BRAIN_10,BA,0.2312240675427911,0.2866369310706209
TOL_11,BRAIN_10,BA,0.25229210084594006,0.30778783690662787
TOL_11,BRAIN_10,BA,0.2407874832160468,0.5226007430614006
TOL_11,BRAIN_10,BA,0.3083296687074409,0.3377282199651913
TOL_11,BRAIN_10,BA,0.25070184488875596,0.3933024897055619
TOL_11,BRAIN_10,BA,0.28442340901441004,0.3091891966818662
TOL_11,BRAIN_10,BA,0.33780333823335973,0.39768753000844814
TOL_11,BRAIN_10,BA,0.31243296085383215,0.4649724314121926
TOL_11,BRAIN_10,BA,0.3620686671395863,0.3830951109795053
TOL_11,BRAIN_10,BA,0.2327884675549181,0.3473874286886815
TOL_11,BRAIN_10,BA,0.2523281991642311,0.39197897448893854
TOL_11,BRAIN_10,BA,0.2788883841044875,0.23401602102017813
TOL_11,BRAIN_10,BA,0.351546458773233,0.31055071210149654
TOL_11,BRAIN_10,BA,0.3127545450238743,0.35779595186110075
TOL_11,BRAIN_10,BA,0.34098564510538637,0.44287411789079156
TOL_11,BRAIN_10,BA,0.3362268987245742,0.3306292391338099
TOL_11,BRAIN_10,BA,0.3570649388974324,0.19574347634485012
TOL_11,BRAIN_10,BA,0.22060592415629862,0.273395235520392
TOL_11,BRAIN_10,BA,0.36304571543204467,0.37465595330017937
TOL_11,BRAIN_10,BA,0.30430005824092,0.4285459372655389
TOL_11,BRAIN_10,BA,0.2893384523541403,0.33740450109934633
TOL_11,BRAIN_10,BA,0.302726945050946,0.3540481325504107
TOL_11,BRAIN_10,BA,0.3819046243696755,0.4261764302331925
TOL_11,BRAIN_10,BA,0.19780907612224022,0.31067129637057045
TOL_11,BRAIN_10,BA,0.3155257246543873,0.3800491386910882
TOL_11,BRAIN_10,BA,0.2080888367791797,0.3662151659619744
TOL_11,BRAIN_10,BA,0.380649874439736,0.27922660690590584
TOL_11,BRAIN_10,BA,0.3257854620768867,0.39908223680748445
TOL_11,BRAIN_10,BA,0.26777022093548697,0.33121962055292875
TOL_11,BRAIN_10,BA,0.2704854479276804,0.3825806297192673
TOL_11,BRAIN_10,BA,0.24877365765137982,0.36361827313637174
TOL_11,BRAIN_10,BA,0.19116966310552216,0.18110040530176227
TOL_11,BRAIN_10,BA,0.30891614733711653,0.34904936107935847
TOL_11,BRAIN_10,BA,0.2435628651066575,0.2453093692673258
TOL_11,BRAIN_10,BA,0.24086540910616241,0.2699132188227696
TOL_11,BRAIN_10,BA,0.3690533998073985,0.31942757598553473
TOL_11,BRAIN_10,BA,0.20084842427442537,0.5600621136331305
TOL_11,BRAIN_10,BA,0.23108821976109,0.4774720126540258
TOL_11,BRAIN_10,BA,0.3621030650857959,0.3828317797152613
TOL_11,BRAIN_10,BA,0.23829066270383778,0.3104108148556834
TOL_11,BRAIN_10,BA,0.25289636921143843,0.34611821594446857
TOL_11,BRAIN_10,BA,0.26039109901601104,0.37678928415393015
TOL_11,BRAIN_10,BA,0.19880017103048503,0.34163309399844194
TOL_11,BRAIN_10,BA,0.3127174737319764,0.3262752579274535
TOL_11,BRAIN_10,BA,0.27814780640416037,0.37433648445769996
TOL_11,BRAIN_10,BA,0.31860828994832713,0.4927662093577778
TOL_11,BRAIN_10,BA,0.23982679817232494,0.34077695277769837
TOL_11,BRAIN_10,BA,0.29088942420131286,0.3675052835924492
TOL_11,BRAIN_10,BA,0.21194925121393118,0.33069839484612223
TOL_11,BRAIN_10,BA,0.33415476461895605,0.35104840572053986
TOL_11,BRAIN_10,BA,0.2770283815429836,0.2787897921230188
TOL_11,BRAIN_10,BA,0.2274359079636109,0.3377715147803407
TOL_11,BRAIN_10,BA,0.19843422319370127,0.31772877868280724
TOL_11,BRAIN_10,BA,0.242146709129536,0.31861884436431437
TOL_11,BRAIN_10,BA,0.3126749075459205,0.2823826652248967
TOL_11,BRAIN_10,BA,0.2956775374297573,0.4330426126870513
TOL_11,BRAIN_10,BA,0.290071277005006,0.44363057003091555
TOL_11,BRAIN_10,BA,0.38057261630816197,0.42163952514164643
TOL_11,BRAIN_10,BA,0.3297976781050748,0.3588341563908496
TOL_11,BRAIN_10,BA,0.29776423824312254,0.363863823496626
TOL_11,BRAIN_10,BA,0.4103942017879791,0.3923785193326446
TOL_11,BRAIN_10,BA,0.24462319391057222,0.33358987623557645
TOL_11,BRAIN_10,BA,0.284263127590388,0.3420524118969095
TOL_11,BRAIN_10,BA,0.2529128205130649,0.4696271352140997
TOL_11,BRAIN_10,BA,0.45235070667935656,0.3129780073186307
TOL_11,BRAIN_10,BA,0.2886292497659783,0.38949809084423337
TOL_11,BRAIN_10,BA,0.36643790609011195,0.37128401386784954
TOL_11,BRAIN_10,BA,0.24201222559932706,0.34929121096661964
TOL_11,BRAIN_10,BA,0.2860652594266989,0.42613214354053525
TOL_11,BRAIN_10,GEO,0.6354961954428512,0.5692345419727627
TOL_11,BRAIN_10,GEO,0.5560442272139701,0.5625972324251981
TOL_11,BRAIN_10,GEO,0.7070294299235238,0.6372345153497845
TOL_11,BRAIN_10,GEO,0.6014349357991544,0.6441050006963869
TOL_11,BRAIN_10,GEO,0.6482055522289533,0.6345383490512282
TOL_11,BRAIN_10,GEO,0.5694289327935443,0.6345407842919817
TOL_11,BRAIN_10,GEO,0.6142413380008906,0.5564330296667171
TOL_11,BRAIN_10,GEO,0.6995633326926876,0.5854530083931211
TOL_11,BRAIN_10,GEO,0.6011025072794256,0.6315191203151871
TOL_11,BRAIN_10,GEO,0.6467714570250974,0.6227294138079618
TOL_11,BRAIN_10,GEO,0.642391308797527,0.6067806049579931
TOL_11,BRAIN_10,GEO,0.5831449979091528,0.600098894432205
TOL_11,BRAIN_10,GEO,0.6506997458938943,0.6078854007549312
TOL_11,BRAIN_10,GEO,0.6286576772474134,0.6460192314783813
TOL_11,BRAIN_10,GEO,0.6355241577330356,0.625686220822878
TOL_11,BRAIN_10,GEO,0.6773211838201441,0.5877474503037543
TOL_11,BRAIN_10,GEO,0.6176587485316435,0.642187372332881
TOL_11,BRAIN_10,GEO,0.6367228241173889,0.5657735803020749
TOL_11,BRAIN_10,GEO,0.552735263882121,0.5169731569764363
TOL_11,BRAIN_10,GEO,0.496898725340866,0.6254209832116057
TOL_11,BRAIN_10,GEO,0.5872622507424129,0.6198143461246726
TOL_11,BRAIN_10,GEO,0.5845944010014915,0.642787174355544
TOL_11,BRAIN_10,GEO,0.6549134844537473,0.6118200156683249
TOL_11,BRAIN_10,GEO,0.6592450371097482,0.599457260443953
TOL_11,BRAIN_10,GEO,0.5892610945365047,0.5973460890100101
TOL_11,BRAIN_10,GEO,0.7582984706897761,0.6255734909237506
TOL_11,BRAIN_10,GEO,0.6230525409750465,0.6481039576621985
TOL_11,BRAIN_10,GEO,0.7038642746971143,0.6174035747951985
TOL_11,BRAIN_10,GEO,0.5358292294077922,0.6601391209227545
TOL_11,BRAIN_10,GEO,0.4778534257963296,0.5617992670052445
TOL_11,BRAIN_10,GEO,0.5707987282307788,0.5650708418568666
TOL_11,BRAIN_10,GEO,0.5696449282052884,0.6144360011545029
TOL_11,BRAIN_10,GEO,0.6299930877858437,0.5982680720738435
TOL_11,BRAIN_10,GEO,0.7040620019818384,0.6108795078617489
TOL_11,BRAIN_10,GEO,0.6479639141111455,0.5738222545479612
TOL_11,BRAIN_10,GEO,0.6642151511380109,0.538984941161931
TOL_11,BRAIN_10,GEO,0.6695404876797236,0.6250739157723446
TOL_11,BRAIN_10,GEO,0.6504243246343854,0.5571056941401734
TOL_11,BRAIN_10,GEO,0.5314534982634205,0.6585578239924637
TOL_11,BRAIN_10,GEO,0.6761105266382528,0.5969314141871863
TOL_11,BRAIN_10,GEO,0.6415138315299053,0.6599985593261256
TOL_11,BRAIN_10,GEO,0.5202492629109859,0.6130433132288957
TOL_11,BRAIN_10,GEO,0.5820348314516502,0.6419188251844046
TOL_11,BRAIN_10,GEO,0.6754418577210126,0.5761126397619211
TOL_11,BRAIN_10,GEO,0.670951904461878,0.5893035557516341
TOL_11,BRAIN_10,GEO,0.6766637756097441,0.5879433337259825
TOL_11,BRAIN_10,GEO,0.6493283812689712,0.5642764754795522
TOL_11,BRAIN_10,GEO,0.7164347309612276,0.6243973796034052
TOL_11,BRAIN_10,GEO,0.668324586138187,0.6025128737966581
TOL_11,BRAIN_10,GEO,0.5902689939166859,0.6647419102596865
TOL_11,BRAIN_10,GEO,0.6174922381799688,0.641731120206263
TOL_11,BRAIN_10,GEO,0.6851434493822338,0.5407704374945432
TOL_11,BRAIN_10,GEO,0.7132569723721749,0.6709090903187083
TOL_11,BRAIN_10,GEO,0.5272878882664216,0.5219239416526233
TOL_11,BRAIN_10,GEO,0.6373035799984047,0.5696262300089567
TOL_11,BRAIN_10,GEO,0.6880826013930889,0.6029849442455065
TOL_11,BRAIN_10,GEO,0.6204509955158768,0.6361893108765638
TOL_11,BRAIN_10,GEO,0.6152683458106354,0.5758893438165746
TOL_11,BRAIN_10,GEO,0.5894263850142832,0.5793500359722717
TOL_11,BRAIN_10,GEO,0.5547732027629398,0.6337366334823469
TOL_11,BRAIN_10,GEO,0.6017847272785377,0.6187636623345155
TOL_11,BRAIN_10,GEO,0.5856492367802791,0.6255033721178526
TOL_11,BRAIN_10,GEO,0.6385775308576762,0.6180768660720664
TOL_11,BRAIN_10,GEO,0.6161096993903636,0.6216657838720173
TOL_11,BRAIN_10,GEO,0.5840328680635201,0.5901425619415885
TOL_11,BRAIN_10,GEO,0.6455972333407746,0.6400178504346629
TOL_11,BRAIN_10,GEO,0.5940365786075603,0.6023371525840668
TOL_11,BRAIN_10,GEO,0.7025668385370041,0.600150702336594
TOL_11,BRAIN_10,GEO,0.56066101342029,0.5445356878957837
TOL_11,BRAIN_10,GEO,0.5777152236089673,0.5830061712211707
TOL_11,BRAIN_10,GEO,0.6274541613346388,0.6860909258487922
TOL_11,BRAIN_10,GEO,0.6421827961352494,0.6093816079226955
TOL_11,BRAIN_10,GEO,0.6853813760470049,0.6154423470803561
TOL_11,BRAIN_10,GEO,0.6826817696589743,0.6419619678708612
TOL_11,BRAIN_10,GEO,0.676854286967029,0.559518895077955
TOL_11,BRAIN_10,GEO,0.6468222993141105,0.5363694099349819
TOL_11,BRAIN_10,GEO,0.5819265299555177,0.6675459319272166
TOL_11,BRAIN_10,GEO,0.6087420736758486,0.5063243071828376
TOL_11,BRAIN_10,GEO,0.502003885008729,0.55434254989735
TOL_11,BRAIN_10,GEO,0.5308899929024608,0.5685569382140694
TOL_11,BRAIN_10,GEO,0.6573787131680376,0.64640220187107
TOL_11,BRAIN_10,GEO,0.720268052022547,0.6335484295898506
TOL_11,BRAIN_10,GEO,0.5941060744246444,0.5310076521830351
TOL_11,BRAIN_10,GEO,0.5992813044206732,0.5820560128031897
TOL_11,BRAIN_10,GEO,0.6769317356796124,0.6678345243267261
TOL_11,BRAIN_10,GEO,0.7346031682798273,0.5717154110163398
TOL_11,BRAIN_10,GEO,0.7062266926242744,0.6110093011014792
TOL_11,BRAIN_10,GEO,0.685196399070237,0.6578285185540653
TOL_11,BRAIN_10,GEO,0.6835317475127526,0.6224941465415215
TOL_11,BRAIN_10,GEO,0.6598127803744599,0.5616803036622205
TOL_11,BRAIN_10,GEO,0.6362111849794568,0.6368230666620794
TOL_11,BRAIN_10,GEO,0.6455474595089469,0.6000527312676023
TOL_11,BRAIN_10,GEO,0.6635080952089326,0.5133829083088153
TOL_11,BRAIN_10,GEO,0.6009274351939027,0.6028615892108702
TOL_11,BRAIN_10,GEO,0.577440132575768,0.644979664662171
TOL_11,BRAIN_10,GEO,0.5828313397423316,0.5846805171997647
TOL_11,BRAIN_10,GEO,0.6944249272443527,0.5569289974361813
TOL_11,BRAIN_10,GEO,0.563843706508597,0.6387839124820993
TOL_11,BRAIN_10,GEO,0.626384343024076,0.554256587716534
TOL_11,BRAIN_10,GEO,0.5824244387163927,0.5708740267435932
TOL_11,BRAIN_10,GEO,0.7182792448087476,0.6486346666307399
TOL_11,BRAIN_10,GEO,0.6750813557916439,0.6117342677283755
TOL_11,BRAIN_10,GEO,0.7128846083362078,0.6481782091259387
TOL_11,BRAIN_10,GEO,0.6917961278471843,0.6188579122281008
TOL_11,BRAIN_10,GEO,0.6459451934412819,0.6339982231389176
TOL_11,BRAIN_10,GEO,0.6365028824902662,0.6234384065544412
TOL_11,BRAIN_10,GEO,0.5731047615201508,0.5950434934803365
TOL_11,BRAIN_10,GEO,0.4990188106801573,0.5772886050883195
TOL_11,BRAIN_10,GEO,0.7356677854102655,0.5348813530248246
TOL_11,BRAIN_10,GEO,0.6921224160913013,0.6348684864716951
TOL_11,BRAIN_10,GEO,0.7333710155568186,0.5617355959738253
TOL_11,BRAIN_10,GEO,0.6244978837349208,0.6037766559541516
TOL_11,BRAIN_10,GEO,0.5975609465651074,0.6274598700202101
TOL_11,BRAIN_10,GEO,0.6189543547013535,0.5313561779718177
TOL_11,BRAIN_10,GEO,0.637644138989818,0.606006172243778
TOL_11,BRAIN_10,GEO,0.6101497635717652,0.5090053930455501
TOL_11,BRAIN_10,GEO,0.6489586415653638,0.6363864715335137
TOL_11,BRAIN_10,GEO,0.5824742942759993,0.5468522569599743
TOL_11,BRAIN_10,GEO,0.5610316326556398,0.5536607979850822
TOL_11,BRAIN_10,GEO,0.6665150666442552,0.6856160770266557
TOL_11,BRAIN_10,GEO,0.6426993640777231,0.5364636393075979
TOL_11,BRAIN_10,GEO,0.6967263649491832,0.6168034717365841
TOL_11,BRAIN_10,GEO,0.63657145420392,0.5999223067723181
TOL_11,BRAIN_10,GEO,0.5413803417508689,0.6012279029547531
TOL_11,BRAIN_10,GEO,0.6594276200833781,0.6185848011633501
TOL_11,BRAIN_10,GEO,0.6863049207056199,0.6229179738907624
TOL_11,BRAIN_10,GEO,0.5995014047373354,0.648027293140766
TOL_11,BRAIN_10,GEO,0.539753583189444,0.6169110566783982
TOL_11,BRAIN_10,GEO,0.6039636970469583,0.6427960362734102
TOL_11,BRAIN_10,GEO,0.7745304028031367,0.6426246779674174
TOL_11,BRAIN_10,GEO,0.6575242523350696,0.5522820218451708
TOL_11,BRAIN_10,GEO,0.704237432939487,0.5389764355330242
TOL_11,BRAIN_10,GEO,0.6556463600192893,0.6856961171169424
TOL_11,BRAIN_10,GEO,0.6212342697961188,0.5598664237961798
TOL_11,BRAIN_10,GEO,0.6994709249051103,0.5908668982011106
TOL_11,BRAIN_10,GEO,0.6868017239913222,0.6378464502815419
TOL_11,BRAIN_10,GEO,0.5626842053285236,0.5798303036318703
TOL_11,BRAIN_10,GEO,0.6172505200266308,0.6425785551816883
TOL_11,BRAIN_10,GEO,0.7053941180395045,0.5979934746573727
TOL_11,BRAIN_10,GEO,0.6927602705962731,0.6403875717345913
TOL_11,BRAIN_10,GEO,0.640504732624118,0.574851321642276
TOL_11,BRAIN_10,GEO,0.6505432987809202,0.5451788958285061
TOL_11,BRAIN_10,GEO,0.713447864802101,0.6548711675082073
TOL_11,BRAIN_10,GEO,0.6446011286439619,0.6048012358187629
TOL_11,BRAIN_10,GEO,0.5292312107045706,0.543007557561818
TOL_11,BRAIN_10,GEO,0.6362274391802444,0.5391685190706668
TOL_11,BRAIN_10,GEO,0.6380268000570876,0.6547157286481444
TOL_11,BRAIN_10,GEO,0.6951692153964261,0.633302864171212
TOL_11,BRAIN_10,GEO,0.5837861798694454,0.6481503323027147
TOL_11,BRAIN_10,GEO,0.6709320119509341,0.5491826319514707
TOL_11,BRAIN_10,GEO,0.6739399633524655,0.5943351483321074
TOL_11,BRAIN_10,GEO,0.5757082592109706,0.6588410764650903
TOL_11,BRAIN_10,GEO,0.6270909576410749,0.579652987418125
TOL_11,BRAIN_10,GEO,0.728223838683409,0.5570099565652856
TOL_11,BRAIN_10,GEO,0.6816255409663401,0.6120959455153003
TOL_11,BRAIN_10,GEO,0.6713890578621378,0.5781490624335117
TOL_11,BRAIN_10,GEO,0.6460167431950452,0.6610732118618876
TOL_11,BRAIN_10,GEO,0.6735762697083771,0.5152659669807731
TOL_11,BRAIN_10,GEO,0.6253427250860178,0.5202438042459567
TOL_11,BRAIN_10,GEO,0.6712226389749291,0.6430874455160644
TOL_11,BRAIN_10,GEO,0.6022774912545577,0.578215773585913
TOL_11,BRAIN_10,GEO,0.645803569742843,0.5377149118338516
TOL_11,BRAIN_10,GEO,0.6433432394754485,0.6331329753211865
TOL_11,BRAIN_10,GEO,0.6933773685902204,0.6212522882819334
TOL_11,BRAIN_10,GEO,0.6368506004208169,0.568165401146115
TOL_11,BRAIN_10,GEO,0.6843726259913653,0.6163369932162093
TOL_11,BRAIN_10,GEO,0.6345842808991238,0.6226388401209559
TOL_11,BRAIN_10,GEO,0.5671534124138348,0.619184294740837
TOL_11,BRAIN_10,GEO,0.7168210108774457,0.6486722710020936
TOL_11,BRAIN_10,GEO,0.6901611937743217,0.6014656591390621
TOL_11,BRAIN_10,GEO,0.47434972127663394,0.5982346863778571
TOL_11,BRAIN_10,GEO,0.5855323414192608,0.6227619698257125
TOL_11,BRAIN_10,GEO,0.7057780906476722,0.5511062142158454
TOL_11,BRAIN_10,GEO,0.6794707950228023,0.5540408010301507
TOL_11,BRAIN_10,GEO,0.6240624184473257,0.5858850159278106
TOL_11,BRAIN_10,GEO,0.5879125984760446,0.6027897665792117
TOL_11,BRAIN_10,GEO,0.7213422581213635,0.6355426072234934
TOL_11,BRAIN_10,GEO,0.6625086936004901,0.609126881081798
TOL_11,BRAIN_10,GEO,0.5996267246224374,0.5827783577957816
TOL_11,BRAIN_10,GEO,0.6319514205121267,0.6366676839688028
TOL_11,BRAIN_10,GEO,0.6098783970868604,0.528506918943666
TOL_11,BRAIN_10,GEO,0.5833846040040996,0.6101531290830393
TOL_11,BRAIN_10,GEO,0.565144740964472,0.6098510379019597
TOL_11,BRAIN_10,GEO,0.6276171676142006,0.6035017243546424
TOL_11,BRAIN_10,GEO,0.6861823371055146,0.5934460609908949
TOL_11,BRAIN_10,GEO,0.6136754182331865,0.6079017930313203
TOL_11,BRAIN_10,GEO,0.6462733794249426,0.6074991316442322
TOL_11,BRAIN_10,GEO,0.5778580360267104,0.6606225363858425
TOL_11,BRAIN_10,GEO,0.6761645251108035,0.6265976291377391
TOL_11,BRAIN_10,GEO,0.7158018526256952,0.6683281404305572
TOL_11,BRAIN_10,GEO,0.653291669495092,0.5944364255131829
TOL_11,BRAIN_10,GEO,0.41547914861866375,0.5699213129076044
TOL_11,BRAIN_10,GEO,0.6438467010700385,0.6273950415448035
TOL_11,BRAIN_10,GEO,0.6694230728554857,0.669255058164272
TOL_11,BRAIN_10,GEO,0.5547089142939465,0.6045562064511223
TOL_11,BRAIN_10,GEO,0.6785284715615895,0.5461288452481861
TOL_11,BRAIN_10,GEO,0.5284465929874498,0.6147327416706281
TOL_11,BRAIN_10,GEO,0.5576973505575489,0.6070871026354614
TOL_11,BRAIN_10,GEO,0.5646235717543784,0.60607157997212
TOL_11,BRAIN_10,GEO,0.5830935162696528,0.6063111957494473
TOL_11,BRAIN_10,REAL,0.48227111116563504,0.48721026076562524
QLI_11,BRAIN_10,ER,0.41836127272936996,0.3329446311833122
QLI_11,BRAIN_10,ER,0.3300350155051284,0.41889009711385633
QLI_11,BRAIN_10,ER,0.34782036544904743,0.2841849796468603
QLI_11,BRAIN_10,ER,0.33125469406946767,0.43048942731449946
QLI_11,BRAIN_10,ER,0.44006343746508886,0.3941914026030128
QLI_11,BRAIN_10,ER,0.44656646743994166,0.35820248858580855
QLI_11,BRAIN_10,ER,0.43407592443730725,0.33805991172894506
QLI_11,BRAIN_10,ER,0.39694860553009415,0.2963097338767901
QLI_11,BRAIN_10,ER,0.3713905374205418,0.3475900988936791
QLI_11,BRAIN_10,ER,0.39954223088018836,0.2875222545513824
QLI_11,BRAIN_10,ER,0.49287072615019206,0.28941215684598975
QLI_11,BRAIN_10,ER,0.46377897800189266,0.30978994802525034
QLI_11,BRAIN_10,ER,0.4633523448448924,0.27923717564142037
QLI_11,BRAIN_10,ER,0.38595034582797394,0.3770299377264791
QLI_11,BRAIN_10,ER,0.44504621470179884,0.3684280239708574
QLI_11,BRAIN_10,ER,0.4045942999210449,0.32654073109659876
QLI_11,BRAIN_10,ER,0.40770294920539835,0.27166588631420496
QLI_11,BRAIN_10,ER,0.4583750662441777,0.33967883698974194
QLI_11,BRAIN_10,ER,0.40986629420349036,0.3156812667158587
QLI_11,BRAIN_10,ER,0.40462965069454004,0.30167102917445066
QLI_11,BRAIN_10,ER,0.45166774328779324,0.33915507498513536
QLI_11,BRAIN_10,ER,0.4197190786583946,0.37135370155310177
QLI_11,BRAIN_10,ER,0.39722475246063904,0.3038557970336341
QLI_11,BRAIN_10,ER,0.39913917322373943,0.3609945167122085
QLI_11,BRAIN_10,ER,0.354880619762836,0.322828932127315
QLI_11,BRAIN_10,ER,0.39756230671446563,0.20124715031348264
QLI_11,BRAIN_10,ER,0.44836298458175033,0.3021141737440133
QLI_11,BRAIN_10,ER,0.4156784697809356,0.3297216602246586
QLI_11,BRAIN_10,ER,0.4914181570225989,0.3642766544505809
QLI_11,BRAIN_10,ER,0.40228598083567174,0.2660838675808311
QLI_11,BRAIN_10,ER,0.46572053239416455,0.3378858267390128
QLI_11,BRAIN_10,ER,0.38698400234944663,0.3471844210665338
QLI_11,BRAIN_10,ER,0.4005371999106297,0.29074886278097417
QLI_11,BRAIN_10,ER,0.4086057176305885,0.2788227139859427
QLI_11,BRAIN_10,ER,0.40016461482414695,0.3515295925309103
QLI_11,BRAIN_10,ER,0.44711550258520005,0.28203243305001313
QLI_11,BRAIN_10,ER,0.4710824055973433,0.2830574440284152
QLI_11,BRAIN_10,ER,0.3155958801544763,0.28689951802793995
QLI_11,BRAIN_10,ER,0.37612699681293127,0.33196533906794407
QLI_11,BRAIN_10,ER,0.44260076069209914,0.36215909865740514
QLI_11,BRAIN_10,ER,0.5408462055011681,0.3336817474730166
QLI_11,BRAIN_10,ER,0.44267051910104926,0.3438546455841424
QLI_11,BRAIN_10,ER,0.3847230646016773,0.227177544756307
QLI_11,BRAIN_10,ER,0.44034189981556804,0.22924702156785629
QLI_11,BRAIN_10,ER,0.3175661355232498,0.293659732413509
QLI_11,BRAIN_10,ER,0.38654803159117085,0.323473822486678
QLI_11,BRAIN_10,ER,0.47468614060312714,0.3874278733444638
QLI_11,BRAIN_10,ER,0.4214760901567739,0.3000673301281342
QLI_11,BRAIN_10,ER,0.36177721517666067,0.3301977553217189
QLI_11,BRAIN_10,ER,0.4713089931097296,0.45892660710294475
QLI_11,BRAIN_10,ER,0.46032374182031655,0.2783557294213994
QLI_11,BRAIN_10,ER,0.3956832483677591,0.2955162183585668
QLI_11,BRAIN_10,ER,0.47412362592964286,0.4006903847262657
QLI_11,BRAIN_10,ER,0.35046864483371576,0.25784727477597996
QLI_11,BRAIN_10,ER,0.43117651689557296,0.35493005061802696
QLI_11,BRAIN_10,ER,0.4260758413271998,0.34312757892483847
QLI_11,BRAIN_10,ER,0.47860346879328325,0.30712380035803694
QLI_11,BRAIN_10,ER,0.5126961905672609,0.2787417652293446
QLI_11,BRAIN_10,ER,0.407012238245883,0.3614243454680731
QLI_11,BRAIN_10,ER,0.44986897073766896,0.3734471354014356
QLI_11,BRAIN_10,ER,0.4165239404832889,0.3128141771313
QLI_11,BRAIN_10,ER,0.37312129053503595,0.32487235372712664
QLI_11,BRAIN_10,ER,0.40832009563629973,0.32342545599943195
QLI_11,BRAIN_10,ER,0.43494302711770827,0.3081655021612796
QLI_11,BRAIN_10,ER,0.39471537388971273,0.25632861738369217
QLI_11,BRAIN_10,ER,0.34052275035242674,0.32629935795345
QLI_11,BRAIN_10,ER,0.4024334744536926,0.31811395244359436
QLI_11,BRAIN_10,ER,0.4992181781782845,0.32538252021877556
QLI_11,BRAIN_10,ER,0.45208602757491934,0.30706681753632836
QLI_11,BRAIN_10,ER,0.40295820713119423,0.4626702267308448
QLI_11,BRAIN_10,ER,0.5168110794968807,0.3164117208942654
QLI_11,BRAIN_10,ER,0.45582739700619,0.33228289076703776
QLI_11,BRAIN_10,ER,0.36288837535897095,0.3255642844948675
QLI_11,BRAIN_10,ER,0.49001549349258405,0.30655552118253626
QLI_11,BRAIN_10,ER,0.37040931836590185,0.32947456001050235
QLI_11,BRAIN_10,ER,0.32343127162546687,0.2975644020921797
QLI_11,BRAIN_10,ER,0.45787474655510074,0.3611504507842378
QLI_11,BRAIN_10,ER,0.40348893599645846,0.3551168064572429
QLI_11,BRAIN_10,ER,0.3534031825492896,0.32049749729821386
QLI_11,BRAIN_10,ER,0.5770616955159852,0.40695810395936377
QLI_11,BRAIN_10,ER,0.3872601844427808,0.3390235375854992
QLI_11,BRAIN_10,ER,0.38104729684754196,0.2973201642059732
QLI_11,BRAIN_10,ER,0.3254372113506739,0.3901291729838816
QLI_11,BRAIN_10,ER,0.3956967829195323,0.24216108815690945
QLI_11,BRAIN_10,ER,0.42257025885414484,0.31978930740672595
QLI_11,BRAIN_10,ER,0.3537951904834646,0.2903975195628674
QLI_11,BRAIN_10,ER,0.4286911656439614,0.30102776951661037
QLI_11,BRAIN_10,ER,0.3837696003894855,0.4393159367477327
QLI_11,BRAIN_10,ER,0.39105993073354145,0.28643964691278034
QLI_11,BRAIN_10,ER,0.4255597233751746,0.27177716227011833
QLI_11,BRAIN_10,ER,0.4414444417401449,0.3745555958583443
QLI_11,BRAIN_10,ER,0.44523243818142133,0.3692003240063736
QLI_11,BRAIN_10,ER,0.3624839531604738,0.3433213110958444
QLI_11,BRAIN_10,ER,0.48005698885706344,0.3988471455967626
QLI_11,BRAIN_10,ER,0.41502692734495833,0.2597501957051893
QLI_11,BRAIN_10,ER,0.36364603761878883,0.24052078930709903
QLI_11,BRAIN_10,ER,0.3368242163622835,0.3591718430685434
QLI_11,BRAIN_10,ER,0.34493692243865953,0.3609375982238209
QLI_11,BRAIN_10,ER,0.39217928237983224,0.26783173735834015
QLI_11,BRAIN_10,ER,0.5783210812385849,0.31334130586947495
QLI_11,BRAIN_10,ER,0.3648421316441123,0.3646771002209874
QLI_11,BRAIN_10,ER,0.4158481704638464,0.3214002491927539
QLI_11,BRAIN_10,ER,0.45698950856064274,0.3104652733776222
QLI_11,BRAIN_10,ER,0.34328724057346055,0.30965612100817475
QLI_11,BRAIN_10,ER,0.3969484751569533,0.2929939700284322
QLI_11,BRAIN_10,ER,0.3760743405560538,0.34352104916069537
QLI_11,BRAIN_10,ER,0.37122419607704216,0.2887256632479893
QLI_11,BRAIN_10,ER,0.36572077854120105,0.34388663621235305
QLI_11,BRAIN_10,ER,0.3740607500167356,0.3551291819777498
QLI_11,BRAIN_10,ER,0.3248942443334293,0.24083652535604233
QLI_11,BRAIN_10,ER,0.42800160705029566,0.4895777429076583
QLI_11,BRAIN_10,ER,0.42754721865312967,0.2860676895446668
QLI_11,BRAIN_10,ER,0.31870143350252916,0.2845499955237203
QLI_11,BRAIN_10,ER,0.45382291412316433,0.2893568298419589
QLI_11,BRAIN_10,ER,0.39456346026476086,0.42575967498099243
QLI_11,BRAIN_10,ER,0.5043523884979468,0.3349613839222234
QLI_11,BRAIN_10,ER,0.3968585955930688,0.3439810181505558
QLI_11,BRAIN_10,ER,0.33713007206433854,0.3218755032862942
QLI_11,BRAIN_10,ER,0.43721858663800806,0.2882059765507662
QLI_11,BRAIN_10,ER,0.33392320610483184,0.28938740366426374
QLI_11,BRAIN_10,ER,0.3737512779475384,0.3259841926694466
QLI_11,BRAIN_10,ER,0.3916327866143435,0.32910809655036233
QLI_11,BRAIN_10,ER,0.4154198802388485,0.33748403450254033
QLI_11,BRAIN_10,ER,0.37433416452182156,0.31410859743494934
QLI_11,BRAIN_10,ER,0.5284421634747213,0.3697474234076883
QLI_11,BRAIN_10,ER,0.3099453393829543,0.29605967355835944
QLI_11,BRAIN_10,ER,0.5159002336622519,0.3012910710953929
QLI_11,BRAIN_10,ER,0.3724379707082053,0.26989531372104064
QLI_11,BRAIN_10,ER,0.4308192786908789,0.3086640935386379
QLI_11,BRAIN_10,ER,0.42591150054651866,0.3372952921351224
QLI_11,BRAIN_10,ER,0.4263480154955339,0.39313940365774425
QLI_11,BRAIN_10,ER,0.3597292430149147,0.38358521870058243
QLI_11,BRAIN_10,ER,0.4218253577778895,0.28940723609860364
QLI_11,BRAIN_10,ER,0.39410892767368283,0.3877867456127918
QLI_11,BRAIN_10,ER,0.30105606182756284,0.3439213227718962
QLI_11,BRAIN_10,ER,0.4079227615805877,0.32412186105640417
QLI_11,BRAIN_10,ER,0.3365833392027654,0.33425572717309127
QLI_11,BRAIN_10,ER,0.32970127899642165,0.4052116754122028
QLI_11,BRAIN_10,ER,0.4601098764505816,0.3370269565052035
QLI_11,BRAIN_10,ER,0.5654213923300748,0.30413657029472085
QLI_11,BRAIN_10,ER,0.5489268452882476,0.30028985468631714
QLI_11,BRAIN_10,ER,0.45212028272718946,0.40079534582848797
QLI_11,BRAIN_10,ER,0.36526556595241244,0.2624643412138684
QLI_11,BRAIN_10,ER,0.35462363564253807,0.25707882935004245
QLI_11,BRAIN_10,ER,0.4356759529199966,0.33302396287761393
QLI_11,BRAIN_10,ER,0.38342633448500524,0.3793247460442713
QLI_11,BRAIN_10,ER,0.37900031761664105,0.2743445152745956
QLI_11,BRAIN_10,ER,0.4479161958926751,0.4393590236880508
QLI_11,BRAIN_10,ER,0.4070360071258883,0.30175269311547925
QLI_11,BRAIN_10,ER,0.4560338950284402,0.32780490618297486
QLI_11,BRAIN_10,ER,0.587705272897326,0.3074367488673476
QLI_11,BRAIN_10,ER,0.3825358495431918,0.4803360603961344
QLI_11,BRAIN_10,ER,0.3544000158642393,0.31985029647961616
QLI_11,BRAIN_10,ER,0.3042474733243383,0.2695113965132007
QLI_11,BRAIN_10,ER,0.43116994789812835,0.3080956251035314
QLI_11,BRAIN_10,ER,0.500920904916242,0.3469757835121548
QLI_11,BRAIN_10,ER,0.5220255690164041,0.3232251170965446
QLI_11,BRAIN_10,ER,0.3662872047494636,0.3197922537213246
QLI_11,BRAIN_10,ER,0.5109719210827762,0.2733981488416187
QLI_11,BRAIN_10,ER,0.375865394372212,0.31658859369857495
QLI_11,BRAIN_10,ER,0.3657273984266416,0.3009688066719199
QLI_11,BRAIN_10,ER,0.30886533970919733,0.34044707594784585
QLI_11,BRAIN_10,ER,0.39006603443703347,0.31886347932036646
QLI_11,BRAIN_10,ER,0.43248750202554176,0.2874704878415463
QLI_11,BRAIN_10,ER,0.48787657321725425,0.39033675762215075
QLI_11,BRAIN_10,ER,0.41557135296577613,0.3955892285602037
QLI_11,BRAIN_10,ER,0.3870323626514634,0.27680374735303837
QLI_11,BRAIN_10,ER,0.4222269190029221,0.27776762399432015
QLI_11,BRAIN_10,ER,0.44064299478640273,0.3120389141555664
QLI_11,BRAIN_10,ER,0.4133088089423934,0.276256147072768
QLI_11,BRAIN_10,ER,0.44993054338153804,0.2692095883018371
QLI_11,BRAIN_10,ER,0.3656506327759686,0.284635312043917
QLI_11,BRAIN_10,ER,0.37533983358239587,0.4137335947116998
QLI_11,BRAIN_10,ER,0.4493304954621053,0.3952353159045826
QLI_11,BRAIN_10,ER,0.48415935202094845,0.3936871900706581
QLI_11,BRAIN_10,ER,0.34434482961993407,0.408730657364718
QLI_11,BRAIN_10,ER,0.420632414779361,0.31941917302440825
QLI_11,BRAIN_10,ER,0.4119580195183184,0.2657602912943402
QLI_11,BRAIN_10,ER,0.36045013971973633,0.23033718372670614
QLI_11,BRAIN_10,ER,0.38375568013723976,0.2996279691266321
QLI_11,BRAIN_10,ER,0.33117964291178353,0.41023485386326763
QLI_11,BRAIN_10,CFG,0.2864615824348308,0.2828903224301187
QLI_11,BRAIN_10,CFG,0.35008994292255513,0.2643048971884138
QLI_11,BRAIN_10,CFG,0.38932563747675053,0.37466986439925043
QLI_11,BRAIN_10,CFG,0.22135716694997015,0.16978653727063556
QLI_11,BRAIN_10,CFG,0.2808163488686392,0.31273014653871756
QLI_11,BRAIN_10,CFG,0.40526603562904795,0.46677132088466833
QLI_11,BRAIN_10,CFG,0.43530249867624854,0.3375684673453051
QLI_11,BRAIN_10,CFG,0.34673236989503664,0.3542036184084227
QLI_11,BRAIN_10,CFG,0.37271310461968893,0.40146543493612696
QLI_11,BRAIN_10,CFG,0.3570441341395969,0.46292185905276073
QLI_11,BRAIN_10,CFG,0.261000940233169,0.21113111472532398
QLI_11,BRAIN_10,CFG,0.2958837376402178,0.25956430451740703
QLI_11,BRAIN_10,CFG,0.3019442241968393,0.35776064239314664
QLI_11,BRAIN_10,CFG,0.3913679782637957,0.5024618545817404
QLI_11,BRAIN_10,CFG,0.3852821679198158,0.37205378508414555
QLI_11,BRAIN_10,CFG,0.2905385948873769,0.28550766342646994
QLI_11,BRAIN_10,CFG,0.2522304175403669,0.3036060711052475
QLI_11,BRAIN_10,CFG,0.36677311394490036,0.3405825623092619
QLI_11,BRAIN_10,CFG,0.3127515172165192,0.4498583152895279
QLI_11,BRAIN_10,CFG,0.22532951695026865,0.27303022338158567
QLI_11,BRAIN_10,CFG,0.30435202792276933,0.27780906542482564
QLI_11,BRAIN_10,CFG,0.29973889714155494,0.3837065828898293
QLI_11,BRAIN_10,CFG,0.2903698275042049,0.23744206428154557
QLI_11,BRAIN_10,CFG,0.3314149431750431,0.30919139079157043
QLI_11,BRAIN_10,CFG,0.27259484141727697,0.22909459748239214
QLI_11,BRAIN_10,CFG,0.20439436432253694,0.21842065387891235
QLI_11,BRAIN_10,CFG,0.4689425010337222,0.3889012184804396
QLI_11,BRAIN_10,CFG,0.42005265863878316,0.3473859575078009
QLI_11,BRAIN_10,CFG,0.3621484444792601,0.29702070045028417
QLI_11,BRAIN_10,CFG,0.25439202869292565,0.3107204230137155
QLI_11,BRAIN_10,CFG,0.39636811069328265,0.3864304405034486
QLI_11,BRAIN_10,CFG,0.29199864394280167,0.31761312558551347
QLI_11,BRAIN_10,CFG,0.3097297334658553,0.2599129680194687
QLI_11,BRAIN_10,CFG,0.3284360289538683,0.3324090718393845
QLI_11,BRAIN_10,CFG,0.3046924375100518,0.3842841286627878
QLI_11,BRAIN_10,CFG,0.43049258724199546,0.4196598781278472
QLI_11,BRAIN_10,CFG,0.39843866793379173,0.3177457227209699
QLI_11,BRAIN_10,CFG,0.24371320055999732,0.3334712151797594
QLI_11,BRAIN_10,CFG,0.3276001007378411,0.25884301232271495
QLI_11,BRAIN_10,CFG,0.3407688556347463,0.30975173139771794
QLI_11,BRAIN_10,CFG,0.3246675942408023,0.28926630094794314
QLI_11,BRAIN_10,CFG,0.3368766387893145,0.33824005409055136
QLI_11,BRAIN_10,CFG,0.21661525671104903,0.24304092789149417
QLI_11,BRAIN_10,CFG,0.3330114083055882,0.5177308163671767
QLI_11,BRAIN_10,CFG,0.28985779338902895,0.17747173784950954
QLI_11,BRAIN_10,CFG,0.2423595360484646,0.2511956938307536
QLI_11,BRAIN_10,CFG,0.28767625813504893,0.2068397756220837
QLI_11,BRAIN_10,CFG,0.3605368964169054,0.5135461894206526
QLI_11,BRAIN_10,CFG,0.43333201825330925,0.4511290109158311
QLI_11,BRAIN_10,CFG,0.3841193805051219,0.3758897465410222
QLI_11,BRAIN_10,CFG,0.44466531073584054,0.5742697298067124
QLI_11,BRAIN_10,CFG,0.3410489583745833,0.31463917228445887
QLI_11,BRAIN_10,CFG,0.25206463226843134,0.26355914291806565
QLI_11,BRAIN_10,CFG,0.31772510170087664,0.3586826633138449
QLI_11,BRAIN_10,CFG,0.4554828166255316,0.4634065984589516
QLI_11,BRAIN_10,CFG,0.3967811875289949,0.30261753513515266
QLI_11,BRAIN_10,CFG,0.3105385926152956,0.44345461956926197
QLI_11,BRAIN_10,CFG,0.3272750805227783,0.3153000513520044
QLI_11,BRAIN_10,CFG,0.40108333708237565,0.3615334026778042
QLI_11,BRAIN_10,CFG,0.2573712220977155,0.4101133225012341
QLI_11,BRAIN_10,CFG,0.23440000845048428,0.42233395230231596
QLI_11,BRAIN_10,CFG,0.35765249039209496,0.354055406021086
QLI_11,BRAIN_10,CFG,0.42408138898818554,0.23601489626130068
QLI_11,BRAIN_10,CFG,0.34311365845581204,0.38880278133587626
QLI_11,BRAIN_10,CFG,0.3480371615740271,0.2737199167366904
QLI_11,BRAIN_10,CFG,0.38237212906473145,0.31370830022614804
QLI_11,BRAIN_10,CFG,0.28969863591193423,0.35040968815750395
QLI_11,BRAIN_10,CFG,0.31601356678449993,0.35445691755318626
QLI_11,BRAIN_10,CFG,0.22587763982194453,0.29984458288683036
QLI_11,BRAIN_10,CFG,0.3436181841957192,0.3533513910654879
QLI_11,BRAIN_10,CFG,0.3318417001294521,0.457901593236632
QLI_11,BRAIN_10,CFG,0.3754507170811775,0.3725068554400553
QLI_11,BRAIN_10,CFG,0.24922526355091407,0.2824358714990179
QLI_11,BRAIN_10,CFG,0.4317781022319359,0.5097815120214407
QLI_11,BRAIN_10,CFG,0.30509819325580767,0.32851221750550175
QLI_11,BRAIN_10,CFG,0.4259653551377124,0.4160887290363201
QLI_11,BRAIN_10,CFG,0.2752636204107447,0.251615644269387
QLI_11,BRAIN_10,CFG,0.18691340442922688,0.3805994837778276
QLI_11,BRAIN_10,CFG,0.3460110683974942,0.2261173487640321
QLI_11,BRAIN_10,CFG,0.3223584512590905,0.34801543003498925
QLI_11,BRAIN_10,CFG,0.31023903995178037,0.32756307394127954
QLI_11,BRAIN_10,CFG,0.23778951382798558,0.20998525902279863
QLI_11,BRAIN_10,CFG,0.39043726121762345,0.42558834990270467
QLI_11,BRAIN_10,CFG,0.3306627926351915,0.27370628683965803
QLI_11,BRAIN_10,CFG,0.2563571777619587,0.33406470988792425
QLI_11,BRAIN_10,CFG,0.36423889764907513,0.36301141942762194
QLI_11,BRAIN_10,CFG,0.3194872400220626,0.3213205297388875
QLI_11,BRAIN_10,CFG,0.32387154834548254,0.4971556702641477
QLI_11,BRAIN_10,CFG,0.2867455703486912,0.3241373132223401
QLI_11,BRAIN_10,CFG,0.2965349865223362,0.48828609342816176
QLI_11,BRAIN_10,CFG,0.232135632528714,0.3534028874981464
QLI_11,BRAIN_10,CFG,0.31148677572694794,0.332259744689234
QLI_11,BRAIN_10,CFG,0.3190627461223211,0.37699461580923843
QLI_11,BRAIN_10,CFG,0.3236859394960271,0.445727417036788
QLI_11,BRAIN_10,CFG,0.34204130202564903,0.30087939292549426
QLI_11,BRAIN_10,CFG,0.2230653583277766,0.333416000458591
QLI_11,BRAIN_10,CFG,0.23444603203652714,0.23206202002588397
QLI_11,BRAIN_10,CFG,0.27830281306677346,0.3824516585605394
QLI_11,BRAIN_10,CFG,0.24697222611314948,0.3057138658259658
QLI_11,BRAIN_10,CFG,0.30719735765831846,0.3053595197992349
QLI_11,BRAIN_10,CFG,0.3408730135626446,0.437910139443838
QLI_11,BRAIN_10,CFG,0.36801996434926876,0.43019392321671013
QLI_11,BRAIN_10,CFG,0.2860758681826833,0.37077981665352705
QLI_11,BRAIN_10,CFG,0.47333252376859714,0.46043453389924305
QLI_11,BRAIN_10,CFG,0.34287757315253353,0.31633389904021497
QLI_11,BRAIN_10,CFG,0.4383402944751134,0.3476663007108755
QLI_11,BRAIN_10,CFG,0.32095249254508346,0.36853911261420613
QLI_11,BRAIN_10,CFG,0.40627777906466833,0.2701193843950719
QLI_11,BRAIN_10,CFG,0.3197150172637644,0.3329092800782766
QLI_11,BRAIN_10,CFG,0.37135095621944997,0.3558389292947816
QLI_11,BRAIN_10,CFG,0.31266297390268233,0.2997351385280686
QLI_11,BRAIN_10,CFG,0.3770969737184614,0.34026371104332753
QLI_11,BRAIN_10,CFG,0.13316324788496353,0.20807289709626214
QLI_11,BRAIN_10,CFG,0.3433963544850576,0.3626393121556857
QLI_11,BRAIN_10,CFG,0.35704484568342765,0.47358011361722624
QLI_11,BRAIN_10,CFG,0.3493170233754676,0.3376822483519253
QLI_11,BRAIN_10,CFG,0.2663290939561944,0.2510583340382745
QLI_11,BRAIN_10,CFG,0.2611598922192615,0.24108080446365937
QLI_11,BRAIN_10,CFG,0.33019208312425163,0.3414740308288342
QLI_11,BRAIN_10,CFG,0.41160381947130453,0.31834224843322345
QLI_11,BRAIN_10,CFG,0.30353922252758714,0.32092410563041474
QLI_11,BRAIN_10,CFG,0.29033121646705806,0.2724718994842843
QLI_11,BRAIN_10,CFG,0.3044472076196056,0.41082050716267837
QLI_11,BRAIN_10,CFG,0.3451158574678828,0.3938093794630605
QLI_11,BRAIN_10,CFG,0.3125497704560722,0.29705913056404276
QLI_11,BRAIN_10,CFG,0.35128031724871345,0.2854402371758068
QLI_11,BRAIN_10,CFG,0.36066575229839865,0.33040633073450676
QLI_11,BRAIN_10,CFG,0.4227596531677605,0.38837369079999284
QLI_11,BRAIN_10,CFG,0.21259861720274836,0.3509663260987308
QLI_11,BRAIN_10,CFG,0.26778334682088284,0.2629506585077931
QLI_11,BRAIN_10,CFG,0.29206853091843393,0.1957580818617473
QLI_11,BRAIN_10,CFG,0.3579965525636227,0.3459122452692135
QLI_11,BRAIN_10,CFG,0.2515441191328796,0.4714664368774509
QLI_11,BRAIN_10,CFG,0.3429266967832036,0.3327790361637758
QLI_11,BRAIN_10,CFG,0.3108476273881328,0.2910464830531922
QLI_11,BRAIN_10,CFG,0.3367055962812624,0.46334761184611895
QLI_11,BRAIN_10,CFG,0.29063618491538107,0.24223114448794203
QLI_11,BRAIN_10,CFG,0.2774987718258245,0.21337115944726687
QLI_11,BRAIN_10,CFG,0.3459664450779954,0.4465815940837794
QLI_11,BRAIN_10,CFG,0.5366122889882378,0.3807393254931319
QLI_11,BRAIN_10,CFG,0.2764695633349701,0.27886278725051045
QLI_11,BRAIN_10,CFG,0.26455227048205754,0.2358114660317572
QLI_11,BRAIN_10,CFG,0.3317174671096727,0.41052620949349783
QLI_11,BRAIN_10,CFG,0.4371552202890484,0.3282652778328754
QLI_11,BRAIN_10,CFG,0.3707630546389614,0.33845652270733895
QLI_11,BRAIN_10,CFG,0.42582799522114406,0.33558096813295274
QLI_11,BRAIN_10,CFG,0.3551036741922653,0.3262807076593705
QLI_11,BRAIN_10,CFG,0.33004566743241126,0.41040355267370454
QLI_11,BRAIN_10,CFG,0.3431674754095424,0.31655219135618484
QLI_11,BRAIN_10,CFG,0.3043741596228647,0.26738473727120105
QLI_11,BRAIN_10,CFG,0.36682911144985747,0.3398353831691132
QLI_11,BRAIN_10,CFG,0.21319775109786807,0.24364480282951573
QLI_11,BRAIN_10,CFG,0.23892741211929439,0.21179376189340965
QLI_11,BRAIN_10,CFG,0.352708364455591,0.3792134738264116
QLI_11,BRAIN_10,CFG,0.33181222423068324,0.22912955457930512
QLI_11,BRAIN_10,CFG,0.2876855322662128,0.3013096998905517
QLI_11,BRAIN_10,CFG,0.18468931951501907,0.2773276856167957
QLI_11,BRAIN_10,CFG,0.2785324914891382,0.3726545262502472
QLI_11,BRAIN_10,CFG,0.37661187739102203,0.3191563562221842
QLI_11,BRAIN_10,CFG,0.31353694873660415,0.21672247415272974
QLI_11,BRAIN_10,CFG,0.2959335921625301,0.32678674584862644
QLI_11,BRAIN_10,CFG,0.482973315263741,0.3743729691908797
QLI_11,BRAIN_10,CFG,0.313374316787389,0.21639680392847663
QLI_11,BRAIN_10,CFG,0.3453312939093725,0.33824652686643886
QLI_11,BRAIN_10,CFG,0.27912003189748774,0.30693289282023317
QLI_11,BRAIN_10,CFG,0.31420853262507065,0.2967149156732005
QLI_11,BRAIN_10,CFG,0.29498773063006395,0.4815509918888294
QLI_11,BRAIN_10,CFG,0.43740043932767864,0.5229900736254371
QLI_11,BRAIN_10,CFG,0.1909810419527412,0.1359679243497555
QLI_11,BRAIN_10,CFG,0.29129104803832273,0.2811330808428375
QLI_11,BRAIN_10,CFG,0.40743988584911617,0.28983215701650383
QLI_11,BRAIN_10,CFG,0.3136029978178181,0.28430943050360946
QLI_11,BRAIN_10,CFG,0.35823833209009504,0.3746086479050501
QLI_11,BRAIN_10,CFG,0.22188503489465333,0.21555872920155852
QLI_11,BRAIN_10,CFG,0.2675688615109127,0.24026516103664697
QLI_11,BRAIN_10,CFG,0.4126460117587345,0.3791838213180048
QLI_11,BRAIN_10,CFG,0.2924799778407325,0.3985893458278348
QLI_11,BRAIN_10,CFG,0.3615503909011026,0.3528590795729737
QLI_11,BRAIN_10,CFG,0.31859832100273217,0.34603286504019715
QLI_11,BRAIN_10,CFG,0.20469085470219037,0.2581421727431834
QLI_11,BRAIN_10,CFG,0.3812708309736362,0.3380809678937894
QLI_11,BRAIN_10,CFG,0.392341866446444,0.44059255260615826
QLI_11,BRAIN_10,CFG,0.484940576278256,0.35695280661761986
QLI_11,BRAIN_10,CFG,0.21775589946983473,0.2284812454722091
QLI_11,BRAIN_10,CFG,0.37568639968228773,0.40635746465274236
QLI_11,BRAIN_10,CFG,0.36908570781526506,0.30901221698164205
QLI_11,BRAIN_10,CFG,0.3614277091833531,0.35055676780199796
QLI_11,BRAIN_10,CFG,0.2251664679989026,0.5276534375644661
QLI_11,BRAIN_10,CFG,0.4257229496310675,0.30900493258890627
QLI_11,BRAIN_10,CFG,0.32222521235275076,0.25939722864465165
QLI_11,BRAIN_10,CFG,0.24296871807737155,0.33779092523031923
QLI_11,BRAIN_10,CFG,0.28823192896774186,0.25801987307402213
QLI_11,BRAIN_10,CFG,0.3992099494856461,0.4461413005199424
QLI_11,BRAIN_10,CFG,0.2806315108773987,0.33178120793167015
QLI_11,BRAIN_10,CFG,0.21467651117566988,0.17072194343088087
QLI_11,BRAIN_10,CFG,0.3259529031168756,0.2561934048675565
QLI_11,BRAIN_10,CFG,0.3221971414090969,0.3242090169934041
QLI_11,BRAIN_10,CFG,0.3176217929880085,0.31582734860493683
QLI_11,BRAIN_10,WS,0.4286126404969642,0.4373463306674371
QLI_11,BRAIN_10,WS,0.37132690537150287,0.5508663655381952
QLI_11,BRAIN_10,WS,0.41722391134340664,0.43457297873298895
QLI_11,BRAIN_10,WS,0.5206920060907905,0.47420861393082814
QLI_11,BRAIN_10,WS,0.4575520232817378,0.46809770615144286
QLI_11,BRAIN_10,WS,0.43696452234243277,0.43130572720362276
QLI_11,BRAIN_10,WS,0.41866762612264063,0.4338558343359403
QLI_11,BRAIN_10,WS,0.4330811779521313,0.4771160397598033
QLI_11,BRAIN_10,WS,0.5707932699792647,0.49025119825215957
QLI_11,BRAIN_10,WS,0.4960964886340408,0.4558922668796884
QLI_11,BRAIN_10,WS,0.47996400767667097,0.48916494982637193
QLI_11,BRAIN_10,WS,0.419144645857519,0.5670867800367712
QLI_11,BRAIN_10,WS,0.4048427406752798,0.536396406709658
QLI_11,BRAIN_10,WS,0.37773504641720707,0.5162274546612995
QLI_11,BRAIN_10,WS,0.3484956772818892,0.5668833796238456
QLI_11,BRAIN_10,WS,0.38297547645572566,0.5276509285517885
QLI_11,BRAIN_10,WS,0.44993440059748496,0.4104125874052761
QLI_11,BRAIN_10,WS,0.4111388102347087,0.4784114303218333
QLI_11,BRAIN_10,WS,0.3463202958356563,0.4362787691462342
QLI_11,BRAIN_10,WS,0.4050697783257739,0.35086831895757575
QLI_11,BRAIN_10,WS,0.5500398825168605,0.5104105365739203
QLI_11,BRAIN_10,WS,0.45552699764854604,0.4093946017869098
QLI_11,BRAIN_10,WS,0.34678158172923546,0.47111092892549083
QLI_11,BRAIN_10,WS,0.3489409630141874,0.55555735269729
QLI_11,BRAIN_10,WS,0.5069423419617379,0.47616640229856527
QLI_11,BRAIN_10,WS,0.3721763706898772,0.5142735371195497
QLI_11,BRAIN_10,WS,0.4246130968857935,0.495233723468157
QLI_11,BRAIN_10,WS,0.4764745984230658,0.4120229354866309
QLI_11,BRAIN_10,WS,0.477603654303346,0.5013476807191277
QLI_11,BRAIN_10,WS,0.42784428953893006,0.4543010350273553
QLI_11,BRAIN_10,WS,0.39709416023360555,0.47136479559504674
QLI_11,BRAIN_10,WS,0.4258465684510231,0.4668690349247774
QLI_11,BRAIN_10,WS,0.40718622520789105,0.6227806063118001
QLI_11,BRAIN_10,WS,0.39415787134292835,0.44652955824775
QLI_11,BRAIN_10,WS,0.495513350445478,0.5655484347339383
QLI_11,BRAIN_10,WS,0.4124057732262272,0.48841078970330887
QLI_11,BRAIN_10,WS,0.42702144849038,0.5105770888645288
QLI_11,BRAIN_10,WS,0.4191224621175928,0.42866657468208846
QLI_11,BRAIN_10,WS,0.4316217822142793,0.4612432149288599
QLI_11,BRAIN_10,WS,0.33769393600481135,0.4165574790859283
QLI_11,BRAIN_10,WS,0.40035996220928544,0.48023519229339195
QLI_11,BRAIN_10,WS,0.3865194958465015,0.6226371990566264
QLI_11,BRAIN_10,WS,0.4124352566043607,0.5422047818781532
QLI_11,BRAIN_10,WS,0.39633699920577,0.5894393425987483
QLI_11,BRAIN_10,WS,0.3570577154528562,0.5424741299969564
QLI_11,BRAIN_10,WS,0.3709137876198747,0.5627568846361312
QLI_11,BRAIN_10,WS,0.4099015309656509,0.5656033263686471
QLI_11,BRAIN_10,WS,0.44585728350249326,0.46157520863950063
QLI_11,BRAIN_10,WS,0.433873938752138,0.39989870138270306
QLI_11,BRAIN_10,WS,0.4100608083460246,0.4502391256774747
QLI_11,BRAIN_10,WS,0.36905573129098984,0.5554178707817294
QLI_11,BRAIN_10,WS,0.4734089448760986,0.42676019274109184
QLI_11,BRAIN_10,WS,0.41307542026247174,0.5642766536274568
QLI_11,BRAIN_10,WS,0.35515877589506434,0.5833736420339526
QLI_11,BRAIN_10,WS,0.4772100599885468,0.5035062706396748
QLI_11,BRAIN_10,WS,0.4287034521400494,0.549465742245876
QLI_11,BRAIN_10,WS,0.3926928898995073,0.36419095552000946
QLI_11,BRAIN_10,WS,0.5054409237844035,0.42821487983859474
QLI_11,BRAIN_10,WS,0.39729825347716957,0.5071241706175957
QLI_11,BRAIN_10,WS,0.38757915028506973,0.5918217982136567
QLI_11,BRAIN_10,WS,0.41903256840380326,0.44873190652368133
QLI_11,BRAIN_10,WS,0.3783841439242851,0.5298050826351413
QLI_11,BRAIN_10,WS,0.4257332273030231,0.4532819663980268
QLI_11,BRAIN_10,WS,0.489893704443761,0.4650075810765138
QLI_11,BRAIN_10,WS,0.37598800661488196,0.48511830566128844
QLI_11,BRAIN_10,WS,0.34276877205454415,0.5860669346951602
QLI_11,BRAIN_10,WS,0.46364344481911335,0.489555002857568
QLI_11,BRAIN_10,WS,0.3513091139450427,0.5036937358973881
QLI_11,BRAIN_10,WS,0.500628065124343,0.4375351109753168
QLI_11,BRAIN_10,WS,0.35035596762018817,0.4692772927992376
QLI_11,BRAIN_10,WS,0.4083307680254332,0.45559875629892854
QLI_11,BRAIN_10,WS,0.45556318561940484,0.4322633889051479
QLI_11,BRAIN_10,WS,0.3803253554922192,0.43145259272083253
QLI_11,BRAIN_10,WS,0.48548170178343025,0.4554751614194662
QLI_11,BRAIN_10,WS,0.40361967327603404,0.6375812059196828
QLI_11,BRAIN_10,WS,0.4420637824857786,0.410725069071647
QLI_11,BRAIN_10,WS,0.3874620419516526,0.35813772153505224
QLI_11,BRAIN_10,WS,0.3831911110329481,0.4512637858564251
QLI_11,BRAIN_10,WS,0.42036593334490047,0.4071893295250828
QLI_11,BRAIN_10,WS,0.42477131538817414,0.3219982127217607
QLI_11,BRAIN_10,WS,0.39327647445550434,0.4983054499461075
QLI_11,BRAIN_10,WS,0.5746286517034113,0.376673137477068
QLI_11,BRAIN_10,WS,0.45377958055776896,0.49075545602421833
QLI_11,BRAIN_10,WS,0.40111687036148985,0.40270233883115225
QLI_11,BRAIN_10,WS,0.495692050872793,0.4275760588512253
QLI_11,BRAIN_10,WS,0.48112051871540557,0.5239786676948563
QLI_11,BRAIN_10,WS,0.4731005257229777,0.5819045177289862
QLI_11,BRAIN_10,WS,0.36074324717887596,0.47673390847155617
QLI_11,BRAIN_10,WS,0.4765933794262325,0.43497445486012676
QLI_11,BRAIN_10,WS,0.3640172607166381,0.5612832266710023
QLI_11,BRAIN_10,WS,0.4549746232760657,0.4915022788609682
QLI_11,BRAIN_10,WS,0.36575930881654,0.5345059768526288
QLI_11,BRAIN_10,WS,0.4903193815805551,0.35767911560265886
QLI_11,BRAIN_10,WS,0.5551140741572955,0.4341898833269894
QLI_11,BRAIN_10,WS,0.4527269527376349,0.41600696045720387
QLI_11,BRAIN_10,WS,0.47703833022622916,0.49919458321890436
QLI_11,BRAIN_10,WS,0.41304870020783224,0.4355916818435607
QLI_11,BRAIN_10,WS,0.46459805880829214,0.4494719000312208
QLI_11,BRAIN_10,WS,0.37476167443660025,0.4091029738525709
QLI_11,BRAIN_10,WS,0.476228183336951,0.4291068778799404
QLI_11,BRAIN_10,WS,0.5171819660001771,0.385815407361433
QLI_11,BRAIN_10,WS,0.3860791913079202,0.523529682286902
QLI_11,BRAIN_10,WS,0.38490706220757176,0.5710223875525134
QLI_11,BRAIN_10,WS,0.5235835541807179,0.48616429942594686
QLI_11,BRAIN_10,WS,0.44901231852269513,0.4812600440397231
QLI_11,BRAIN_10,WS,0.4368744422902436,0.4384623052461667
QLI_11,BRAIN_10,WS,0.3738106539470153,0.4464511773400409
QLI_11,BRAIN_10,WS,0.3675360086882059,0.5381055237005581
QLI_11,BRAIN_10,WS,0.341263860677359,0.49079952353042106
QLI_11,BRAIN_10,WS,0.3495573468710026,0.6036765301232639
QLI_11,BRAIN_10,WS,0.43506680929270436,0.39496054142588866
QLI_11,BRAIN_10,WS,0.40714482687100256,0.4932676687657752
QLI_11,BRAIN_10,WS,0.4029620018626502,0.4383470995361384
QLI_11,BRAIN_10,WS,0.47720573387099524,0.41885997404663877
QLI_11,BRAIN_10,WS,0.3726543654601575,0.4524611584514443
QLI_11,BRAIN_10,WS,0.38146723137238064,0.5594755580506275
QLI_11,BRAIN_10,WS,0.5213218217720562,0.5406947819591326
QLI_11,BRAIN_10,WS,0.39649516893143355,0.44498937278070494
QLI_11,BRAIN_10,WS,0.5315324548127037,0.44924332353798213
QLI_11,BRAIN_10,WS,0.4897804230657726,0.5427410507605235
QLI_11,BRAIN_10,WS,0.37707990499359706,0.5342746547833535
QLI_11,BRAIN_10,WS,0.3714675616095684,0.5815486595699062
QLI_11,BRAIN_10,WS,0.4396700660370052,0.4384476080557931
QLI_11,BRAIN_10,WS,0.486196631911164,0.49358993318924815
QLI_11,BRAIN_10,WS,0.5289456595524633,0.4301371405879445
QLI_11,BRAIN_10,WS,0.45617791380831707,0.6057605742097671
QLI_11,BRAIN_10,WS,0.5143423728534032,0.49240434059249827
QLI_11,BRAIN_10,WS,0.376066270260115,0.4553055007673055
QLI_11,BRAIN_10,WS,0.3925013692807445,0.5192966254741433
QLI_11,BRAIN_10,WS,0.42444995291055315,0.4516422912578526
QLI_11,BRAIN_10,WS,0.3555396982635867,0.4614795029257893
QLI_11,BRAIN_10,WS,0.4779698905481706,0.42941600055713613
QLI_11,BRAIN_10,WS,0.48353240951040605,0.4345965487535669
QLI_11,BRAIN_10,WS,0.3981034600919408,0.5640000667685352
QLI_11,BRAIN_10,WS,0.40873217851560806,0.48520341393937905
QLI_11,BRAIN_10,WS,0.49637372811340685,0.5828447915549431
QLI_11,BRAIN_10,WS,0.35562391358713924,0.63805736029807
QLI_11,BRAIN_10,WS,0.5461813866195414,0.5978638091080846
QLI_11,BRAIN_10,WS,0.39217865560512,0.4404236403650773
QLI_11,BRAIN_10,WS,0.3552453487423521,0.39468088588845307
QLI_11,BRAIN_10,WS,0.5384113074789569,0.422424957781556
QLI_11,BRAIN_10,WS,0.3811185339124233,0.5081884616770916
QLI_11,BRAIN_10,WS,0.35319245827180257,0.4116969229396359
QLI_11,BRAIN_10,WS,0.5088130159181277,0.4886075704181372
QLI_11,BRAIN_10,WS,0.440248228997869,0.5442718933466537
QLI_11,BRAIN_10,WS,0.48082753327444633,0.5809128236388026
QLI_11,BRAIN_10,WS,0.42797704541940546,0.3908350587381787
QLI_11,BRAIN_10,WS,0.4949308590836502,0.45889475971798144
QLI_11,BRAIN_10,WS,0.39468663578779595,0.574060798087239
QLI_11,BRAIN_10,WS,0.47311826232852316,0.3916101217609559
QLI_11,BRAIN_10,WS,0.4784559620980921,0.5457849724189698
QLI_11,BRAIN_10,WS,0.4338185890663632,0.37889331040888785
QLI_11,BRAIN_10,WS,0.36868757495966614,0.5203004075942981
QLI_11,BRAIN_10,WS,0.5054253445107202,0.61391721502085
QLI_11,BRAIN_10,WS,0.49107063820184116,0.5594481482712498
QLI_11,BRAIN_10,WS,0.4142368696379975,0.609927054434573
QLI_11,BRAIN_10,WS,0.34654395648125286,0.5682952223574451
QLI_11,BRAIN_10,WS,0.4036609435776602,0.469070404400318
QLI_11,BRAIN_10,WS,0.34206379661621134,0.5205180309151435
QLI_11,BRAIN_10,WS,0.3457671722423806,0.5970947413119482
QLI_11,BRAIN_10,WS,0.358097662898688,0.40004317202593287
QLI_11,BRAIN_10,WS,0.5465618530335473,0.47593173467452254
QLI_11,BRAIN_10,WS,0.41333640531919336,0.49613884421467414
QLI_11,BRAIN_10,WS,0.3998078498543628,0.42679218485695236
QLI_11,BRAIN_10,WS,0.6091208386208897,0.5934272387711446
QLI_11,BRAIN_10,WS,0.44403577800395605,0.4391579261377647
QLI_11,BRAIN_10,WS,0.4186786483509504,0.4282482972090322
QLI_11,BRAIN_10,WS,0.4626909630487454,0.46863205301797894
QLI_11,BRAIN_10,WS,0.3550408973944,0.44873190652368133
QLI_11,BRAIN_10,WS,0.43795746199450636,0.5795403930993921
QLI_11,BRAIN_10,WS,0.42574178690648656,0.4934862646124869
QLI_11,BRAIN_10,WS,0.3619515421470517,0.5216951308107076
QLI_11,BRAIN_10,WS,0.4238354943156891,0.5642082090483972
QLI_11,BRAIN_10,WS,0.375441614304207,0.5175521497820348
QLI_11,BRAIN_10,WS,0.3783138674128637,0.4659075571710484
QLI_11,BRAIN_10,WS,0.4033867120250988,0.4543351468156188
QLI_11,BRAIN_10,WS,0.35037067902337754,0.5330170684706215
QLI_11,BRAIN_10,WS,0.39236159940778825,0.5610202132969726
QLI_11,BRAIN_10,WS,0.381332282534786,0.4714420076169453
QLI_11,BRAIN_10,WS,0.47941867903827934,0.4821253681504044
QLI_11,BRAIN_10,WS,0.48095380040288854,0.47705438697543645
QLI_11,BRAIN_10,WS,0.4491479712465399,0.48705307730741343
QLI_11,BRAIN_10,WS,0.3983994034565711,0.5872738869908152
QLI_11,BRAIN_10,WS,0.4928663739143063,0.5538897082955689
QLI_11,BRAIN_10,WS,0.35499658252360883,0.35170975163102525
QLI_11,BRAIN_10,WS,0.4070510734504129,0.39297751892636246
QLI_11,BRAIN_10,WS,0.5639347984822158,0.5036678145026137
QLI_11,BRAIN_10,WS,0.4423798443560653,0.402282979045563
QLI_11,BRAIN_10,WS,0.3984982151852653,0.46517324823243833
QLI_11,BRAIN_10,WS,0.4897475184349055,0.46419095005006916
QLI_11,BRAIN_10,WS,0.4489594900496035,0.5531896806500622
QLI_11,BRAIN_10,WS,0.35856986201998126,0.35216526985546737
QLI_11,BRAIN_10,WS,0.3719267153598437,0.36243758414703775
QLI_11,BRAIN_10,WS,0.4175983739166926,0.4789002433863266
QLI_11,BRAIN_10,WS,0.5666712269354164,0.46070114468691636
QLI_11,BRAIN_10,WS,0.3577785553858281,0.5191712122243223
QLI_11,BRAIN_10,WS,0.3367018391112851,0.48317673517581655
QLI_11,BRAIN_10,WS,0.3790439795971994,0.5512721431303937
QLI_11,BRAIN_10,WS,0.34622482334760385,0.5297637114683711
QLI_11,BRAIN_10,WS,0.4270081340678767,0.4544517274095723
QLI_11,BRAIN_10,BA,0.2819405319848316,0.35849011948432397
QLI_11,BRAIN_10,BA,0.238808291130024,0.3588961377617849
QLI_11,BRAIN_10,BA,0.4037331538905929,0.2864858861701023
QLI_11,BRAIN_10,BA,0.21226917941495152,0.3973065684168603
QLI_11,BRAIN_10,BA,0.31123871245150053,0.41728773467648106
QLI_11,BRAIN_10,BA,0.38376701923380846,0.31757712395013693
QLI_11,BRAIN_10,BA,0.3403650457371043,0.3368049131168786
QLI_11,BRAIN_10,BA,0.26567632426508364,0.2899447373796133
QLI_11,BRAIN_10,BA,0.2686871223628218,0.47348541073783246
QLI_11,BRAIN_10,BA,0.284053378950211,0.317253951344574
QLI_11,BRAIN_10,BA,0.2656316614967199,0.36248098286243124
QLI_11,BRAIN_10,BA,0.2920045253029584,0.3224566741217735
QLI_11,BRAIN_10,BA,0.347140214842352,0.32531988472674167
QLI_11,BRAIN_10,BA,0.28753994939872746,0.28539173172791155
QLI_11,BRAIN_10,BA,0.25413784039299336,0.2636390745651022
QLI_11,BRAIN_10,BA,0.25454246705888267,0.30023131311260165
QLI_11,BRAIN_10,BA,0.24197771784010258,0.35707371890033757
QLI_11,BRAIN_10,BA,0.21774716758450086,0.335725957092076
QLI_11,BRAIN_10,BA,0.27587003202000315,0.37869328368617616
QLI_11,BRAIN_10,BA,0.2444260393093391,0.4267426792248764
QLI_11,BRAIN_10,BA,0.4421245144923322,0.34437644090035485
QLI_11,BRAIN_10,BA,0.29403066707023096,0.2766814624964573
QLI_11,BRAIN_10,BA,0.3464640544765538,0.38344145092384996
QLI_11,BRAIN_10,BA,0.3047328742365268,0.3439292645540649
QLI_11,BRAIN_10,BA,0.3741864648338086,0.3464250680148935
QLI_11,BRAIN_10,BA,0.5252142663194865,0.36596345627556714
QLI_11,BRAIN_10,BA,0.3174763115673941,0.3658523416504045
QLI_11,BRAIN_10,BA,0.3104982557657866,0.31323808596686614
QLI_11,BRAIN_10,BA,0.2626405480195085,0.35608783993109816
QLI_11,BRAIN_10,BA,0.25203931587354433,0.33642172471093945
QLI_11,BRAIN_10,BA,0.24430343879834443,0.35187207902121015
QLI_11,BRAIN_10,BA,0.2717009371040423,0.32578444747123236
QLI_11,BRAIN_10,BA,0.32762846907856225,0.48766891079338387
QLI_11,BRAIN_10,BA,0.35679259159249394,0.44968582373885246
QLI_11,BRAIN_10,BA,0.26986672187920446,0.33433205210196293
QLI_11,BRAIN_10,BA,0.2949981245842727,0.41058640618143116
QLI_11,BRAIN_10,BA,0.44870652470336025,0.4751905076185963
QLI_11,BRAIN_10,BA,0.2660206234597481,0.38115398014626906
QLI_11,BRAIN_10,BA,0.27480655214508387,0.3010719754123694
QLI_11,BRAIN_10,BA,0.36251795353904437,0.3874266385790088
QLI_11,BRAIN_10,BA,0.2543433628434707,0.4183007393911865
QLI_11,BRAIN_10,BA,0.2365244929682026,0.38513872389822124
QLI_11,BRAIN_10,BA,0.33875399277488233,0.3395076174667876
QLI_11,BRAIN_10,BA,0.38178538397441636,0.41256809218192836
QLI_11,BRAIN_10,BA,0.2504626661045707,0.32981652805355544
QLI_11,BRAIN_10,BA,0.2431722465278492,0.41095303450321785
QLI_11,BRAIN_10,BA,0.2895110201758987,0.44534565655032277
QLI_11,BRAIN_10,BA,0.20581769355591262,0.24256412217931012
QLI_11,BRAIN_10,BA,0.2488468961997026,0.30525770893591575
QLI_11,BRAIN_10,BA,0.2907881648407937,0.3568744618528784
QLI_11,BRAIN_10,BA,0.2525012500854525,0.34003377327764894
QLI_11,BRAIN_10,BA,0.24716047504561478,0.42930875030807886
QLI_11,BRAIN_10,BA,0.249122734714971,0.3059399666850026
QLI_11,BRAIN_10,BA,0.4008466383190424,0.31085123322971187
QLI_11,BRAIN_10,BA,0.24200520231022013,0.3818562476097346
QLI_11,BRAIN_10,BA,0.2535058110633278,0.3735785749263711
QLI_11,BRAIN_10,BA,0.23529447609085863,0.4782524249552565
QLI_11,BRAIN_10,BA,0.3078177136133149,0.30841739369703214
QLI_11,BRAIN_10,BA,0.3934868286868701,0.30974221374025734
QLI_11,BRAIN_10,BA,0.22653438787804517,0.4850596316168879
QLI_11,BRAIN_10,BA,0.2293878065347564,0.31439024090329404
QLI_11,BRAIN_10,BA,0.2809715066655356,0.31130983916210536
QLI_11,BRAIN_10,BA,0.26851388357427214,0.3746878276758068
QLI_11,BRAIN_10,BA,0.3206726824956127,0.3943553377332314
QLI_11,BRAIN_10,BA,0.3305246556582024,0.42345727264294475
QLI_11,BRAIN_10,BA,0.20480292579120074,0.30420035431535164
QLI_11,BRAIN_10,BA,0.2584845478453551,0.36699099866000406
QLI_11,BRAIN_10,BA,0.19778595244236313,0.25631305325439524
QLI_11,BRAIN_10,BA,0.30121354810671414,0.38016009166058523
QLI_11,BRAIN_10,BA,0.23008855866186503,0.36031715971032696
QLI_11,BRAIN_10,BA,0.24539303780260388,0.3390461648467602
QLI_11,BRAIN_10,BA,0.27281325231200515,0.41995136796473964
QLI_11,BRAIN_10,BA,0.20464356219789503,0.24946592004568094
QLI_11,BRAIN_10,BA,0.46016743258889103,0.4010141676662311
QLI_11,BRAIN_10,BA,0.36677680410171576,0.3835530226254259
QLI_11,BRAIN_10,BA,0.31279696864062567,0.38077691346959264
QLI_11,BRAIN_10,BA,0.2630672039034333,0.3570387914888862
QLI_11,BRAIN_10,BA,0.37721261321884647,0.3922036160159197
QLI_11,BRAIN_10,BA,0.310748678258408,0.336022855962696
QLI_11,BRAIN_10,BA,0.24590894162085966,0.32958914209668655
QLI_11,BRAIN_10,BA,0.21369579305168693,0.30079554119680535
QLI_11,BRAIN_10,BA,0.3015929900415792,0.34141230208861173
QLI_11,BRAIN_10,BA,0.2866033115992567,0.4961216052507993
QLI_11,BRAIN_10,BA,0.33988404987531406,0.3492266709277828
QLI_11,BRAIN_10,BA,0.21563316373477026,0.27522855425802134
QLI_11,BRAIN_10,BA,0.2517722977302416,0.4604863565035322
QLI_11,BRAIN_10,BA,0.46826985934461485,0.3766984843634671
QLI_11,BRAIN_10,BA,0.22607407741132768,0.31157344427162975
QLI_11,BRAIN_10,BA,0.2992244918276101,0.3832383164399691
QLI_11,BRAIN_10,BA,0.2947785646707062,0.38796374091774666
QLI_11,BRAIN_10,BA,0.24410667457353466,0.3530641277106633
QLI_11,BRAIN_10,BA,0.2103897100557268,0.2914658664769437
QLI_11,BRAIN_10,BA,0.2864072158039111,0.38506958390352974
QLI_11,BRAIN_10,BA,0.23069433028149622,0.39690968782072744
QLI_11,BRAIN_10,BA,0.2656559713559867,0.37945372076966644
QLI_11,BRAIN_10,BA,0.2753169462633547,0.3371002928554221
QLI_11,BRAIN_10,BA,0.38335909927155937,0.3086985541071495
QLI_11,BRAIN_10,BA,0.2725858929023797,0.4163129719237482
QLI_11,BRAIN_10,BA,0.2685401227517123,0.5285270793027459
QLI_11,BRAIN_10,BA,0.3992592148922775,0.3928540983781057
QLI_11,BRAIN_10,BA,0.2902280720815024,0.2856391419935357
QLI_11,BRAIN_10,BA,0.3004592710090146,0.44135840627585987
QLI_11,BRAIN_10,BA,0.32688476001365435,0.3613638050693356
QLI_11,BRAIN_10,BA,0.2472841453590338,0.2887938840884206
QLI_11,BRAIN_10,BA,0.31861568293053016,0.37105705166008374
QLI_11,BRAIN_10,BA,0.21549299672456493,0.2710467585220215
QLI_11,BRAIN_10,BA,0.27082996091566536,0.323213132463122
QLI_11,BRAIN_10,BA,0.38221987835222326,0.3923981133107237
QLI_11,BRAIN_10,BA,0.23062309875346731,0.34075190281095885
QLI_11,BRAIN_10,BA,0.2524585973079832,0.34374498543918897
QLI_11,BRAIN_10,BA,0.33526018697548965,0.39961474539159203
QLI_11,BRAIN_10,BA,0.3559055960286107,0.3087690969399062
QLI_11,BRAIN_10,BA,0.3383248220276587,0.3284026711241277
QLI_11,BRAIN_10,BA,0.25914729429843464,0.3271450297282044
QLI_11,BRAIN_10,BA,0.23324909301520924,0.31267667074290867
QLI_11,BRAIN_10,BA,0.3112405010860522,0.39108116516368274
QLI_11,BRAIN_10,BA,0.30472133426685694,0.33009333931100904
QLI_11,BRAIN_10,BA,0.3118570503754661,0.3043786011242702
QLI_11,BRAIN_10,BA,0.1905773790501738,0.3113360529874278
QLI_11,BRAIN_10,BA,0.34288241817505316,0.40881387369910327
QLI_11,BRAIN_10,BA,0.26487049393320283,0.278312032644639
QLI_11,BRAIN_10,BA,0.20048244600499868,0.29582575187020255
QLI_11,BRAIN_10,BA,0.21488613643290053,0.3963604105334708
QLI_11,BRAIN_10,BA,0.41664206997538317,0.34916756925379633
QLI_11,BRAIN_10,BA,0.22786777731872146,0.3763885295253374
QLI_11,BRAIN_10,BA,0.3193199418147583,0.3543692382956374
QLI_11,BRAIN_10,BA,0.2206268469952053,0.46811522201521283
QLI_11,BRAIN_10,BA,0.4553450767851566,0.2763805921526452
QLI_11,BRAIN_10,BA,0.3077417000979068,0.36820928995271696
QLI_11,BRAIN_10,BA,0.29804724207483474,0.3407612113683628
QLI_11,BRAIN_10,BA,0.26801494564753603,0.5793380534563926
QLI_11,BRAIN_10,BA,0.2312240675427911,0.2866369310706209
QLI_11,BRAIN_10,BA,0.25229210084594006,0.30778783690662787
QLI_11,BRAIN_10,BA,0.2407874832160468,0.5226007430614006
QLI_11,BRAIN_10,BA,0.3083296687074409,0.3377282199651913
QLI_11,BRAIN_10,BA,0.25070184488875596,0.3933024897055619
QLI_11,BRAIN_10,BA,0.28442340901441004,0.3091891966818662
QLI_11,BRAIN_10,BA,0.33780333823335973,0.39768753000844814
QLI_11,BRAIN_10,BA,0.31243296085383215,0.4649724314121926
QLI_11,BRAIN_10,BA,0.3620686671395863,0.3830951109795053
QLI_11,BRAIN_10,BA,0.2327884675549181,0.3473874286886815
QLI_11,BRAIN_10,BA,0.2523281991642311,0.39197897448893854
QLI_11,BRAIN_10,BA,0.2788883841044875,0.23401602102017813
QLI_11,BRAIN_10,BA,0.351546458773233,0.31055071210149654
QLI_11,BRAIN_10,BA,0.3127545450238743,0.35779595186110075
QLI_11,BRAIN_10,BA,0.34098564510538637,0.44287411789079156
QLI_11,BRAIN_10,BA,0.3362268987245742,0.3306292391338099
QLI_11,BRAIN_10,BA,0.3570649388974324,0.19574347634485012
QLI_11,BRAIN_10,BA,0.22060592415629862,0.273395235520392
QLI_11,BRAIN_10,BA,0.36304571543204467,0.37465595330017937
QLI_11,BRAIN_10,BA,0.30430005824092,0.4285459372655389
QLI_11,BRAIN_10,BA,0.2893384523541403,0.33740450109934633
QLI_11,BRAIN_10,BA,0.302726945050946,0.3540481325504107
QLI_11,BRAIN_10,BA,0.3819046243696755,0.4261764302331925
QLI_11,BRAIN_10,BA,0.19780907612224022,0.31067129637057045
QLI_11,BRAIN_10,BA,0.3155257246543873,0.3800491386910882
QLI_11,BRAIN_10,BA,0.2080888367791797,0.3662151659619744
QLI_11,BRAIN_10,BA,0.380649874439736,0.27922660690590584
QLI_11,BRAIN_10,BA,0.3257854620768867,0.39908223680748445
QLI_11,BRAIN_10,BA,0.26777022093548697,0.33121962055292875
QLI_11,BRAIN_10,BA,0.2704854479276804,0.3825806297192673
QLI_11,BRAIN_10,BA,0.24877365765137982,0.36361827313637174
QLI_11,BRAIN_10,BA,0.19116966310552216,0.18110040530176227
QLI_11,BRAIN_10,BA,0.30891614733711653,0.34904936107935847
QLI_11,BRAIN_10,BA,0.2435628651066575,0.2453093692673258
QLI_11,BRAIN_10,BA,0.24086540910616241,0.2699132188227696
QLI_11,BRAIN_10,BA,0.3690533998073985,0.31942757598553473
QLI_11,BRAIN_10,BA,0.20084842427442537,0.5600621136331305
QLI_11,BRAIN_10,BA,0.23108821976109,0.4774720126540258
QLI_11,BRAIN_10,BA,0.3621030650857959,0.3828317797152613
QLI_11,BRAIN_10,BA,0.23829066270383778,0.3104108148556834
QLI_11,BRAIN_10,BA,0.25289636921143843,0.34611821594446857
QLI_11,BRAIN_10,BA,0.26039109901601104,0.37678928415393015
QLI_11,BRAIN_10,BA,0.19880017103048503,0.34163309399844194
QLI_11,BRAIN_10,BA,0.3127174737319764,0.3262752579274535
QLI_11,BRAIN_10,BA,0.27814780640416037,0.37433648445769996
QLI_11,BRAIN_10,BA,0.31860828994832713,0.4927662093577778
QLI_11,BRAIN_10,BA,0.23982679817232494,0.34077695277769837
QLI_11,BRAIN_10,BA,0.29088942420131286,0.3675052835924492
QLI_11,BRAIN_10,BA,0.21194925121393118,0.33069839484612223
QLI_11,BRAIN_10,BA,0.33415476461895605,0.35104840572053986
QLI_11,BRAIN_10,BA,0.2770283815429836,0.2787897921230188
QLI_11,BRAIN_10,BA,0.2274359079636109,0.3377715147803407
QLI_11,BRAIN_10,BA,0.19843422319370127,0.31772877868280724
QLI_11,BRAIN_10,BA,0.242146709129536,0.31861884436431437
QLI_11,BRAIN_10,BA,0.3126749075459205,0.2823826652248967
QLI_11,BRAIN_10,BA,0.2956775374297573,0.4330426126870513
QLI_11,BRAIN_10,BA,0.290071277005006,0.44363057003091555
QLI_11,BRAIN_10,BA,0.38057261630816197,0.42163952514164643
QLI_11,BRAIN_10,BA,0.3297976781050748,0.3588341563908496
QLI_11,BRAIN_10,BA,0.29776423824312254,0.363863823496626
QLI_11,BRAIN_10,BA,0.4103942017879791,0.3923785193326446
QLI_11,BRAIN_10,BA,0.24462319391057222,0.33358987623557645
QLI_11,BRAIN_10,BA,0.284263127590388,0.3420524118969095
QLI_11,BRAIN_10,BA,0.2529128205130649,0.4696271352140997
QLI_11,BRAIN_10,BA,0.45235070667935656,0.3129780073186307
QLI_11,BRAIN_10,BA,0.2886292497659783,0.38949809084423337
QLI_11,BRAIN_10,BA,0.36643790609011195,0.37128401386784954
QLI_11,BRAIN_10,BA,0.24201222559932706,0.34929121096661964
QLI_11,BRAIN_10,BA,0.2860652594266989,0.42613214354053525
QLI_11,BRAIN_10,GEO,0.6354961954428512,0.5692345419727627
QLI_11,BRAIN_10,GEO,0.5560442272139701,0.5625972324251981
QLI_11,BRAIN_10,GEO,0.7070294299235238,0.6372345153497845
QLI_11,BRAIN_10,GEO,0.6014349357991544,0.6441050006963869
QLI_11,BRAIN_10,GEO,0.6482055522289533,0.6345383490512282
QLI_11,BRAIN_10,GEO,0.5694289327935443,0.6345407842919817
QLI_11,BRAIN_10,GEO,0.6142413380008906,0.5564330296667171
QLI_11,BRAIN_10,GEO,0.6995633326926876,0.5854530083931211
QLI_11,BRAIN_10,GEO,0.6011025072794256,0.6315191203151871
QLI_11,BRAIN_10,GEO,0.6467714570250974,0.6227294138079618
QLI_11,BRAIN_10,GEO,0.642391308797527,0.6067806049579931
QLI_11,BRAIN_10,GEO,0.5831449979091528,0.600098894432205
QLI_11,BRAIN_10,GEO,0.6506997458938943,0.6078854007549312
QLI_11,BRAIN_10,GEO,0.6286576772474134,0.6460192314783813
QLI_11,BRAIN_10,GEO,0.6355241577330356,0.625686220822878
QLI_11,BRAIN_10,GEO,0.6773211838201441,0.5877474503037543
QLI_11,BRAIN_10,GEO,0.6176587485316435,0.642187372332881
QLI_11,BRAIN_10,GEO,0.6367228241173889,0.5657735803020749
QLI_11,BRAIN_10,GEO,0.552735263882121,0.5169731569764363
QLI_11,BRAIN_10,GEO,0.496898725340866,0.6254209832116057
QLI_11,BRAIN_10,GEO,0.5872622507424129,0.6198143461246726
QLI_11,BRAIN_10,GEO,0.5845944010014915,0.642787174355544
QLI_11,BRAIN_10,GEO,0.6549134844537473,0.6118200156683249
QLI_11,BRAIN_10,GEO,0.6592450371097482,0.599457260443953
QLI_11,BRAIN_10,GEO,0.5892610945365047,0.5973460890100101
QLI_11,BRAIN_10,GEO,0.7582984706897761,0.6255734909237506
QLI_11,BRAIN_10,GEO,0.6230525409750465,0.6481039576621985
QLI_11,BRAIN_10,GEO,0.7038642746971143,0.6174035747951985
QLI_11,BRAIN_10,GEO,0.5358292294077922,0.6601391209227545
QLI_11,BRAIN_10,GEO,0.4778534257963296,0.5617992670052445
QLI_11,BRAIN_10,GEO,0.5707987282307788,0.5650708418568666
QLI_11,BRAIN_10,GEO,0.5696449282052884,0.6144360011545029
QLI_11,BRAIN_10,GEO,0.6299930877858437,0.5982680720738435
QLI_11,BRAIN_10,GEO,0.7040620019818384,0.6108795078617489
QLI_11,BRAIN_10,GEO,0.6479639141111455,0.5738222545479612
QLI_11,BRAIN_10,GEO,0.6642151511380109,0.538984941161931
QLI_11,BRAIN_10,GEO,0.6695404876797236,0.6250739157723446
QLI_11,BRAIN_10,GEO,0.6504243246343854,0.5571056941401734
QLI_11,BRAIN_10,GEO,0.5314534982634205,0.6585578239924637
QLI_11,BRAIN_10,GEO,0.6761105266382528,0.5969314141871863
QLI_11,BRAIN_10,GEO,0.6415138315299053,0.6599985593261256
QLI_11,BRAIN_10,GEO,0.5202492629109859,0.6130433132288957
QLI_11,BRAIN_10,GEO,0.5820348314516502,0.6419188251844046
QLI_11,BRAIN_10,GEO,0.6754418577210126,0.5761126397619211
QLI_11,BRAIN_10,GEO,0.670951904461878,0.5893035557516341
QLI_11,BRAIN_10,GEO,0.6766637756097441,0.5879433337259825
QLI_11,BRAIN_10,GEO,0.6493283812689712,0.5642764754795522
QLI_11,BRAIN_10,GEO,0.7164347309612276,0.6243973796034052
QLI_11,BRAIN_10,GEO,0.668324586138187,0.6025128737966581
QLI_11,BRAIN_10,GEO,0.5902689939166859,0.6647419102596865
QLI_11,BRAIN_10,GEO,0.6174922381799688,0.641731120206263
QLI_11,BRAIN_10,GEO,0.6851434493822338,0.5407704374945432
QLI_11,BRAIN_10,GEO,0.7132569723721749,0.6709090903187083
QLI_11,BRAIN_10,GEO,0.5272878882664216,0.5219239416526233
QLI_11,BRAIN_10,GEO,0.6373035799984047,0.5696262300089567
QLI_11,BRAIN_10,GEO,0.6880826013930889,0.6029849442455065
QLI_11,BRAIN_10,GEO,0.6204509955158768,0.6361893108765638
QLI_11,BRAIN_10,GEO,0.6152683458106354,0.5758893438165746
QLI_11,BRAIN_10,GEO,0.5894263850142832,0.5793500359722717
QLI_11,BRAIN_10,GEO,0.5547732027629398,0.6337366334823469
QLI_11,BRAIN_10,GEO,0.6017847272785377,0.6187636623345155
QLI_11,BRAIN_10,GEO,0.5856492367802791,0.6255033721178526
QLI_11,BRAIN_10,GEO,0.6385775308576762,0.6180768660720664
QLI_11,BRAIN_10,GEO,0.6161096993903636,0.6216657838720173
QLI_11,BRAIN_10,GEO,0.5840328680635201,0.5901425619415885
QLI_11,BRAIN_10,GEO,0.6455972333407746,0.6400178504346629
QLI_11,BRAIN_10,GEO,0.5940365786075603,0.6023371525840668
QLI_11,BRAIN_10,GEO,0.7025668385370041,0.600150702336594
QLI_11,BRAIN_10,GEO,0.56066101342029,0.5445356878957837
QLI_11,BRAIN_10,GEO,0.5777152236089673,0.5830061712211707
QLI_11,BRAIN_10,GEO,0.6274541613346388,0.6860909258487922
QLI_11,BRAIN_10,GEO,0.6421827961352494,0.6093816079226955
QLI_11,BRAIN_10,GEO,0.6853813760470049,0.6154423470803561
QLI_11,BRAIN_10,GEO,0.6826817696589743,0.6419619678708612
QLI_11,BRAIN_10,GEO,0.676854286967029,0.559518895077955
QLI_11,BRAIN_10,GEO,0.6468222993141105,0.5363694099349819
QLI_11,BRAIN_10,GEO,0.5819265299555177,0.6675459319272166
QLI_11,BRAIN_10,GEO,0.6087420736758486,0.5063243071828376
QLI_11,BRAIN_10,GEO,0.502003885008729,0.55434254989735
QLI_11,BRAIN_10,GEO,0.5308899929024608,0.5685569382140694
QLI_11,BRAIN_10,GEO,0.6573787131680376,0.64640220187107
QLI_11,BRAIN_10,GEO,0.720268052022547,0.6335484295898506
QLI_11,BRAIN_10,GEO,0.5941060744246444,0.5310076521830351
QLI_11,BRAIN_10,GEO,0.5992813044206732,0.5820560128031897
QLI_11,BRAIN_10,GEO,0.6769317356796124,0.6678345243267261
QLI_11,BRAIN_10,GEO,0.7346031682798273,0.5717154110163398
QLI_11,BRAIN_10,GEO,0.7062266926242744,0.6110093011014792
QLI_11,BRAIN_10,GEO,0.685196399070237,0.6578285185540653
QLI_11,BRAIN_10,GEO,0.6835317475127526,0.6224941465415215
QLI_11,BRAIN_10,GEO,0.6598127803744599,0.5616803036622205
QLI_11,BRAIN_10,GEO,0.6362111849794568,0.6368230666620794
QLI_11,BRAIN_10,GEO,0.6455474595089469,0.6000527312676023
QLI_11,BRAIN_10,GEO,0.6635080952089326,0.5133829083088153
QLI_11,BRAIN_10,GEO,0.6009274351939027,0.6028615892108702
QLI_11,BRAIN_10,GEO,0.577440132575768,0.644979664662171
QLI_11,BRAIN_10,GEO,0.5828313397423316,0.5846805171997647
QLI_11,BRAIN_10,GEO,0.6944249272443527,0.5569289974361813
QLI_11,BRAIN_10,GEO,0.563843706508597,0.6387839124820993
QLI_11,BRAIN_10,GEO,0.626384343024076,0.554256587716534
QLI_11,BRAIN_10,GEO,0.5824244387163927,0.5708740267435932
QLI_11,BRAIN_10,GEO,0.7182792448087476,0.6486346666307399
QLI_11,BRAIN_10,GEO,0.6750813557916439,0.6117342677283755
QLI_11,BRAIN_10,GEO,0.7128846083362078,0.6481782091259387
QLI_11,BRAIN_10,GEO,0.6917961278471843,0.6188579122281008
QLI_11,BRAIN_10,GEO,0.6459451934412819,0.6339982231389176
QLI_11,BRAIN_10,GEO,0.6365028824902662,0.6234384065544412
QLI_11,BRAIN_10,GEO,0.5731047615201508,0.5950434934803365
QLI_11,BRAIN_10,GEO,0.4990188106801573,0.5772886050883195
QLI_11,BRAIN_10,GEO,0.7356677854102655,0.5348813530248246
QLI_11,BRAIN_10,GEO,0.6921224160913013,0.6348684864716951
QLI_11,BRAIN_10,GEO,0.7333710155568186,0.5617355959738253
QLI_11,BRAIN_10,GEO,0.6244978837349208,0.6037766559541516
QLI_11,BRAIN_10,GEO,0.5975609465651074,0.6274598700202101
QLI_11,BRAIN_10,GEO,0.6189543547013535,0.5313561779718177
QLI_11,BRAIN_10,GEO,0.637644138989818,0.606006172243778
QLI_11,BRAIN_10,GEO,0.6101497635717652,0.5090053930455501
QLI_11,BRAIN_10,GEO,0.6489586415653638,0.6363864715335137
QLI_11,BRAIN_10,GEO,0.5824742942759993,0.5468522569599743
QLI_11,BRAIN_10,GEO,0.5610316326556398,0.5536607979850822
QLI_11,BRAIN_10,GEO,0.6665150666442552,0.6856160770266557
QLI_11,BRAIN_10,GEO,0.6426993640777231,0.5364636393075979
QLI_11,BRAIN_10,GEO,0.6967263649491832,0.6168034717365841
QLI_11,BRAIN_10,GEO,0.63657145420392,0.5999223067723181
QLI_11,BRAIN_10,GEO,0.5413803417508689,0.6012279029547531
QLI_11,BRAIN_10,GEO,0.6594276200833781,0.6185848011633501
QLI_11,BRAIN_10,GEO,0.6863049207056199,0.6229179738907624
QLI_11,BRAIN_10,GEO,0.5995014047373354,0.648027293140766
QLI_11,BRAIN_10,GEO,0.539753583189444,0.6169110566783982
QLI_11,BRAIN_10,GEO,0.6039636970469583,0.6427960362734102
QLI_11,BRAIN_10,GEO,0.7745304028031367,0.6426246779674174
QLI_11,BRAIN_10,GEO,0.6575242523350696,0.5522820218451708
QLI_11,BRAIN_10,GEO,0.704237432939487,0.5389764355330242
QLI_11,BRAIN_10,GEO,0.6556463600192893,0.6856961171169424
QLI_11,BRAIN_10,GEO,0.6212342697961188,0.5598664237961798
QLI_11,BRAIN_10,GEO,0.6994709249051103,0.5908668982011106
QLI_11,BRAIN_10,GEO,0.6868017239913222,0.6378464502815419
QLI_11,BRAIN_10,GEO,0.5626842053285236,0.5798303036318703
QLI_11,BRAIN_10,GEO,0.6172505200266308,0.6425785551816883
QLI_11,BRAIN_10,GEO,0.7053941180395045,0.5979934746573727
QLI_11,BRAIN_10,GEO,0.6927602705962731,0.6403875717345913
QLI_11,BRAIN_10,GEO,0.640504732624118,0.574851321642276
QLI_11,BRAIN_10,GEO,0.6505432987809202,0.5451788958285061
QLI_11,BRAIN_10,GEO,0.713447864802101,0.6548711675082073
QLI_11,BRAIN_10,GEO,0.6446011286439619,0.6048012358187629
QLI_11,BRAIN_10,GEO,0.5292312107045706,0.543007557561818
QLI_11,BRAIN_10,GEO,0.6362274391802444,0.5391685190706668
QLI_11,BRAIN_10,GEO,0.6380268000570876,0.6547157286481444
QLI_11,BRAIN_10,GEO,0.6951692153964261,0.633302864171212
QLI_11,BRAIN_10,GEO,0.5837861798694454,0.6481503323027147
QLI_11,BRAIN_10,GEO,0.6709320119509341,0.5491826319514707
QLI_11,BRAIN_10,GEO,0.6739399633524655,0.5943351483321074
QLI_11,BRAIN_10,GEO,0.5757082592109706,0.6588410764650903
QLI_11,BRAIN_10,GEO,0.6270909576410749,0.579652987418125
QLI_11,BRAIN_10,GEO,0.728223838683409,0.5570099565652856
QLI_11,BRAIN_10,GEO,0.6816255409663401,0.6120959455153003
QLI_11,BRAIN_10,GEO,0.6713890578621378,0.5781490624335117
QLI_11,BRAIN_10,GEO,0.6460167431950452,0.6610732118618876
QLI_11,BRAIN_10,GEO,0.6735762697083771,0.5152659669807731
QLI_11,BRAIN_10,GEO,0.6253427250860178,0.5202438042459567
QLI_11,BRAIN_10,GEO,0.6712226389749291,0.6430874455160644
QLI_11,BRAIN_10,GEO,0.6022774912545577,0.578215773585913
QLI_11,BRAIN_10,GEO,0.645803569742843,0.5377149118338516
QLI_11,BRAIN_10,GEO,0.6433432394754485,0.6331329753211865
QLI_11,BRAIN_10,GEO,0.6933773685902204,0.6212522882819334
QLI_11,BRAIN_10,GEO,0.6368506004208169,0.568165401146115
QLI_11,BRAIN_10,GEO,0.6843726259913653,0.6163369932162093
QLI_11,BRAIN_10,GEO,0.6345842808991238,0.6226388401209559
QLI_11,BRAIN_10,GEO,0.5671534124138348,0.619184294740837
QLI_11,BRAIN_10,GEO,0.7168210108774457,0.6486722710020936
QLI_11,BRAIN_10,GEO,0.6901611937743217,0.6014656591390621
QLI_11,BRAIN_10,GEO,0.47434972127663394,0.5982346863778571
QLI_11,BRAIN_10,GEO,0.5855323414192608,0.6227619698257125
QLI_11,BRAIN_10,GEO,0.7057780906476722,0.5511062142158454
QLI_11,BRAIN_10,GEO,0.6794707950228023,0.5540408010301507
QLI_11,BRAIN_10,GEO,0.6240624184473257,0.5858850159278106
QLI_11,BRAIN_10,GEO,0.5879125984760446,0.6027897665792117
QLI_11,BRAIN_10,GEO,0.7213422581213635,0.6355426072234934
QLI_11,BRAIN_10,GEO,0.6625086936004901,0.609126881081798
QLI_11,BRAIN_10,GEO,0.5996267246224374,0.5827783577957816
QLI_11,BRAIN_10,GEO,0.6319514205121267,0.6366676839688028
QLI_11,BRAIN_10,GEO,0.6098783970868604,0.528506918943666
QLI_11,BRAIN_10,GEO,0.5833846040040996,0.6101531290830393
QLI_11,BRAIN_10,GEO,0.565144740964472,0.6098510379019597
QLI_11,BRAIN_10,GEO,0.6276171676142006,0.6035017243546424
QLI_11,BRAIN_10,GEO,0.6861823371055146,0.5934460609908949
QLI_11,BRAIN_10,GEO,0.6136754182331865,0.6079017930313203
QLI_11,BRAIN_10,GEO,0.6462733794249426,0.6074991316442322
QLI_11,BRAIN_10,GEO,0.5778580360267104,0.6606225363858425
QLI_11,BRAIN_10,GEO,0.6761645251108035,0.6265976291377391
QLI_11,BRAIN_10,GEO,0.7158018526256952,0.6683281404305572
QLI_11,BRAIN_10,GEO,0.653291669495092,0.5944364255131829
QLI_11,BRAIN_10,GEO,0.41547914861866375,0.5699213129076044
QLI_11,BRAIN_10,GEO,0.6438467010700385,0.6273950415448035
QLI_11,BRAIN_10,GEO,0.6694230728554857,0.669255058164272
QLI_11,BRAIN_10,GEO,0.5547089142939465,0.6045562064511223
QLI_11,BRAIN_10,GEO,0.6785284715615895,0.5461288452481861
QLI_11,BRAIN_10,GEO,0.5284465929874498,0.6147327416706281
QLI_11,BRAIN_10,GEO,0.5576973505575489,0.6070871026354614
QLI_11,BRAIN_10,GEO,0.5646235717543784,0.60607157997212
QLI_11,BRAIN_10,GEO,0.5830935162696528,0.6063111957494473
QLI_11,BRAIN_10,REAL,0.48227111116563504,0.48721026076562524
JOINED_node,BRAIN_10,ER,0.41836127272936996,0.3329446311833122
JOINED_node,BRAIN_10,ER,0.3300350155051284,0.41889009711385633
JOINED_node,BRAIN_10,ER,0.34782036544904743,0.2841849796468603
JOINED_node,BRAIN_10,ER,0.33125469406946767,0.43048942731449946
JOINED_node,BRAIN_10,ER,0.44006343746508886,0.3941914026030128
JOINED_node,BRAIN_10,ER,0.44656646743994166,0.35820248858580855
JOINED_node,BRAIN_10,ER,0.43407592443730725,0.33805991172894506
JOINED_node,BRAIN_10,ER,0.39694860553009415,0.2963097338767901
JOINED_node,BRAIN_10,ER,0.3713905374205418,0.3475900988936791
JOINED_node,BRAIN_10,ER,0.39954223088018836,0.2875222545513824
JOINED_node,BRAIN_10,ER,0.49287072615019206,0.28941215684598975
JOINED_node,BRAIN_10,ER,0.46377897800189266,0.30978994802525034
JOINED_node,BRAIN_10,ER,0.4633523448448924,0.27923717564142037
JOINED_node,BRAIN_10,ER,0.38595034582797394,0.3770299377264791
JOINED_node,BRAIN_10,ER,0.44504621470179884,0.3684280239708574
JOINED_node,BRAIN_10,ER,0.4045942999210449,0.32654073109659876
JOINED_node,BRAIN_10,ER,0.40770294920539835,0.27166588631420496
JOINED_node,BRAIN_10,ER,0.4583750662441777,0.33967883698974194
JOINED_node,BRAIN_10,ER,0.40986629420349036,0.3156812667158587
JOINED_node,BRAIN_10,ER,0.40462965069454004,0.30167102917445066
JOINED_node,BRAIN_10,ER,0.45166774328779324,0.33915507498513536
JOINED_node,BRAIN_10,ER,0.4197190786583946,0.37135370155310177
JOINED_node,BRAIN_10,ER,0.39722475246063904,0.3038557970336341
JOINED_node,BRAIN_10,ER,0.39913917322373943,0.3609945167122085
JOINED_node,BRAIN_10,ER,0.354880619762836,0.322828932127315
JOINED_node,BRAIN_10,ER,0.39756230671446563,0.20124715031348264
JOINED_node,BRAIN_10,ER,0.44836298458175033,0.3021141737440133
JOINED_node,BRAIN_10,ER,0.4156784697809356,0.3297216602246586
JOINED_node,BRAIN_10,ER,0.4914181570225989,0.3642766544505809
JOINED_node,BRAIN_10,ER,0.40228598083567174,0.2660838675808311
JOINED_node,BRAIN_10,ER,0.46572053239416455,0.3378858267390128
JOINED_node,BRAIN_10,ER,0.38698400234944663,0.3471844210665338
JOINED_node,BRAIN_10,ER,0.4005371999106297,0.29074886278097417
JOINED_node,BRAIN_10,ER,0.4086057176305885,0.2788227139859427
JOINED_node,BRAIN_10,ER,0.40016461482414695,0.3515295925309103
JOINED_node,BRAIN_10,ER,0.44711550258520005,0.28203243305001313
JOINED_node,BRAIN_10,ER,0.4710824055973433,0.2830574440284152
JOINED_node,BRAIN_10,ER,0.3155958801544763,0.28689951802793995
JOINED_node,BRAIN_10,ER,0.37612699681293127,0.33196533906794407
JOINED_node,BRAIN_10,ER,0.44260076069209914,0.36215909865740514
JOINED_node,BRAIN_10,ER,0.5408462055011681,0.3336817474730166
JOINED_node,BRAIN_10,ER,0.44267051910104926,0.3438546455841424
JOINED_node,BRAIN_10,ER,0.3847230646016773,0.227177544756307
JOINED_node,BRAIN_10,ER,0.44034189981556804,0.22924702156785629
JOINED_node,BRAIN_10,ER,0.3175661355232498,0.293659732413509
JOINED_node,BRAIN_10,ER,0.38654803159117085,0.323473822486678
JOINED_node,BRAIN_10,ER,0.47468614060312714,0.3874278733444638
JOINED_node,BRAIN_10,ER,0.4214760901567739,0.3000673301281342
JOINED_node,BRAIN_10,ER,0.36177721517666067,0.3301977553217189
JOINED_node,BRAIN_10,ER,0.4713089931097296,0.45892660710294475
JOINED_node,BRAIN_10,ER,0.46032374182031655,0.2783557294213994
JOINED_node,BRAIN_10,ER,0.3956832483677591,0.2955162183585668
JOINED_node,BRAIN_10,ER,0.47412362592964286,0.4006903847262657
JOINED_node,BRAIN_10,ER,0.35046864483371576,0.25784727477597996
JOINED_node,BRAIN_10,ER,0.43117651689557296,0.35493005061802696
JOINED_node,BRAIN_10,ER,0.4260758413271998,0.34312757892483847
JOINED_node,BRAIN_10,ER,0.47860346879328325,0.30712380035803694
JOINED_node,BRAIN_10,ER,0.5126961905672609,0.2787417652293446
JOINED_node,BRAIN_10,ER,0.407012238245883,0.3614243454680731
JOINED_node,BRAIN_10,ER,0.44986897073766896,0.3734471354014356
JOINED_node,BRAIN_10,ER,0.4165239404832889,0.3128141771313
JOINED_node,BRAIN_10,ER,0.37312129053503595,0.32487235372712664
JOINED_node,BRAIN_10,ER,0.40832009563629973,0.32342545599943195
JOINED_node,BRAIN_10,ER,0.43494302711770827,0.3081655021612796
JOINED_node,BRAIN_10,ER,0.39471537388971273,0.25632861738369217
JOINED_node,BRAIN_10,ER,0.34052275035242674,0.32629935795345
JOINED_node,BRAIN_10,ER,0.4024334744536926,0.31811395244359436
JOINED_node,BRAIN_10,ER,0.4992181781782845,0.32538252021877556
JOINED_node,BRAIN_10,ER,0.45208602757491934,0.30706681753632836
JOINED_node,BRAIN_10,ER,0.40295820713119423,0.4626702267308448
JOINED_node,BRAIN_10,ER,0.5168110794968807,0.3164117208942654
JOINED_node,BRAIN_10,ER,0.45582739700619,0.33228289076703776
JOINED_node,BRAIN_10,ER,0.36288837535897095,0.3255642844948675
JOINED_node,BRAIN_10,ER,0.49001549349258405,0.30655552118253626
JOINED_node,BRAIN_10,ER,0.37040931836590185,0.32947456001050235
JOINED_node,BRAIN_10,ER,0.32343127162546687,0.2975644020921797
JOINED_node,BRAIN_10,ER,0.45787474655510074,0.3611504507842378
JOINED_node,BRAIN_10,ER,0.40348893599645846,0.3551168064572429
JOINED_node,BRAIN_10,ER,0.3534031825492896,0.32049749729821386
JOINED_node,BRAIN_10,ER,0.5770616955159852,0.40695810395936377
JOINED_node,BRAIN_10,ER,0.3872601844427808,0.3390235375854992
JOINED_node,BRAIN_10,ER,0.38104729684754196,0.2973201642059732
JOINED_node,BRAIN_10,ER,0.3254372113506739,0.3901291729838816
JOINED_node,BRAIN_10,ER,0.3956967829195323,0.24216108815690945
JOINED_node,BRAIN_10,ER,0.42257025885414484,0.31978930740672595
JOINED_node,BRAIN_10,ER,0.3537951904834646,0.2903975195628674
JOINED_node,BRAIN_10,ER,0.4286911656439614,0.30102776951661037
JOINED_node,BRAIN_10,ER,0.3837696003894855,0.4393159367477327
JOINED_node,BRAIN_10,ER,0.39105993073354145,0.28643964691278034
JOINED_node,BRAIN_10,ER,0.4255597233751746,0.27177716227011833
JOINED_node,BRAIN_10,ER,0.4414444417401449,0.3745555958583443
JOINED_node,BRAIN_10,ER,0.44523243818142133,0.3692003240063736
JOINED_node,BRAIN_10,ER,0.3624839531604738,0.3433213110958444
JOINED_node,BRAIN_10,ER,0.48005698885706344,0.3988471455967626
JOINED_node,BRAIN_10,ER,0.41502692734495833,0.2597501957051893
JOINED_node,BRAIN_10,ER,0.36364603761878883,0.24052078930709903
JOINED_node,BRAIN_10,ER,0.3368242163622835,0.3591718430685434
JOINED_node,BRAIN_10,ER,0.34493692243865953,0.3609375982238209
JOINED_node,BRAIN_10,ER,0.39217928237983224,0.26783173735834015
JOINED_node,BRAIN_10,ER,0.5783210812385849,0.31334130586947495
JOINED_node,BRAIN_10,ER,0.3648421316441123,0.3646771002209874
JOINED_node,BRAIN_10,ER,0.4158481704638464,0.3214002491927539
JOINED_node,BRAIN_10,ER,0.45698950856064274,0.3104652733776222
JOINED_node,BRAIN_10,ER,0.34328724057346055,0.30965612100817475
JOINED_node,BRAIN_10,ER,0.3969484751569533,0.2929939700284322
JOINED_node,BRAIN_10,ER,0.3760743405560538,0.34352104916069537
JOINED_node,BRAIN_10,ER,0.37122419607704216,0.2887256632479893
JOINED_node,BRAIN_10,ER,0.36572077854120105,0.34388663621235305
JOINED_node,BRAIN_10,ER,0.3740607500167356,0.3551291819777498
JOINED_node,BRAIN_10,ER,0.3248942443334293,0.24083652535604233
JOINED_node,BRAIN_10,ER,0.42800160705029566,0.4895777429076583
JOINED_node,BRAIN_10,ER,0.42754721865312967,0.2860676895446668
JOINED_node,BRAIN_10,ER,0.31870143350252916,0.2845499955237203
JOINED_node,BRAIN_10,ER,0.45382291412316433,0.2893568298419589
JOINED_node,BRAIN_10,ER,0.39456346026476086,0.42575967498099243
JOINED_node,BRAIN_10,ER,0.5043523884979468,0.3349613839222234
JOINED_node,BRAIN_10,ER,0.3968585955930688,0.3439810181505558
JOINED_node,BRAIN_10,ER,0.33713007206433854,0.3218755032862942
JOINED_node,BRAIN_10,ER,0.43721858663800806,0.2882059765507662
JOINED_node,BRAIN_10,ER,0.33392320610483184,0.28938740366426374
JOINED_node,BRAIN_10,ER,0.3737512779475384,0.3259841926694466
JOINED_node,BRAIN_10,ER,0.3916327866143435,0.32910809655036233
JOINED_node,BRAIN_10,ER,0.4154198802388485,0.33748403450254033
JOINED_node,BRAIN_10,ER,0.37433416452182156,0.31410859743494934
JOINED_node,BRAIN_10,ER,0.5284421634747213,0.3697474234076883
JOINED_node,BRAIN_10,ER,0.3099453393829543,0.29605967355835944
JOINED_node,BRAIN_10,ER,0.5159002336622519,0.3012910710953929
JOINED_node,BRAIN_10,ER,0.3724379707082053,0.26989531372104064
JOINED_node,BRAIN_10,ER,0.4308192786908789,0.3086640935386379
JOINED_node,BRAIN_10,ER,0.42591150054651866,0.3372952921351224
JOINED_node,BRAIN_10,ER,0.4263480154955339,0.39313940365774425
JOINED_node,BRAIN_10,ER,0.3597292430149147,0.38358521870058243
JOINED_node,BRAIN_10,ER,0.4218253577778895,0.28940723609860364
JOINED_node,BRAIN_10,ER,0.39410892767368283,0.3877867456127918
JOINED_node,BRAIN_10,ER,0.30105606182756284,0.3439213227718962
JOINED_node,BRAIN_10,ER,0.4079227615805877,0.32412186105640417
JOINED_node,BRAIN_10,ER,0.3365833392027654,0.33425572717309127
JOINED_node,BRAIN_10,ER,0.32970127899642165,0.4052116754122028
JOINED_node,BRAIN_10,ER,0.4601098764505816,0.3370269565052035
JOINED_node,BRAIN_10,ER,0.5654213923300748,0.30413657029472085
JOINED_node,BRAIN_10,ER,0.5489268452882476,0.30028985468631714
JOINED_node,BRAIN_10,ER,0.45212028272718946,0.40079534582848797
JOINED_node,BRAIN_10,ER,0.36526556595241244,0.2624643412138684
JOINED_node,BRAIN_10,ER,0.35462363564253807,0.25707882935004245
JOINED_node,BRAIN_10,ER,0.4356759529199966,0.33302396287761393
JOINED_node,BRAIN_10,ER,0.38342633448500524,0.3793247460442713
JOINED_node,BRAIN_10,ER,0.37900031761664105,0.2743445152745956
JOINED_node,BRAIN_10,ER,0.4479161958926751,0.4393590236880508
JOINED_node,BRAIN_10,ER,0.4070360071258883,0.30175269311547925
JOINED_node,BRAIN_10,ER,0.4560338950284402,0.32780490618297486
JOINED_node,BRAIN_10,ER,0.587705272897326,0.3074367488673476
JOINED_node,BRAIN_10,ER,0.3825358495431918,0.4803360603961344
JOINED_node,BRAIN_10,ER,0.3544000158642393,0.31985029647961616
JOINED_node,BRAIN_10,ER,0.3042474733243383,0.2695113965132007
JOINED_node,BRAIN_10,ER,0.43116994789812835,0.3080956251035314
JOINED_node,BRAIN_10,ER,0.500920904916242,0.3469757835121548
JOINED_node,BRAIN_10,ER,0.5220255690164041,0.3232251170965446
JOINED_node,BRAIN_10,ER,0.3662872047494636,0.3197922537213246
JOINED_node,BRAIN_10,ER,0.5109719210827762,0.2733981488416187
JOINED_node,BRAIN_10,ER,0.375865394372212,0.31658859369857495
JOINED_node,BRAIN_10,ER,0.3657273984266416,0.3009688066719199
JOINED_node,BRAIN_10,ER,0.30886533970919733,0.34044707594784585
JOINED_node,BRAIN_10,ER,0.39006603443703347,0.31886347932036646
JOINED_node,BRAIN_10,ER,0.43248750202554176,0.2874704878415463
JOINED_node,BRAIN_10,ER,0.48787657321725425,0.39033675762215075
JOINED_node,BRAIN_10,ER,0.41557135296577613,0.3955892285602037
JOINED_node,BRAIN_10,ER,0.3870323626514634,0.27680374735303837
JOINED_node,BRAIN_10,ER,0.4222269190029221,0.27776762399432015
JOINED_node,BRAIN_10,ER,0.44064299478640273,0.3120389141555664
JOINED_node,BRAIN_10,ER,0.4133088089423934,0.276256147072768
JOINED_node,BRAIN_10,ER,0.44993054338153804,0.2692095883018371
JOINED_node,BRAIN_10,ER,0.3656506327759686,0.284635312043917
JOINED_node,BRAIN_10,ER,0.37533983358239587,0.4137335947116998
JOINED_node,BRAIN_10,ER,0.4493304954621053,0.3952353159045826
JOINED_node,BRAIN_10,ER,0.48415935202094845,0.3936871900706581
JOINED_node,BRAIN_10,ER,0.34434482961993407,0.408730657364718
JOINED_node,BRAIN_10,ER,0.420632414779361,0.31941917302440825
JOINED_node,BRAIN_10,ER,0.4119580195183184,0.2657602912943402
JOINED_node,BRAIN_10,ER,0.36045013971973633,0.23033718372670614
JOINED_node,BRAIN_10,ER,0.38375568013723976,0.2996279691266321
JOINED_node,BRAIN_10,ER,0.33117964291178353,0.41023485386326763
JOINED_node,BRAIN_10,CFG,0.2864615824348308,0.2828903224301187
JOINED_node,BRAIN_10,CFG,0.35008994292255513,0.2643048971884138
JOINED_node,BRAIN_10,CFG,0.38932563747675053,0.37466986439925043
JOINED_node,BRAIN_10,CFG,0.22135716694997015,0.16978653727063556
JOINED_node,BRAIN_10,CFG,0.2808163488686392,0.31273014653871756
JOINED_node,BRAIN_10,CFG,0.40526603562904795,0.46677132088466833
JOINED_node,BRAIN_10,CFG,0.43530249867624854,0.3375684673453051
JOINED_node,BRAIN_10,CFG,0.34673236989503664,0.3542036184084227
JOINED_node,BRAIN_10,CFG,0.37271310461968893,0.40146543493612696
JOINED_node,BRAIN_10,CFG,0.3570441341395969,0.46292185905276073
JOINED_node,BRAIN_10,CFG,0.261000940233169,0.21113111472532398
JOINED_node,BRAIN_10,CFG,0.2958837376402178,0.25956430451740703
JOINED_node,BRAIN_10,CFG,0.3019442241968393,0.35776064239314664
JOINED_node,BRAIN_10,CFG,0.3913679782637957,0.5024618545817404
JOINED_node,BRAIN_10,CFG,0.3852821679198158,0.37205378508414555
JOINED_node,BRAIN_10,CFG,0.2905385948873769,0.28550766342646994
JOINED_node,BRAIN_10,CFG,0.2522304175403669,0.3036060711052475
JOINED_node,BRAIN_10,CFG,0.36677311394490036,0.3405825623092619
JOINED_node,BRAIN_10,CFG,0.3127515172165192,0.4498583152895279
JOINED_node,BRAIN_10,CFG,0.22532951695026865,0.27303022338158567
JOINED_node,BRAIN_10,CFG,0.30435202792276933,0.27780906542482564
JOINED_node,BRAIN_10,CFG,0.29973889714155494,0.3837065828898293
JOINED_node,BRAIN_10,CFG,0.2903698275042049,0.23744206428154557
JOINED_node,BRAIN_10,CFG,0.3314149431750431,0.30919139079157043
JOINED_node,BRAIN_10,CFG,0.27259484141727697,0.22909459748239214
JOINED_node,BRAIN_10,CFG,0.20439436432253694,0.21842065387891235
JOINED_node,BRAIN_10,CFG,0.4689425010337222,0.3889012184804396
JOINED_node,BRAIN_10,CFG,0.42005265863878316,0.3473859575078009
JOINED_node,BRAIN_10,CFG,0.3621484444792601,0.29702070045028417
JOINED_node,BRAIN_10,CFG,0.25439202869292565,0.3107204230137155
JOINED_node,BRAIN_10,CFG,0.39636811069328265,0.3864304405034486
JOINED_node,BRAIN_10,CFG,0.29199864394280167,0.31761312558551347
JOINED_node,BRAIN_10,CFG,0.3097297334658553,0.2599129680194687
JOINED_node,BRAIN_10,CFG,0.3284360289538683,0.3324090718393845
JOINED_node,BRAIN_10,CFG,0.3046924375100518,0.3842841286627878
JOINED_node,BRAIN_10,CFG,0.43049258724199546,0.4196598781278472
JOINED_node,BRAIN_10,CFG,0.39843866793379173,0.3177457227209699
JOINED_node,BRAIN_10,CFG,0.24371320055999732,0.3334712151797594
JOINED_node,BRAIN_10,CFG,0.3276001007378411,0.25884301232271495
JOINED_node,BRAIN_10,CFG,0.3407688556347463,0.30975173139771794
JOINED_node,BRAIN_10,CFG,0.3246675942408023,0.28926630094794314
JOINED_node,BRAIN_10,CFG,0.3368766387893145,0.33824005409055136
JOINED_node,BRAIN_10,CFG,0.21661525671104903,0.24304092789149417
JOINED_node,BRAIN_10,CFG,0.3330114083055882,0.5177308163671767
JOINED_node,BRAIN_10,CFG,0.28985779338902895,0.17747173784950954
JOINED_node,BRAIN_10,CFG,0.2423595360484646,0.2511956938307536
JOINED_node,BRAIN_10,CFG,0.28767625813504893,0.2068397756220837
JOINED_node,BRAIN_10,CFG,0.3605368964169054,0.5135461894206526
JOINED_node,BRAIN_10,CFG,0.43333201825330925,0.4511290109158311
JOINED_node,BRAIN_10,CFG,0.3841193805051219,0.3758897465410222
JOINED_node,BRAIN_10,CFG,0.44466531073584054,0.5742697298067124
JOINED_node,BRAIN_10,CFG,0.3410489583745833,0.31463917228445887
JOINED_node,BRAIN_10,CFG,0.25206463226843134,0.26355914291806565
JOINED_node,BRAIN_10,CFG,0.31772510170087664,0.3586826633138449
JOINED_node,BRAIN_10,CFG,0.4554828166255316,0.4634065984589516
JOINED_node,BRAIN_10,CFG,0.3967811875289949,0.30261753513515266
JOINED_node,BRAIN_10,CFG,0.3105385926152956,0.44345461956926197
JOINED_node,BRAIN_10,CFG,0.3272750805227783,0.3153000513520044
JOINED_node,BRAIN_10,CFG,0.40108333708237565,0.3615334026778042
JOINED_node,BRAIN_10,CFG,0.2573712220977155,0.4101133225012341
JOINED_node,BRAIN_10,CFG,0.23440000845048428,0.42233395230231596
JOINED_node,BRAIN_10,CFG,0.35765249039209496,0.354055406021086
JOINED_node,BRAIN_10,CFG,0.42408138898818554,0.23601489626130068
JOINED_node,BRAIN_10,CFG,0.34311365845581204,0.38880278133587626
JOINED_node,BRAIN_10,CFG,0.3480371615740271,0.2737199167366904
JOINED_node,BRAIN_10,CFG,0.38237212906473145,0.31370830022614804
JOINED_node,BRAIN_10,CFG,0.28969863591193423,0.35040968815750395
JOINED_node,BRAIN_10,CFG,0.31601356678449993,0.35445691755318626
JOINED_node,BRAIN_10,CFG,0.22587763982194453,0.29984458288683036
JOINED_node,BRAIN_10,CFG,0.3436181841957192,0.3533513910654879
JOINED_node,BRAIN_10,CFG,0.3318417001294521,0.457901593236632
JOINED_node,BRAIN_10,CFG,0.3754507170811775,0.3725068554400553
JOINED_node,BRAIN_10,CFG,0.24922526355091407,0.2824358714990179
JOINED_node,BRAIN_10,CFG,0.4317781022319359,0.5097815120214407
JOINED_node,BRAIN_10,CFG,0.30509819325580767,0.32851221750550175
JOINED_node,BRAIN_10,CFG,0.4259653551377124,0.4160887290363201
JOINED_node,BRAIN_10,CFG,0.2752636204107447,0.251615644269387
JOINED_node,BRAIN_10,CFG,0.18691340442922688,0.3805994837778276
JOINED_node,BRAIN_10,CFG,0.3460110683974942,0.2261173487640321
JOINED_node,BRAIN_10,CFG,0.3223584512590905,0.34801543003498925
JOINED_node,BRAIN_10,CFG,0.31023903995178037,0.32756307394127954
JOINED_node,BRAIN_10,CFG,0.23778951382798558,0.20998525902279863
JOINED_node,BRAIN_10,CFG,0.39043726121762345,0.42558834990270467
JOINED_node,BRAIN_10,CFG,0.3306627926351915,0.27370628683965803
JOINED_node,BRAIN_10,CFG,0.2563571777619587,0.33406470988792425
JOINED_node,BRAIN_10,CFG,0.36423889764907513,0.36301141942762194
JOINED_node,BRAIN_10,CFG,0.3194872400220626,0.3213205297388875
JOINED_node,BRAIN_10,CFG,0.32387154834548254,0.4971556702641477
JOINED_node,BRAIN_10,CFG,0.2867455703486912,0.3241373132223401
JOINED_node,BRAIN_10,CFG,0.2965349865223362,0.48828609342816176
JOINED_node,BRAIN_10,CFG,0.232135632528714,0.3534028874981464
JOINED_node,BRAIN_10,CFG,0.31148677572694794,0.332259744689234
JOINED_node,BRAIN_10,CFG,0.3190627461223211,0.37699461580923843
JOINED_node,BRAIN_10,CFG,0.3236859394960271,0.445727417036788
JOINED_node,BRAIN_10,CFG,0.34204130202564903,0.30087939292549426
JOINED_node,BRAIN_10,CFG,0.2230653583277766,0.333416000458591
JOINED_node,BRAIN_10,CFG,0.23444603203652714,0.23206202002588397
JOINED_node,BRAIN_10,CFG,0.27830281306677346,0.3824516585605394
JOINED_node,BRAIN_10,CFG,0.24697222611314948,0.3057138658259658
JOINED_node,BRAIN_10,CFG,0.30719735765831846,0.3053595197992349
JOINED_node,BRAIN_10,CFG,0.3408730135626446,0.437910139443838
JOINED_node,BRAIN_10,CFG,0.36801996434926876,0.43019392321671013
JOINED_node,BRAIN_10,CFG,0.2860758681826833,0.37077981665352705
JOINED_node,BRAIN_10,CFG,0.47333252376859714,0.46043453389924305
JOINED_node,BRAIN_10,CFG,0.34287757315253353,0.31633389904021497
JOINED_node,BRAIN_10,CFG,0.4383402944751134,0.3476663007108755
JOINED_node,BRAIN_10,CFG,0.32095249254508346,0.36853911261420613
JOINED_node,BRAIN_10,CFG,0.40627777906466833,0.2701193843950719
JOINED_node,BRAIN_10,CFG,0.3197150172637644,0.3329092800782766
JOINED_node,BRAIN_10,CFG,0.37135095621944997,0.3558389292947816
JOINED_node,BRAIN_10,CFG,0.31266297390268233,0.2997351385280686
JOINED_node,BRAIN_10,CFG,0.3770969737184614,0.34026371104332753
JOINED_node,BRAIN_10,CFG,0.13316324788496353,0.20807289709626214
JOINED_node,BRAIN_10,CFG,0.3433963544850576,0.3626393121556857
JOINED_node,BRAIN_10,CFG,0.35704484568342765,0.47358011361722624
JOINED_node,BRAIN_10,CFG,0.3493170233754676,0.3376822483519253
JOINED_node,BRAIN_10,CFG,0.2663290939561944,0.2510583340382745
JOINED_node,BRAIN_10,CFG,0.2611598922192615,0.24108080446365937
JOINED_node,BRAIN_10,CFG,0.33019208312425163,0.3414740308288342
JOINED_node,BRAIN_10,CFG,0.41160381947130453,0.31834224843322345
JOINED_node,BRAIN_10,CFG,0.30353922252758714,0.32092410563041474
JOINED_node,BRAIN_10,CFG,0.29033121646705806,0.2724718994842843
JOINED_node,BRAIN_10,CFG,0.3044472076196056,0.41082050716267837
JOINED_node,BRAIN_10,CFG,0.3451158574678828,0.3938093794630605
JOINED_node,BRAIN_10,CFG,0.3125497704560722,0.29705913056404276
JOINED_node,BRAIN_10,CFG,0.35128031724871345,0.2854402371758068
JOINED_node,BRAIN_10,CFG,0.36066575229839865,0.33040633073450676
JOINED_node,BRAIN_10,CFG,0.4227596531677605,0.38837369079999284
JOINED_node,BRAIN_10,CFG,0.21259861720274836,0.3509663260987308
JOINED_node,BRAIN_10,CFG,0.26778334682088284,0.2629506585077931
JOINED_node,BRAIN_10,CFG,0.29206853091843393,0.1957580818617473
JOINED_node,BRAIN_10,CFG,0.3579965525636227,0.3459122452692135
JOINED_node,BRAIN_10,CFG,0.2515441191328796,0.4714664368774509
JOINED_node,BRAIN_10,CFG,0.3429266967832036,0.3327790361637758
JOINED_node,BRAIN_10,CFG,0.3108476273881328,0.2910464830531922
JOINED_node,BRAIN_10,CFG,0.3367055962812624,0.46334761184611895
JOINED_node,BRAIN_10,CFG,0.29063618491538107,0.24223114448794203
JOINED_node,BRAIN_10,CFG,0.2774987718258245,0.21337115944726687
JOINED_node,BRAIN_10,CFG,0.3459664450779954,0.4465815940837794
JOINED_node,BRAIN_10,CFG,0.5366122889882378,0.3807393254931319
JOINED_node,BRAIN_10,CFG,0.2764695633349701,0.27886278725051045
JOINED_node,BRAIN_10,CFG,0.26455227048205754,0.2358114660317572
JOINED_node,BRAIN_10,CFG,0.3317174671096727,0.41052620949349783
JOINED_node,BRAIN_10,CFG,0.4371552202890484,0.3282652778328754
JOINED_node,BRAIN_10,CFG,0.3707630546389614,0.33845652270733895
JOINED_node,BRAIN_10,CFG,0.42582799522114406,0.33558096813295274
JOINED_node,BRAIN_10,CFG,0.3551036741922653,0.3262807076593705
JOINED_node,BRAIN_10,CFG,0.33004566743241126,0.41040355267370454
JOINED_node,BRAIN_10,CFG,0.3431674754095424,0.31655219135618484
JOINED_node,BRAIN_10,CFG,0.3043741596228647,0.26738473727120105
JOINED_node,BRAIN_10,CFG,0.36682911144985747,0.3398353831691132
JOINED_node,BRAIN_10,CFG,0.21319775109786807,0.24364480282951573
JOINED_node,BRAIN_10,CFG,0.23892741211929439,0.21179376189340965
JOINED_node,BRAIN_10,CFG,0.352708364455591,0.3792134738264116
JOINED_node,BRAIN_10,CFG,0.33181222423068324,0.22912955457930512
JOINED_node,BRAIN_10,CFG,0.2876855322662128,0.3013096998905517
JOINED_node,BRAIN_10,CFG,0.18468931951501907,0.2773276856167957
JOINED_node,BRAIN_10,CFG,0.2785324914891382,0.3726545262502472
JOINED_node,BRAIN_10,CFG,0.37661187739102203,0.3191563562221842
JOINED_node,BRAIN_10,CFG,0.31353694873660415,0.21672247415272974
JOINED_node,BRAIN_10,CFG,0.2959335921625301,0.32678674584862644
JOINED_node,BRAIN_10,CFG,0.482973315263741,0.3743729691908797
JOINED_node,BRAIN_10,CFG,0.313374316787389,0.21639680392847663
JOINED_node,BRAIN_10,CFG,0.3453312939093725,0.33824652686643886
JOINED_node,BRAIN_10,CFG,0.27912003189748774,0.30693289282023317
JOINED_node,BRAIN_10,CFG,0.31420853262507065,0.2967149156732005
JOINED_node,BRAIN_10,CFG,0.29498773063006395,0.4815509918888294
JOINED_node,BRAIN_10,CFG,0.43740043932767864,0.5229900736254371
JOINED_node,BRAIN_10,CFG,0.1909810419527412,0.1359679243497555
JOINED_node,BRAIN_10,CFG,0.29129104803832273,0.2811330808428375
JOINED_node,BRAIN_10,CFG,0.40743988584911617,0.28983215701650383
JOINED_node,BRAIN_10,CFG,0.3136029978178181,0.28430943050360946
JOINED_node,BRAIN_10,CFG,0.35823833209009504,0.3746086479050501
JOINED_node,BRAIN_10,CFG,0.22188503489465333,0.21555872920155852
JOINED_node,BRAIN_10,CFG,0.2675688615109127,0.24026516103664697
JOINED_node,BRAIN_10,CFG,0.4126460117587345,0.3791838213180048
JOINED_node,BRAIN_10,CFG,0.2924799778407325,0.3985893458278348
JOINED_node,BRAIN_10,CFG,0.3615503909011026,0.3528590795729737
JOINED_node,BRAIN_10,CFG,0.31859832100273217,0.34603286504019715
JOINED_node,BRAIN_10,CFG,0.20469085470219037,0.2581421727431834
JOINED_node,BRAIN_10,CFG,0.3812708309736362,0.3380809678937894
JOINED_node,BRAIN_10,CFG,0.392341866446444,0.44059255260615826
JOINED_node,BRAIN_10,CFG,0.484940576278256,0.35695280661761986
JOINED_node,BRAIN_10,CFG,0.21775589946983473,0.2284812454722091
JOINED_node,BRAIN_10,CFG,0.37568639968228773,0.40635746465274236
JOINED_node,BRAIN_10,CFG,0.36908570781526506,0.30901221698164205
JOINED_node,BRAIN_10,CFG,0.3614277091833531,0.35055676780199796
JOINED_node,BRAIN_10,CFG,0.2251664679989026,0.5276534375644661
JOINED_node,BRAIN_10,CFG,0.4257229496310675,0.30900493258890627
JOINED_node,BRAIN_10,CFG,0.32222521235275076,0.25939722864465165
JOINED_node,BRAIN_10,CFG,0.24296871807737155,0.33779092523031923
JOINED_node,BRAIN_10,CFG,0.28823192896774186,0.25801987307402213
JOINED_node,BRAIN_10,CFG,0.3992099494856461,0.4461413005199424
JOINED_node,BRAIN_10,CFG,0.2806315108773987,0.33178120793167015
JOINED_node,BRAIN_10,CFG,0.21467651117566988,0.17072194343088087
JOINED_node,BRAIN_10,CFG,0.3259529031168756,0.2561934048675565
JOINED_node,BRAIN_10,CFG,0.3221971414090969,0.3242090169934041
JOINED_node,BRAIN_10,CFG,0.3176217929880085,0.31582734860493683
JOINED_node,BRAIN_10,WS,0.4286126404969642,0.4373463306674371
JOINED_node,BRAIN_10,WS,0.37132690537150287,0.5508663655381952
JOINED_node,BRAIN_10,WS,0.41722391134340664,0.43457297873298895
JOINED_node,BRAIN_10,WS,0.5206920060907905,0.47420861393082814
JOINED_node,BRAIN_10,WS,0.4575520232817378,0.46809770615144286
JOINED_node,BRAIN_10,WS,0.43696452234243277,0.43130572720362276
JOINED_node,BRAIN_10,WS,0.41866762612264063,0.4338558343359403
JOINED_node,BRAIN_10,WS,0.4330811779521313,0.4771160397598033
JOINED_node,BRAIN_10,WS,0.5707932699792647,0.49025119825215957
JOINED_node,BRAIN_10,WS,0.4960964886340408,0.4558922668796884
JOINED_node,BRAIN_10,WS,0.47996400767667097,0.48916494982637193
JOINED_node,BRAIN_10,WS,0.419144645857519,0.5670867800367712
JOINED_node,BRAIN_10,WS,0.4048427406752798,0.536396406709658
JOINED_node,BRAIN_10,WS,0.37773504641720707,0.5162274546612995
JOINED_node,BRAIN_10,WS,0.3484956772818892,0.5668833796238456
JOINED_node,BRAIN_10,WS,0.38297547645572566,0.5276509285517885
JOINED_node,BRAIN_10,WS,0.44993440059748496,0.4104125874052761
JOINED_node,BRAIN_10,WS,0.4111388102347087,0.4784114303218333
JOINED_node,BRAIN_10,WS,0.3463202958356563,0.4362787691462342
JOINED_node,BRAIN_10,WS,0.4050697783257739,0.35086831895757575
JOINED_node,BRAIN_10,WS,0.5500398825168605,0.5104105365739203
JOINED_node,BRAIN_10,WS,0.45552699764854604,0.4093946017869098
JOINED_node,BRAIN_10,WS,0.34678158172923546,0.47111092892549083
JOINED_node,BRAIN_10,WS,0.3489409630141874,0.55555735269729
JOINED_node,BRAIN_10,WS,0.5069423419617379,0.47616640229856527
JOINED_node,BRAIN_10,WS,0.3721763706898772,0.5142735371195497
JOINED_node,BRAIN_10,WS,0.4246130968857935,0.495233723468157
JOINED_node,BRAIN_10,WS,0.4764745984230658,0.4120229354866309
JOINED_node,BRAIN_10,WS,0.477603654303346,0.5013476807191277
JOINED_node,BRAIN_10,WS,0.42784428953893006,0.4543010350273553
JOINED_node,BRAIN_10,WS,0.39709416023360555,0.47136479559504674
JOINED_node,BRAIN_10,WS,0.4258465684510231,0.4668690349247774
JOINED_node,BRAIN_10,WS,0.40718622520789105,0.6227806063118001
JOINED_node,BRAIN_10,WS,0.39415787134292835,0.44652955824775
JOINED_node,BRAIN_10,WS,0.495513350445478,0.5655484347339383
JOINED_node,BRAIN_10,WS,0.4124057732262272,0.48841078970330887
JOINED_node,BRAIN_10,WS,0.42702144849038,0.5105770888645288
JOINED_node,BRAIN_10,WS,0.4191224621175928,0.42866657468208846
JOINED_node,BRAIN_10,WS,0.4316217822142793,0.4612432149288599
JOINED_node,BRAIN_10,WS,0.33769393600481135,0.4165574790859283
JOINED_node,BRAIN_10,WS,0.40035996220928544,0.48023519229339195
JOINED_node,BRAIN_10,WS,0.3865194958465015,0.6226371990566264
JOINED_node,BRAIN_10,WS,0.4124352566043607,0.5422047818781532
JOINED_node,BRAIN_10,WS,0.39633699920577,0.5894393425987483
JOINED_node,BRAIN_10,WS,0.3570577154528562,0.5424741299969564
JOINED_node,BRAIN_10,WS,0.3709137876198747,0.5627568846361312
JOINED_node,BRAIN_10,WS,0.4099015309656509,0.5656033263686471
JOINED_node,BRAIN_10,WS,0.44585728350249326,0.46157520863950063
JOINED_node,BRAIN_10,WS,0.433873938752138,0.39989870138270306
JOINED_node,BRAIN_10,WS,0.4100608083460246,0.4502391256774747
JOINED_node,BRAIN_10,WS,0.36905573129098984,0.5554178707817294
JOINED_node,BRAIN_10,WS,0.4734089448760986,0.42676019274109184
JOINED_node,BRAIN_10,WS,0.41307542026247174,0.5642766536274568
JOINED_node,BRAIN_10,WS,0.35515877589506434,0.5833736420339526
JOINED_node,BRAIN_10,WS,0.4772100599885468,0.5035062706396748
JOINED_node,BRAIN_10,WS,0.4287034521400494,0.549465742245876
JOINED_node,BRAIN_10,WS,0.3926928898995073,0.36419095552000946
JOINED_node,BRAIN_10,WS,0.5054409237844035,0.42821487983859474
JOINED_node,BRAIN_10,WS,0.39729825347716957,0.5071241706175957
JOINED_node,BRAIN_10,WS,0.38757915028506973,0.5918217982136567
JOINED_node,BRAIN_10,WS,0.41903256840380326,0.44873190652368133
JOINED_node,BRAIN_10,WS,0.3783841439242851,0.5298050826351413
JOINED_node,BRAIN_10,WS,0.4257332273030231,0.4532819663980268
JOINED_node,BRAIN_10,WS,0.489893704443761,0.4650075810765138
JOINED_node,BRAIN_10,WS,0.37598800661488196,0.48511830566128844
JOINED_node,BRAIN_10,WS,0.34276877205454415,0.5860669346951602
JOINED_node,BRAIN_10,WS,0.46364344481911335,0.489555002857568
JOINED_node,BRAIN_10,WS,0.3513091139450427,0.5036937358973881
JOINED_node,BRAIN_10,WS,0.500628065124343,0.4375351109753168
JOINED_node,BRAIN_10,WS,0.35035596762018817,0.4692772927992376
JOINED_node,BRAIN_10,WS,0.4083307680254332,0.45559875629892854
JOINED_node,BRAIN_10,WS,0.45556318561940484,0.4322633889051479
JOINED_node,BRAIN_10,WS,0.3803253554922192,0.43145259272083253
JOINED_node,BRAIN_10,WS,0.48548170178343025,0.4554751614194662
JOINED_node,BRAIN_10,WS,0.40361967327603404,0.6375812059196828
JOINED_node,BRAIN_10,WS,0.4420637824857786,0.410725069071647
JOINED_node,BRAIN_10,WS,0.3874620419516526,0.35813772153505224
JOINED_node,BRAIN_10,WS,0.3831911110329481,0.4512637858564251
JOINED_node,BRAIN_10,WS,0.42036593334490047,0.4071893295250828
JOINED_node,BRAIN_10,WS,0.42477131538817414,0.3219982127217607
JOINED_node,BRAIN_10,WS,0.39327647445550434,0.4983054499461075
JOINED_node,BRAIN_10,WS,0.5746286517034113,0.376673137477068
JOINED_node,BRAIN_10,WS,0.45377958055776896,0.49075545602421833
JOINED_node,BRAIN_10,WS,0.40111687036148985,0.40270233883115225
JOINED_node,BRAIN_10,WS,0.495692050872793,0.4275760588512253
JOINED_node,BRAIN_10,WS,0.48112051871540557,0.5239786676948563
JOINED_node,BRAIN_10,WS,0.4731005257229777,0.5819045177289862
JOINED_node,BRAIN_10,WS,0.36074324717887596,0.47673390847155617
JOINED_node,BRAIN_10,WS,0.4765933794262325,0.43497445486012676
JOINED_node,BRAIN_10,WS,0.3640172607166381,0.5612832266710023
JOINED_node,BRAIN_10,WS,0.4549746232760657,0.4915022788609682
JOINED_node,BRAIN_10,WS,0.36575930881654,0.5345059768526288
JOINED_node,BRAIN_10,WS,0.4903193815805551,0.35767911560265886
JOINED_node,BRAIN_10,WS,0.5551140741572955,0.4341898833269894
JOINED_node,BRAIN_10,WS,0.4527269527376349,0.41600696045720387
JOINED_node,BRAIN_10,WS,0.47703833022622916,0.49919458321890436
JOINED_node,BRAIN_10,WS,0.41304870020783224,0.4355916818435607
JOINED_node,BRAIN_10,WS,0.46459805880829214,0.4494719000312208
JOINED_node,BRAIN_10,WS,0.37476167443660025,0.4091029738525709
JOINED_node,BRAIN_10,WS,0.476228183336951,0.4291068778799404
JOINED_node,BRAIN_10,WS,0.5171819660001771,0.385815407361433
JOINED_node,BRAIN_10,WS,0.3860791913079202,0.523529682286902
JOINED_node,BRAIN_10,WS,0.38490706220757176,0.5710223875525134
JOINED_node,BRAIN_10,WS,0.5235835541807179,0.48616429942594686
JOINED_node,BRAIN_10,WS,0.44901231852269513,0.4812600440397231
JOINED_node,BRAIN_10,WS,0.4368744422902436,0.4384623052461667
JOINED_node,BRAIN_10,WS,0.3738106539470153,0.4464511773400409
JOINED_node,BRAIN_10,WS,0.3675360086882059,0.5381055237005581
JOINED_node,BRAIN_10,WS,0.341263860677359,0.49079952353042106
JOINED_node,BRAIN_10,WS,0.3495573468710026,0.6036765301232639
JOINED_node,BRAIN_10,WS,0.43506680929270436,0.39496054142588866
JOINED_node,BRAIN_10,WS,0.40714482687100256,0.4932676687657752
JOINED_node,BRAIN_10,WS,0.4029620018626502,0.4383470995361384
JOINED_node,BRAIN_10,WS,0.47720573387099524,0.41885997404663877
JOINED_node,BRAIN_10,WS,0.3726543654601575,0.4524611584514443
JOINED_node,BRAIN_10,WS,0.38146723137238064,0.5594755580506275
JOINED_node,BRAIN_10,WS,0.5213218217720562,0.5406947819591326
JOINED_node,BRAIN_10,WS,0.39649516893143355,0.44498937278070494
JOINED_node,BRAIN_10,WS,0.5315324548127037,0.44924332353798213
JOINED_node,BRAIN_10,WS,0.4897804230657726,0.5427410507605235
JOINED_node,BRAIN_10,WS,0.37707990499359706,0.5342746547833535
JOINED_node,BRAIN_10,WS,0.3714675616095684,0.5815486595699062
JOINED_node,BRAIN_10,WS,0.4396700660370052,0.4384476080557931
JOINED_node,BRAIN_10,WS,0.486196631911164,0.49358993318924815
JOINED_node,BRAIN_10,WS,0.5289456595524633,0.4301371405879445
JOINED_node,BRAIN_10,WS,0.45617791380831707,0.6057605742097671
JOINED_node,BRAIN_10,WS,0.5143423728534032,0.49240434059249827
JOINED_node,BRAIN_10,WS,0.376066270260115,0.4553055007673055
JOINED_node,BRAIN_10,WS,0.3925013692807445,0.5192966254741433
JOINED_node,BRAIN_10,WS,0.42444995291055315,0.4516422912578526
JOINED_node,BRAIN_10,WS,0.3555396982635867,0.4614795029257893
JOINED_node,BRAIN_10,WS,0.4779698905481706,0.42941600055713613
JOINED_node,BRAIN_10,WS,0.48353240951040605,0.4345965487535669
JOINED_node,BRAIN_10,WS,0.3981034600919408,0.5640000667685352
JOINED_node,BRAIN_10,WS,0.40873217851560806,0.48520341393937905
JOINED_node,BRAIN_10,WS,0.49637372811340685,0.5828447915549431
JOINED_node,BRAIN_10,WS,0.35562391358713924,0.63805736029807
JOINED_node,BRAIN_10,WS,0.5461813866195414,0.5978638091080846
JOINED_node,BRAIN_10,WS,0.39217865560512,0.4404236403650773
JOINED_node,BRAIN_10,WS,0.3552453487423521,0.39468088588845307
JOINED_node,BRAIN_10,WS,0.5384113074789569,0.422424957781556
JOINED_node,BRAIN_10,WS,0.3811185339124233,0.5081884616770916
JOINED_node,BRAIN_10,WS,0.35319245827180257,0.4116969229396359
JOINED_node,BRAIN_10,WS,0.5088130159181277,0.4886075704181372
JOINED_node,BRAIN_10,WS,0.440248228997869,0.5442718933466537
JOINED_node,BRAIN_10,WS,0.48082753327444633,0.5809128236388026
JOINED_node,BRAIN_10,WS,0.42797704541940546,0.3908350587381787
JOINED_node,BRAIN_10,WS,0.4949308590836502,0.45889475971798144
JOINED_node,BRAIN_10,WS,0.39468663578779595,0.574060798087239
JOINED_node,BRAIN_10,WS,0.47311826232852316,0.3916101217609559
JOINED_node,BRAIN_10,WS,0.4784559620980921,0.5457849724189698
JOINED_node,BRAIN_10,WS,0.4338185890663632,0.37889331040888785
JOINED_node,BRAIN_10,WS,0.36868757495966614,0.5203004075942981
JOINED_node,BRAIN_10,WS,0.5054253445107202,0.61391721502085
JOINED_node,BRAIN_10,WS,0.49107063820184116,0.5594481482712498
JOINED_node,BRAIN_10,WS,0.4142368696379975,0.609927054434573
JOINED_node,BRAIN_10,WS,0.34654395648125286,0.5682952223574451
JOINED_node,BRAIN_10,WS,0.4036609435776602,0.469070404400318
JOINED_node,BRAIN_10,WS,0.34206379661621134,0.5205180309151435
JOINED_node,BRAIN_10,WS,0.3457671722423806,0.5970947413119482
JOINED_node,BRAIN_10,WS,0.358097662898688,0.40004317202593287
JOINED_node,BRAIN_10,WS,0.5465618530335473,0.47593173467452254
JOINED_node,BRAIN_10,WS,0.41333640531919336,0.49613884421467414
JOINED_node,BRAIN_10,WS,0.3998078498543628,0.42679218485695236
JOINED_node,BRAIN_10,WS,0.6091208386208897,0.5934272387711446
JOINED_node,BRAIN_10,WS,0.44403577800395605,0.4391579261377647
JOINED_node,BRAIN_10,WS,0.4186786483509504,0.4282482972090322
JOINED_node,BRAIN_10,WS,0.4626909630487454,0.46863205301797894
JOINED_node,BRAIN_10,WS,0.3550408973944,0.44873190652368133
JOINED_node,BRAIN_10,WS,0.43795746199450636,0.5795403930993921
JOINED_node,BRAIN_10,WS,0.42574178690648656,0.4934862646124869
JOINED_node,BRAIN_10,WS,0.3619515421470517,0.5216951308107076
JOINED_node,BRAIN_10,WS,0.4238354943156891,0.5642082090483972
JOINED_node,BRAIN_10,WS,0.375441614304207,0.5175521497820348
JOINED_node,BRAIN_10,WS,0.3783138674128637,0.4659075571710484
JOINED_node,BRAIN_10,WS,0.4033867120250988,0.4543351468156188
JOINED_node,BRAIN_10,WS,0.35037067902337754,0.5330170684706215
JOINED_node,BRAIN_10,WS,0.39236159940778825,0.5610202132969726
JOINED_node,BRAIN_10,WS,0.381332282534786,0.4714420076169453
JOINED_node,BRAIN_10,WS,0.47941867903827934,0.4821253681504044
JOINED_node,BRAIN_10,WS,0.48095380040288854,0.47705438697543645
JOINED_node,BRAIN_10,WS,0.4491479712465399,0.48705307730741343
JOINED_node,BRAIN_10,WS,0.3983994034565711,0.5872738869908152
JOINED_node,BRAIN_10,WS,0.4928663739143063,0.5538897082955689
JOINED_node,BRAIN_10,WS,0.35499658252360883,0.35170975163102525
JOINED_node,BRAIN_10,WS,0.4070510734504129,0.39297751892636246
JOINED_node,BRAIN_10,WS,0.5639347984822158,0.5036678145026137
JOINED_node,BRAIN_10,WS,0.4423798443560653,0.402282979045563
JOINED_node,BRAIN_10,WS,0.3984982151852653,0.46517324823243833
JOINED_node,BRAIN_10,WS,0.4897475184349055,0.46419095005006916
JOINED_node,BRAIN_10,WS,0.4489594900496035,0.5531896806500622
JOINED_node,BRAIN_10,WS,0.35856986201998126,0.35216526985546737
JOINED_node,BRAIN_10,WS,0.3719267153598437,0.36243758414703775
JOINED_node,BRAIN_10,WS,0.4175983739166926,0.4789002433863266
JOINED_node,BRAIN_10,WS,0.5666712269354164,0.46070114468691636
JOINED_node,BRAIN_10,WS,0.3577785553858281,0.5191712122243223
JOINED_node,BRAIN_10,WS,0.3367018391112851,0.48317673517581655
JOINED_node,BRAIN_10,WS,0.3790439795971994,0.5512721431303937
JOINED_node,BRAIN_10,WS,0.34622482334760385,0.5297637114683711
JOINED_node,BRAIN_10,WS,0.4270081340678767,0.4544517274095723
JOINED_node,BRAIN_10,BA,0.2819405319848316,0.35849011948432397
JOINED_node,BRAIN_10,BA,0.238808291130024,0.3588961377617849
JOINED_node,BRAIN_10,BA,0.4037331538905929,0.2864858861701023
JOINED_node,BRAIN_10,BA,0.21226917941495152,0.3973065684168603
JOINED_node,BRAIN_10,BA,0.31123871245150053,0.41728773467648106
JOINED_node,BRAIN_10,BA,0.38376701923380846,0.31757712395013693
JOINED_node,BRAIN_10,BA,0.3403650457371043,0.3368049131168786
JOINED_node,BRAIN_10,BA,0.26567632426508364,0.2899447373796133
JOINED_node,BRAIN_10,BA,0.2686871223628218,0.47348541073783246
JOINED_node,BRAIN_10,BA,0.284053378950211,0.317253951344574
JOINED_node,BRAIN_10,BA,0.2656316614967199,0.36248098286243124
JOINED_node,BRAIN_10,BA,0.2920045253029584,0.3224566741217735
JOINED_node,BRAIN_10,BA,0.347140214842352,0.32531988472674167
JOINED_node,BRAIN_10,BA,0.28753994939872746,0.28539173172791155
JOINED_node,BRAIN_10,BA,0.25413784039299336,0.2636390745651022
JOINED_node,BRAIN_10,BA,0.25454246705888267,0.30023131311260165
JOINED_node,BRAIN_10,BA,0.24197771784010258,0.35707371890033757
JOINED_node,BRAIN_10,BA,0.21774716758450086,0.335725957092076
JOINED_node,BRAIN_10,BA,0.27587003202000315,0.37869328368617616
JOINED_node,BRAIN_10,BA,0.2444260393093391,0.4267426792248764
JOINED_node,BRAIN_10,BA,0.4421245144923322,0.34437644090035485
JOINED_node,BRAIN_10,BA,0.29403066707023096,0.2766814624964573
JOINED_node,BRAIN_10,BA,0.3464640544765538,0.38344145092384996
JOINED_node,BRAIN_10,BA,0.3047328742365268,0.3439292645540649
JOINED_node,BRAIN_10,BA,0.3741864648338086,0.3464250680148935
JOINED_node,BRAIN_10,BA,0.5252142663194865,0.36596345627556714
JOINED_node,BRAIN_10,BA,0.3174763115673941,0.3658523416504045
JOINED_node,BRAIN_10,BA,0.3104982557657866,0.31323808596686614
JOINED_node,BRAIN_10,BA,0.2626405480195085,0.35608783993109816
JOINED_node,BRAIN_10,BA,0.25203931587354433,0.33642172471093945
JOINED_node,BRAIN_10,BA,0.24430343879834443,0.35187207902121015
JOINED_node,BRAIN_10,BA,0.2717009371040423,0.32578444747123236
JOINED_node,BRAIN_10,BA,0.32762846907856225,0.48766891079338387
JOINED_node,BRAIN_10,BA,0.35679259159249394,0.44968582373885246
JOINED_node,BRAIN_10,BA,0.26986672187920446,0.33433205210196293
JOINED_node,BRAIN_10,BA,0.2949981245842727,0.41058640618143116
JOINED_node,BRAIN_10,BA,0.44870652470336025,0.4751905076185963
JOINED_node,BRAIN_10,BA,0.2660206234597481,0.38115398014626906
JOINED_node,BRAIN_10,BA,0.27480655214508387,0.3010719754123694
JOINED_node,BRAIN_10,BA,0.36251795353904437,0.3874266385790088
JOINED_node,BRAIN_10,BA,0.2543433628434707,0.4183007393911865
JOINED_node,BRAIN_10,BA,0.2365244929682026,0.38513872389822124
JOINED_node,BRAIN_10,BA,0.33875399277488233,0.3395076174667876
JOINED_node,BRAIN_10,BA,0.38178538397441636,0.41256809218192836
JOINED_node,BRAIN_10,BA,0.2504626661045707,0.32981652805355544
JOINED_node,BRAIN_10,BA,0.2431722465278492,0.41095303450321785
JOINED_node,BRAIN_10,BA,0.2895110201758987,0.44534565655032277
JOINED_node,BRAIN_10,BA,0.20581769355591262,0.24256412217931012
JOINED_node,BRAIN_10,BA,0.2488468961997026,0.30525770893591575
JOINED_node,BRAIN_10,BA,0.2907881648407937,0.3568744618528784
JOINED_node,BRAIN_10,BA,0.2525012500854525,0.34003377327764894
JOINED_node,BRAIN_10,BA,0.24716047504561478,0.42930875030807886
JOINED_node,BRAIN_10,BA,0.249122734714971,0.3059399666850026
JOINED_node,BRAIN_10,BA,0.4008466383190424,0.31085123322971187
JOINED_node,BRAIN_10,BA,0.24200520231022013,0.3818562476097346
JOINED_node,BRAIN_10,BA,0.2535058110633278,0.3735785749263711
JOINED_node,BRAIN_10,BA,0.23529447609085863,0.4782524249552565
JOINED_node,BRAIN_10,BA,0.3078177136133149,0.30841739369703214
JOINED_node,BRAIN_10,BA,0.3934868286868701,0.30974221374025734
JOINED_node,BRAIN_10,BA,0.22653438787804517,0.4850596316168879
JOINED_node,BRAIN_10,BA,0.2293878065347564,0.31439024090329404
JOINED_node,BRAIN_10,BA,0.2809715066655356,0.31130983916210536
JOINED_node,BRAIN_10,BA,0.26851388357427214,0.3746878276758068
JOINED_node,BRAIN_10,BA,0.3206726824956127,0.3943553377332314
JOINED_node,BRAIN_10,BA,0.3305246556582024,0.42345727264294475
JOINED_node,BRAIN_10,BA,0.20480292579120074,0.30420035431535164
JOINED_node,BRAIN_10,BA,0.2584845478453551,0.36699099866000406
JOINED_node,BRAIN_10,BA,0.19778595244236313,0.25631305325439524
JOINED_node,BRAIN_10,BA,0.30121354810671414,0.38016009166058523
JOINED_node,BRAIN_10,BA,0.23008855866186503,0.36031715971032696
JOINED_node,BRAIN_10,BA,0.24539303780260388,0.3390461648467602
JOINED_node,BRAIN_10,BA,0.27281325231200515,0.41995136796473964
JOINED_node,BRAIN_10,BA,0.20464356219789503,0.24946592004568094
JOINED_node,BRAIN_10,BA,0.46016743258889103,0.4010141676662311
JOINED_node,BRAIN_10,BA,0.36677680410171576,0.3835530226254259
JOINED_node,BRAIN_10,BA,0.31279696864062567,0.38077691346959264
JOINED_node,BRAIN_10,BA,0.2630672039034333,0.3570387914888862
JOINED_node,BRAIN_10,BA,0.37721261321884647,0.3922036160159197
JOINED_node,BRAIN_10,BA,0.310748678258408,0.336022855962696
JOINED_node,BRAIN_10,BA,0.24590894162085966,0.32958914209668655
JOINED_node,BRAIN_10,BA,0.21369579305168693,0.30079554119680535
JOINED_node,BRAIN_10,BA,0.3015929900415792,0.34141230208861173
JOINED_node,BRAIN_10,BA,0.2866033115992567,0.4961216052507993
JOINED_node,BRAIN_10,BA,0.33988404987531406,0.3492266709277828
JOINED_node,BRAIN_10,BA,0.21563316373477026,0.27522855425802134
JOINED_node,BRAIN_10,BA,0.2517722977302416,0.4604863565035322
JOINED_node,BRAIN_10,BA,0.46826985934461485,0.3766984843634671
JOINED_node,BRAIN_10,BA,0.22607407741132768,0.31157344427162975
JOINED_node,BRAIN_10,BA,0.2992244918276101,0.3832383164399691
JOINED_node,BRAIN_10,BA,0.2947785646707062,0.38796374091774666
JOINED_node,BRAIN_10,BA,0.24410667457353466,0.3530641277106633
JOINED_node,BRAIN_10,BA,0.2103897100557268,0.2914658664769437
JOINED_node,BRAIN_10,BA,0.2864072158039111,0.38506958390352974
JOINED_node,BRAIN_10,BA,0.23069433028149622,0.39690968782072744
JOINED_node,BRAIN_10,BA,0.2656559713559867,0.37945372076966644
JOINED_node,BRAIN_10,BA,0.2753169462633547,0.3371002928554221
JOINED_node,BRAIN_10,BA,0.38335909927155937,0.3086985541071495
JOINED_node,BRAIN_10,BA,0.2725858929023797,0.4163129719237482
JOINED_node,BRAIN_10,BA,0.2685401227517123,0.5285270793027459
JOINED_node,BRAIN_10,BA,0.3992592148922775,0.3928540983781057
JOINED_node,BRAIN_10,BA,0.2902280720815024,0.2856391419935357
JOINED_node,BRAIN_10,BA,0.3004592710090146,0.44135840627585987
JOINED_node,BRAIN_10,BA,0.32688476001365435,0.3613638050693356
JOINED_node,BRAIN_10,BA,0.2472841453590338,0.2887938840884206
JOINED_node,BRAIN_10,BA,0.31861568293053016,0.37105705166008374
JOINED_node,BRAIN_10,BA,0.21549299672456493,0.2710467585220215
JOINED_node,BRAIN_10,BA,0.27082996091566536,0.323213132463122
JOINED_node,BRAIN_10,BA,0.38221987835222326,0.3923981133107237
JOINED_node,BRAIN_10,BA,0.23062309875346731,0.34075190281095885
JOINED_node,BRAIN_10,BA,0.2524585973079832,0.34374498543918897
JOINED_node,BRAIN_10,BA,0.33526018697548965,0.39961474539159203
JOINED_node,BRAIN_10,BA,0.3559055960286107,0.3087690969399062
JOINED_node,BRAIN_10,BA,0.3383248220276587,0.3284026711241277
JOINED_node,BRAIN_10,BA,0.25914729429843464,0.3271450297282044
JOINED_node,BRAIN_10,BA,0.23324909301520924,0.31267667074290867
JOINED_node,BRAIN_10,BA,0.3112405010860522,0.39108116516368274
JOINED_node,BRAIN_10,BA,0.30472133426685694,0.33009333931100904
JOINED_node,BRAIN_10,BA,0.3118570503754661,0.3043786011242702
JOINED_node,BRAIN_10,BA,0.1905773790501738,0.3113360529874278
JOINED_node,BRAIN_10,BA,0.34288241817505316,0.40881387369910327
JOINED_node,BRAIN_10,BA,0.26487049393320283,0.278312032644639
JOINED_node,BRAIN_10,BA,0.20048244600499868,0.29582575187020255
JOINED_node,BRAIN_10,BA,0.21488613643290053,0.3963604105334708
JOINED_node,BRAIN_10,BA,0.41664206997538317,0.34916756925379633
JOINED_node,BRAIN_10,BA,0.22786777731872146,0.3763885295253374
JOINED_node,BRAIN_10,BA,0.3193199418147583,0.3543692382956374
JOINED_node,BRAIN_10,BA,0.2206268469952053,0.46811522201521283
JOINED_node,BRAIN_10,BA,0.4553450767851566,0.2763805921526452
JOINED_node,BRAIN_10,BA,0.3077417000979068,0.36820928995271696
JOINED_node,BRAIN_10,BA,0.29804724207483474,0.3407612113683628
JOINED_node,BRAIN_10,BA,0.26801494564753603,0.5793380534563926
JOINED_node,BRAIN_10,BA,0.2312240675427911,0.2866369310706209
JOINED_node,BRAIN_10,BA,0.25229210084594006,0.30778783690662787
JOINED_node,BRAIN_10,BA,0.2407874832160468,0.5226007430614006
JOINED_node,BRAIN_10,BA,0.3083296687074409,0.3377282199651913
JOINED_node,BRAIN_10,BA,0.25070184488875596,0.3933024897055619
JOINED_node,BRAIN_10,BA,0.28442340901441004,0.3091891966818662
JOINED_node,BRAIN_10,BA,0.33780333823335973,0.39768753000844814
JOINED_node,BRAIN_10,BA,0.31243296085383215,0.4649724314121926
JOINED_node,BRAIN_10,BA,0.3620686671395863,0.3830951109795053
JOINED_node,BRAIN_10,BA,0.2327884675549181,0.3473874286886815
JOINED_node,BRAIN_10,BA,0.2523281991642311,0.39197897448893854
JOINED_node,BRAIN_10,BA,0.2788883841044875,0.23401602102017813
JOINED_node,BRAIN_10,BA,0.351546458773233,0.31055071210149654
JOINED_node,BRAIN_10,BA,0.3127545450238743,0.35779595186110075
JOINED_node,BRAIN_10,BA,0.34098564510538637,0.44287411789079156
JOINED_node,BRAIN_10,BA,0.3362268987245742,0.3306292391338099
JOINED_node,BRAIN_10,BA,0.3570649388974324,0.19574347634485012
JOINED_node,BRAIN_10,BA,0.22060592415629862,0.273395235520392
JOINED_node,BRAIN_10,BA,0.36304571543204467,0.37465595330017937
JOINED_node,BRAIN_10,BA,0.30430005824092,0.4285459372655389
JOINED_node,BRAIN_10,BA,0.2893384523541403,0.33740450109934633
JOINED_node,BRAIN_10,BA,0.302726945050946,0.3540481325504107
JOINED_node,BRAIN_10,BA,0.3819046243696755,0.4261764302331925
JOINED_node,BRAIN_10,BA,0.19780907612224022,0.31067129637057045
JOINED_node,BRAIN_10,BA,0.3155257246543873,0.3800491386910882
JOINED_node,BRAIN_10,BA,0.2080888367791797,0.3662151659619744
JOINED_node,BRAIN_10,BA,0.380649874439736,0.27922660690590584
JOINED_node,BRAIN_10,BA,0.3257854620768867,0.39908223680748445
JOINED_node,BRAIN_10,BA,0.26777022093548697,0.33121962055292875
JOINED_node,BRAIN_10,BA,0.2704854479276804,0.3825806297192673
JOINED_node,BRAIN_10,BA,0.24877365765137982,0.36361827313637174
JOINED_node,BRAIN_10,BA,0.19116966310552216,0.18110040530176227
JOINED_node,BRAIN_10,BA,0.30891614733711653,0.34904936107935847
JOINED_node,BRAIN_10,BA,0.2435628651066575,0.2453093692673258
JOINED_node,BRAIN_10,BA,0.24086540910616241,0.2699132188227696
JOINED_node,BRAIN_10,BA,0.3690533998073985,0.31942757598553473
JOINED_node,BRAIN_10,BA,0.20084842427442537,0.5600621136331305
JOINED_node,BRAIN_10,BA,0.23108821976109,0.4774720126540258
JOINED_node,BRAIN_10,BA,0.3621030650857959,0.3828317797152613
JOINED_node,BRAIN_10,BA,0.23829066270383778,0.3104108148556834
JOINED_node,BRAIN_10,BA,0.25289636921143843,0.34611821594446857
JOINED_node,BRAIN_10,BA,0.26039109901601104,0.37678928415393015
JOINED_node,BRAIN_10,BA,0.19880017103048503,0.34163309399844194
JOINED_node,BRAIN_10,BA,0.3127174737319764,0.3262752579274535
JOINED_node,BRAIN_10,BA,0.27814780640416037,0.37433648445769996
JOINED_node,BRAIN_10,BA,0.31860828994832713,0.4927662093577778
JOINED_node,BRAIN_10,BA,0.23982679817232494,0.34077695277769837
JOINED_node,BRAIN_10,BA,0.29088942420131286,0.3675052835924492
JOINED_node,BRAIN_10,BA,0.21194925121393118,0.33069839484612223
JOINED_node,BRAIN_10,BA,0.33415476461895605,0.35104840572053986
JOINED_node,BRAIN_10,BA,0.2770283815429836,0.2787897921230188
JOINED_node,BRAIN_10,BA,0.2274359079636109,0.3377715147803407
JOINED_node,BRAIN_10,BA,0.19843422319370127,0.31772877868280724
JOINED_node,BRAIN_10,BA,0.242146709129536,0.31861884436431437
JOINED_node,BRAIN_10,BA,0.3126749075459205,0.2823826652248967
JOINED_node,BRAIN_10,BA,0.2956775374297573,0.4330426126870513
JOINED_node,BRAIN_10,BA,0.290071277005006,0.44363057003091555
JOINED_node,BRAIN_10,BA,0.38057261630816197,0.42163952514164643
JOINED_node,BRAIN_10,BA,0.3297976781050748,0.3588341563908496
JOINED_node,BRAIN_10,BA,0.29776423824312254,0.363863823496626
JOINED_node,BRAIN_10,BA,0.4103942017879791,0.3923785193326446
JOINED_node,BRAIN_10,BA,0.24462319391057222,0.33358987623557645
JOINED_node,BRAIN_10,BA,0.284263127590388,0.3420524118969095
JOINED_node,BRAIN_10,BA,0.2529128205130649,0.4696271352140997
JOINED_node,BRAIN_10,BA,0.45235070667935656,0.3129780073186307
JOINED_node,BRAIN_10,BA,0.2886292497659783,0.38949809084423337
JOINED_node,BRAIN_10,BA,0.36643790609011195,0.37128401386784954
JOINED_node,BRAIN_10,BA,0.24201222559932706,0.34929121096661964
JOINED_node,BRAIN_10,BA,0.2860652594266989,0.42613214354053525
JOINED_node,BRAIN_10,GEO,0.6354961954428512,0.5692345419727627
JOINED_node,BRAIN_10,GEO,0.5560442272139701,0.5625972324251981
JOINED_node,BRAIN_10,GEO,0.7070294299235238,0.6372345153497845
JOINED_node,BRAIN_10,GEO,0.6014349357991544,0.6441050006963869
JOINED_node,BRAIN_10,GEO,0.6482055522289533,0.6345383490512282
JOINED_node,BRAIN_10,GEO,0.5694289327935443,0.6345407842919817
JOINED_node,BRAIN_10,GEO,0.6142413380008906,0.5564330296667171
JOINED_node,BRAIN_10,GEO,0.6995633326926876,0.5854530083931211
JOINED_node,BRAIN_10,GEO,0.6011025072794256,0.6315191203151871
JOINED_node,BRAIN_10,GEO,0.6467714570250974,0.6227294138079618
JOINED_node,BRAIN_10,GEO,0.642391308797527,0.6067806049579931
JOINED_node,BRAIN_10,GEO,0.5831449979091528,0.600098894432205
JOINED_node,BRAIN_10,GEO,0.6506997458938943,0.6078854007549312
JOINED_node,BRAIN_10,GEO,0.6286576772474134,0.6460192314783813
JOINED_node,BRAIN_10,GEO,0.6355241577330356,0.625686220822878
JOINED_node,BRAIN_10,GEO,0.6773211838201441,0.5877474503037543
JOINED_node,BRAIN_10,GEO,0.6176587485316435,0.642187372332881
JOINED_node,BRAIN_10,GEO,0.6367228241173889,0.5657735803020749
JOINED_node,BRAIN_10,GEO,0.552735263882121,0.5169731569764363
JOINED_node,BRAIN_10,GEO,0.496898725340866,0.6254209832116057
JOINED_node,BRAIN_10,GEO,0.5872622507424129,0.6198143461246726
JOINED_node,BRAIN_10,GEO,0.5845944010014915,0.642787174355544
JOINED_node,BRAIN_10,GEO,0.6549134844537473,0.6118200156683249
JOINED_node,BRAIN_10,GEO,0.6592450371097482,0.599457260443953
JOINED_node,BRAIN_10,GEO,0.5892610945365047,0.5973460890100101
JOINED_node,BRAIN_10,GEO,0.7582984706897761,0.6255734909237506
JOINED_node,BRAIN_10,GEO,0.6230525409750465,0.6481039576621985
JOINED_node,BRAIN_10,GEO,0.7038642746971143,0.6174035747951985
JOINED_node,BRAIN_10,GEO,0.5358292294077922,0.6601391209227545
JOINED_node,BRAIN_10,GEO,0.4778534257963296,0.5617992670052445
JOINED_node,BRAIN_10,GEO,0.5707987282307788,0.5650708418568666
JOINED_node,BRAIN_10,GEO,0.5696449282052884,0.6144360011545029
JOINED_node,BRAIN_10,GEO,0.6299930877858437,0.5982680720738435
JOINED_node,BRAIN_10,GEO,0.7040620019818384,0.6108795078617489
JOINED_node,BRAIN_10,GEO,0.6479639141111455,0.5738222545479612
JOINED_node,BRAIN_10,GEO,0.6642151511380109,0.538984941161931
JOINED_node,BRAIN_10,GEO,0.6695404876797236,0.6250739157723446
JOINED_node,BRAIN_10,GEO,0.6504243246343854,0.5571056941401734
JOINED_node,BRAIN_10,GEO,0.5314534982634205,0.6585578239924637
JOINED_node,BRAIN_10,GEO,0.6761105266382528,0.5969314141871863
JOINED_node,BRAIN_10,GEO,0.6415138315299053,0.6599985593261256
JOINED_node,BRAIN_10,GEO,0.5202492629109859,0.6130433132288957
JOINED_node,BRAIN_10,GEO,0.5820348314516502,0.6419188251844046
JOINED_node,BRAIN_10,GEO,0.6754418577210126,0.5761126397619211
JOINED_node,BRAIN_10,GEO,0.670951904461878,0.5893035557516341
JOINED_node,BRAIN_10,GEO,0.6766637756097441,0.5879433337259825
JOINED_node,BRAIN_10,GEO,0.6493283812689712,0.5642764754795522
JOINED_node,BRAIN_10,GEO,0.7164347309612276,0.6243973796034052
JOINED_node,BRAIN_10,GEO,0.668324586138187,0.6025128737966581
JOINED_node,BRAIN_10,GEO,0.5902689939166859,0.6647419102596865
JOINED_node,BRAIN_10,GEO,0.6174922381799688,0.641731120206263
JOINED_node,BRAIN_10,GEO,0.6851434493822338,0.5407704374945432
JOINED_node,BRAIN_10,GEO,0.7132569723721749,0.6709090903187083
JOINED_node,BRAIN_10,GEO,0.5272878882664216,0.5219239416526233
JOINED_node,BRAIN_10,GEO,0.6373035799984047,0.5696262300089567
JOINED_node,BRAIN_10,GEO,0.6880826013930889,0.6029849442455065
JOINED_node,BRAIN_10,GEO,0.6204509955158768,0.6361893108765638
JOINED_node,BRAIN_10,GEO,0.6152683458106354,0.5758893438165746
JOINED_node,BRAIN_10,GEO,0.5894263850142832,0.5793500359722717
JOINED_node,BRAIN_10,GEO,0.5547732027629398,0.6337366334823469
JOINED_node,BRAIN_10,GEO,0.6017847272785377,0.6187636623345155
JOINED_node,BRAIN_10,GEO,0.5856492367802791,0.6255033721178526
JOINED_node,BRAIN_10,GEO,0.6385775308576762,0.6180768660720664
JOINED_node,BRAIN_10,GEO,0.6161096993903636,0.6216657838720173
JOINED_node,BRAIN_10,GEO,0.5840328680635201,0.5901425619415885
JOINED_node,BRAIN_10,GEO,0.6455972333407746,0.6400178504346629
JOINED_node,BRAIN_10,GEO,0.5940365786075603,0.6023371525840668
JOINED_node,BRAIN_10,GEO,0.7025668385370041,0.600150702336594
JOINED_node,BRAIN_10,GEO,0.56066101342029,0.5445356878957837
JOINED_node,BRAIN_10,GEO,0.5777152236089673,0.5830061712211707
JOINED_node,BRAIN_10,GEO,0.6274541613346388,0.6860909258487922
JOINED_node,BRAIN_10,GEO,0.6421827961352494,0.6093816079226955
JOINED_node,BRAIN_10,GEO,0.6853813760470049,0.6154423470803561
JOINED_node,BRAIN_10,GEO,0.6826817696589743,0.6419619678708612
JOINED_node,BRAIN_10,GEO,0.676854286967029,0.559518895077955
JOINED_node,BRAIN_10,GEO,0.6468222993141105,0.5363694099349819
JOINED_node,BRAIN_10,GEO,0.5819265299555177,0.6675459319272166
JOINED_node,BRAIN_10,GEO,0.6087420736758486,0.5063243071828376
JOINED_node,BRAIN_10,GEO,0.502003885008729,0.55434254989735
JOINED_node,BRAIN_10,GEO,0.5308899929024608,0.5685569382140694
JOINED_node,BRAIN_10,GEO,0.6573787131680376,0.64640220187107
JOINED_node,BRAIN_10,GEO,0.720268052022547,0.6335484295898506
JOINED_node,BRAIN_10,GEO,0.5941060744246444,0.5310076521830351
JOINED_node,BRAIN_10,GEO,0.5992813044206732,0.5820560128031897
JOINED_node,BRAIN_10,GEO,0.6769317356796124,0.6678345243267261
JOINED_node,BRAIN_10,GEO,0.7346031682798273,0.5717154110163398
JOINED_node,BRAIN_10,GEO,0.7062266926242744,0.6110093011014792
JOINED_node,BRAIN_10,GEO,0.685196399070237,0.6578285185540653
JOINED_node,BRAIN_10,GEO,0.6835317475127526,0.6224941465415215
JOINED_node,BRAIN_10,GEO,0.6598127803744599,0.5616803036622205
JOINED_node,BRAIN_10,GEO,0.6362111849794568,0.6368230666620794
JOINED_node,BRAIN_10,GEO,0.6455474595089469,0.6000527312676023
JOINED_node,BRAIN_10,GEO,0.6635080952089326,0.5133829083088153
JOINED_node,BRAIN_10,GEO,0.6009274351939027,0.6028615892108702
JOINED_node,BRAIN_10,GEO,0.577440132575768,0.644979664662171
JOINED_node,BRAIN_10,GEO,0.5828313397423316,0.5846805171997647
JOINED_node,BRAIN_10,GEO,0.6944249272443527,0.5569289974361813
JOINED_node,BRAIN_10,GEO,0.563843706508597,0.6387839124820993
JOINED_node,BRAIN_10,GEO,0.626384343024076,0.554256587716534
JOINED_node,BRAIN_10,GEO,0.5824244387163927,0.5708740267435932
JOINED_node,BRAIN_10,GEO,0.7182792448087476,0.6486346666307399
JOINED_node,BRAIN_10,GEO,0.6750813557916439,0.6117342677283755
JOINED_node,BRAIN_10,GEO,0.7128846083362078,0.6481782091259387
JOINED_node,BRAIN_10,GEO,0.6917961278471843,0.6188579122281008
JOINED_node,BRAIN_10,GEO,0.6459451934412819,0.6339982231389176
JOINED_node,BRAIN_10,GEO,0.6365028824902662,0.6234384065544412
JOINED_node,BRAIN_10,GEO,0.5731047615201508,0.5950434934803365
JOINED_node,BRAIN_10,GEO,0.4990188106801573,0.5772886050883195
JOINED_node,BRAIN_10,GEO,0.7356677854102655,0.5348813530248246
JOINED_node,BRAIN_10,GEO,0.6921224160913013,0.6348684864716951
JOINED_node,BRAIN_10,GEO,0.7333710155568186,0.5617355959738253
JOINED_node,BRAIN_10,GEO,0.6244978837349208,0.6037766559541516
JOINED_node,BRAIN_10,GEO,0.5975609465651074,0.6274598700202101
JOINED_node,BRAIN_10,GEO,0.6189543547013535,0.5313561779718177
JOINED_node,BRAIN_10,GEO,0.637644138989818,0.606006172243778
JOINED_node,BRAIN_10,GEO,0.6101497635717652,0.5090053930455501
JOINED_node,BRAIN_10,GEO,0.6489586415653638,0.6363864715335137
JOINED_node,BRAIN_10,GEO,0.5824742942759993,0.5468522569599743
JOINED_node,BRAIN_10,GEO,0.5610316326556398,0.5536607979850822
JOINED_node,BRAIN_10,GEO,0.6665150666442552,0.6856160770266557
JOINED_node,BRAIN_10,GEO,0.6426993640777231,0.5364636393075979
JOINED_node,BRAIN_10,GEO,0.6967263649491832,0.6168034717365841
JOINED_node,BRAIN_10,GEO,0.63657145420392,0.5999223067723181
JOINED_node,BRAIN_10,GEO,0.5413803417508689,0.6012279029547531
JOINED_node,BRAIN_10,GEO,0.6594276200833781,0.6185848011633501
JOINED_node,BRAIN_10,GEO,0.6863049207056199,0.6229179738907624
JOINED_node,BRAIN_10,GEO,0.5995014047373354,0.648027293140766
JOINED_node,BRAIN_10,GEO,0.539753583189444,0.6169110566783982
JOINED_node,BRAIN_10,GEO,0.6039636970469583,0.6427960362734102
JOINED_node,BRAIN_10,GEO,0.7745304028031367,0.6426246779674174
JOINED_node,BRAIN_10,GEO,0.6575242523350696,0.5522820218451708
JOINED_node,BRAIN_10,GEO,0.704237432939487,0.5389764355330242
JOINED_node,BRAIN_10,GEO,0.6556463600192893,0.6856961171169424
JOINED_node,BRAIN_10,GEO,0.6212342697961188,0.5598664237961798
JOINED_node,BRAIN_10,GEO,0.6994709249051103,0.5908668982011106
JOINED_node,BRAIN_10,GEO,0.6868017239913222,0.6378464502815419
JOINED_node,BRAIN_10,GEO,0.5626842053285236,0.5798303036318703
JOINED_node,BRAIN_10,GEO,0.6172505200266308,0.6425785551816883
JOINED_node,BRAIN_10,GEO,0.7053941180395045,0.5979934746573727
JOINED_node,BRAIN_10,GEO,0.6927602705962731,0.6403875717345913
JOINED_node,BRAIN_10,GEO,0.640504732624118,0.574851321642276
JOINED_node,BRAIN_10,GEO,0.6505432987809202,0.5451788958285061
JOINED_node,BRAIN_10,GEO,0.713447864802101,0.6548711675082073
JOINED_node,BRAIN_10,GEO,0.6446011286439619,0.6048012358187629
JOINED_node,BRAIN_10,GEO,0.5292312107045706,0.543007557561818
JOINED_node,BRAIN_10,GEO,0.6362274391802444,0.5391685190706668
JOINED_node,BRAIN_10,GEO,0.6380268000570876,0.6547157286481444
JOINED_node,BRAIN_10,GEO,0.6951692153964261,0.633302864171212
JOINED_node,BRAIN_10,GEO,0.5837861798694454,0.6481503323027147
JOINED_node,BRAIN_10,GEO,0.6709320119509341,0.5491826319514707
JOINED_node,BRAIN_10,GEO,0.6739399633524655,0.5943351483321074
JOINED_node,BRAIN_10,GEO,0.5757082592109706,0.6588410764650903
JOINED_node,BRAIN_10,GEO,0.6270909576410749,0.579652987418125
JOINED_node,BRAIN_10,GEO,0.728223838683409,0.5570099565652856
JOINED_node,BRAIN_10,GEO,0.6816255409663401,0.6120959455153003
JOINED_node,BRAIN_10,GEO,0.6713890578621378,0.5781490624335117
JOINED_node,BRAIN_10,GEO,0.6460167431950452,0.6610732118618876
JOINED_node,BRAIN_10,GEO,0.6735762697083771,0.5152659669807731
JOINED_node,BRAIN_10,GEO,0.6253427250860178,0.5202438042459567
JOINED_node,BRAIN_10,GEO,0.6712226389749291,0.6430874455160644
JOINED_node,BRAIN_10,GEO,0.6022774912545577,0.578215773585913
JOINED_node,BRAIN_10,GEO,0.645803569742843,0.5377149118338516
JOINED_node,BRAIN_10,GEO,0.6433432394754485,0.6331329753211865
JOINED_node,BRAIN_10,GEO,0.6933773685902204,0.6212522882819334
JOINED_node,BRAIN_10,GEO,0.6368506004208169,0.568165401146115
JOINED_node,BRAIN_10,GEO,0.6843726259913653,0.6163369932162093
JOINED_node,BRAIN_10,GEO,0.6345842808991238,0.6226388401209559
JOINED_node,BRAIN_10,GEO,0.5671534124138348,0.619184294740837
JOINED_node,BRAIN_10,GEO,0.7168210108774457,0.6486722710020936
JOINED_node,BRAIN_10,GEO,0.6901611937743217,0.6014656591390621
JOINED_node,BRAIN_10,GEO,0.47434972127663394,0.5982346863778571
JOINED_node,BRAIN_10,GEO,0.5855323414192608,0.6227619698257125
JOINED_node,BRAIN_10,GEO,0.7057780906476722,0.5511062142158454
JOINED_node,BRAIN_10,GEO,0.6794707950228023,0.5540408010301507
JOINED_node,BRAIN_10,GEO,0.6240624184473257,0.5858850159278106
JOINED_node,BRAIN_10,GEO,0.5879125984760446,0.6027897665792117
JOINED_node,BRAIN_10,GEO,0.7213422581213635,0.6355426072234934
JOINED_node,BRAIN_10,GEO,0.6625086936004901,0.609126881081798
JOINED_node,BRAIN_10,GEO,0.5996267246224374,0.5827783577957816
JOINED_node,BRAIN_10,GEO,0.6319514205121267,0.6366676839688028
JOINED_node,BRAIN_10,GEO,0.6098783970868604,0.528506918943666
JOINED_node,BRAIN_10,GEO,0.5833846040040996,0.6101531290830393
JOINED_node,BRAIN_10,GEO,0.565144740964472,0.6098510379019597
JOINED_node,BRAIN_10,GEO,0.6276171676142006,0.6035017243546424
JOINED_node,BRAIN_10,GEO,0.6861823371055146,0.5934460609908949
JOINED_node,BRAIN_10,GEO,0.6136754182331865,0.6079017930313203
JOINED_node,BRAIN_10,GEO,0.6462733794249426,0.6074991316442322
JOINED_node,BRAIN_10,GEO,0.5778580360267104,0.6606225363858425
JOINED_node,BRAIN_10,GEO,0.6761645251108035,0.6265976291377391
JOINED_node,BRAIN_10,GEO,0.7158018526256952,0.6683281404305572
JOINED_node,BRAIN_10,GEO,0.653291669495092,0.5944364255131829
JOINED_node,BRAIN_10,GEO,0.41547914861866375,0.5699213129076044
JOINED_node,BRAIN_10,GEO,0.6438467010700385,0.6273950415448035
JOINED_node,BRAIN_10,GEO,0.6694230728554857,0.669255058164272
JOINED_node,BRAIN_10,GEO,0.5547089142939465,0.6045562064511223
JOINED_node,BRAIN_10,GEO,0.6785284715615895,0.5461288452481861
JOINED_node,BRAIN_10,GEO,0.5284465929874498,0.6147327416706281
JOINED_node,BRAIN_10,GEO,0.5576973505575489,0.6070871026354614
JOINED_node,BRAIN_10,GEO,0.5646235717543784,0.60607157997212
JOINED_node,BRAIN_10,GEO,0.5830935162696528,0.6063111957494473
JOINED_node,BRAIN_10,REAL,0.5367547425216359,0.5250616549986757
JOINED_edge,BRAIN_10,ER,0.41836127272936996,0.3329446311833122
JOINED_edge,BRAIN_10,ER,0.3300350155051284,0.41889009711385633
JOINED_edge,BRAIN_10,ER,0.34782036544904743,0.2841849796468603
JOINED_edge,BRAIN_10,ER,0.33125469406946767,0.43048942731449946
JOINED_edge,BRAIN_10,ER,0.44006343746508886,0.3941914026030128
JOINED_edge,BRAIN_10,ER,0.44656646743994166,0.35820248858580855
JOINED_edge,BRAIN_10,ER,0.43407592443730725,0.33805991172894506
JOINED_edge,BRAIN_10,ER,0.39694860553009415,0.2963097338767901
JOINED_edge,BRAIN_10,ER,0.3713905374205418,0.3475900988936791
JOINED_edge,BRAIN_10,ER,0.39954223088018836,0.2875222545513824
JOINED_edge,BRAIN_10,ER,0.49287072615019206,0.28941215684598975
JOINED_edge,BRAIN_10,ER,0.46377897800189266,0.30978994802525034
JOINED_edge,BRAIN_10,ER,0.4633523448448924,0.27923717564142037
JOINED_edge,BRAIN_10,ER,0.38595034582797394,0.3770299377264791
JOINED_edge,BRAIN_10,ER,0.44504621470179884,0.3684280239708574
JOINED_edge,BRAIN_10,ER,0.4045942999210449,0.32654073109659876
JOINED_edge,BRAIN_10,ER,0.40770294920539835,0.27166588631420496
JOINED_edge,BRAIN_10,ER,0.4583750662441777,0.33967883698974194
JOINED_edge,BRAIN_10,ER,0.40986629420349036,0.3156812667158587
JOINED_edge,BRAIN_10,ER,0.40462965069454004,0.30167102917445066
JOINED_edge,BRAIN_10,ER,0.45166774328779324,0.33915507498513536
JOINED_edge,BRAIN_10,ER,0.4197190786583946,0.37135370155310177
JOINED_edge,BRAIN_10,ER,0.39722475246063904,0.3038557970336341
JOINED_edge,BRAIN_10,ER,0.39913917322373943,0.3609945167122085
JOINED_edge,BRAIN_10,ER,0.354880619762836,0.322828932127315
JOINED_edge,BRAIN_10,ER,0.39756230671446563,0.20124715031348264
JOINED_edge,BRAIN_10,ER,0.44836298458175033,0.3021141737440133
JOINED_edge,BRAIN_10,ER,0.4156784697809356,0.3297216602246586
JOINED_edge,BRAIN_10,ER,0.4914181570225989,0.3642766544505809
JOINED_edge,BRAIN_10,ER,0.40228598083567174,0.2660838675808311
JOINED_edge,BRAIN_10,ER,0.46572053239416455,0.3378858267390128
JOINED_edge,BRAIN_10,ER,0.38698400234944663,0.3471844210665338
JOINED_edge,BRAIN_10,ER,0.4005371999106297,0.29074886278097417
JOINED_edge,BRAIN_10,ER,0.4086057176305885,0.2788227139859427
JOINED_edge,BRAIN_10,ER,0.40016461482414695,0.3515295925309103
JOINED_edge,BRAIN_10,ER,0.44711550258520005,0.28203243305001313
JOINED_edge,BRAIN_10,ER,0.4710824055973433,0.2830574440284152
JOINED_edge,BRAIN_10,ER,0.3155958801544763,0.28689951802793995
JOINED_edge,BRAIN_10,ER,0.37612699681293127,0.33196533906794407
JOINED_edge,BRAIN_10,ER,0.44260076069209914,0.36215909865740514
JOINED_edge,BRAIN_10,ER,0.5408462055011681,0.3336817474730166
JOINED_edge,BRAIN_10,ER,0.44267051910104926,0.3438546455841424
JOINED_edge,BRAIN_10,ER,0.3847230646016773,0.227177544756307
JOINED_edge,BRAIN_10,ER,0.44034189981556804,0.22924702156785629
JOINED_edge,BRAIN_10,ER,0.3175661355232498,0.293659732413509
JOINED_edge,BRAIN_10,ER,0.38654803159117085,0.323473822486678
JOINED_edge,BRAIN_10,ER,0.47468614060312714,0.3874278733444638
JOINED_edge,BRAIN_10,ER,0.4214760901567739,0.3000673301281342
JOINED_edge,BRAIN_10,ER,0.36177721517666067,0.3301977553217189
JOINED_edge,BRAIN_10,ER,0.4713089931097296,0.45892660710294475
JOINED_edge,BRAIN_10,ER,0.46032374182031655,0.2783557294213994
JOINED_edge,BRAIN_10,ER,0.3956832483677591,0.2955162183585668
JOINED_edge,BRAIN_10,ER,0.47412362592964286,0.4006903847262657
JOINED_edge,BRAIN_10,ER,0.35046864483371576,0.25784727477597996
JOINED_edge,BRAIN_10,ER,0.43117651689557296,0.35493005061802696
JOINED_edge,BRAIN_10,ER,0.4260758413271998,0.34312757892483847
JOINED_edge,BRAIN_10,ER,0.47860346879328325,0.30712380035803694
JOINED_edge,BRAIN_10,ER,0.5126961905672609,0.2787417652293446
JOINED_edge,BRAIN_10,ER,0.407012238245883,0.3614243454680731
JOINED_edge,BRAIN_10,ER,0.44986897073766896,0.3734471354014356
JOINED_edge,BRAIN_10,ER,0.4165239404832889,0.3128141771313
JOINED_edge,BRAIN_10,ER,0.37312129053503595,0.32487235372712664
JOINED_edge,BRAIN_10,ER,0.40832009563629973,0.32342545599943195
JOINED_edge,BRAIN_10,ER,0.43494302711770827,0.3081655021612796
JOINED_edge,BRAIN_10,ER,0.39471537388971273,0.25632861738369217
JOINED_edge,BRAIN_10,ER,0.34052275035242674,0.32629935795345
JOINED_edge,BRAIN_10,ER,0.4024334744536926,0.31811395244359436
JOINED_edge,BRAIN_10,ER,0.4992181781782845,0.32538252021877556
JOINED_edge,BRAIN_10,ER,0.45208602757491934,0.30706681753632836
JOINED_edge,BRAIN_10,ER,0.40295820713119423,0.4626702267308448
JOINED_edge,BRAIN_10,ER,0.5168110794968807,0.3164117208942654
JOINED_edge,BRAIN_10,ER,0.45582739700619,0.33228289076703776
JOINED_edge,BRAIN_10,ER,0.36288837535897095,0.3255642844948675
JOINED_edge,BRAIN_10,ER,0.49001549349258405,0.30655552118253626
JOINED_edge,BRAIN_10,ER,0.37040931836590185,0.32947456001050235
JOINED_edge,BRAIN_10,ER,0.32343127162546687,0.2975644020921797
JOINED_edge,BRAIN_10,ER,0.45787474655510074,0.3611504507842378
JOINED_edge,BRAIN_10,ER,0.40348893599645846,0.3551168064572429
JOINED_edge,BRAIN_10,ER,0.3534031825492896,0.32049749729821386
JOINED_edge,BRAIN_10,ER,0.5770616955159852,0.40695810395936377
JOINED_edge,BRAIN_10,ER,0.3872601844427808,0.3390235375854992
JOINED_edge,BRAIN_10,ER,0.38104729684754196,0.2973201642059732
JOINED_edge,BRAIN_10,ER,0.3254372113506739,0.3901291729838816
JOINED_edge,BRAIN_10,ER,0.3956967829195323,0.24216108815690945
JOINED_edge,BRAIN_10,ER,0.42257025885414484,0.31978930740672595
JOINED_edge,BRAIN_10,ER,0.3537951904834646,0.2903975195628674
JOINED_edge,BRAIN_10,ER,0.4286911656439614,0.30102776951661037
JOINED_edge,BRAIN_10,ER,0.3837696003894855,0.4393159367477327
JOINED_edge,BRAIN_10,ER,0.39105993073354145,0.28643964691278034
JOINED_edge,BRAIN_10,ER,0.4255597233751746,0.27177716227011833
JOINED_edge,BRAIN_10,ER,0.4414444417401449,0.3745555958583443
JOINED_edge,BRAIN_10,ER,0.44523243818142133,0.3692003240063736
JOINED_edge,BRAIN_10,ER,0.3624839531604738,0.3433213110958444
JOINED_edge,BRAIN_10,ER,0.48005698885706344,0.3988471455967626
JOINED_edge,BRAIN_10,ER,0.41502692734495833,0.2597501957051893
JOINED_edge,BRAIN_10,ER,0.36364603761878883,0.24052078930709903
JOINED_edge,BRAIN_10,ER,0.3368242163622835,0.3591718430685434
JOINED_edge,BRAIN_10,ER,0.34493692243865953,0.3609375982238209
JOINED_edge,BRAIN_10,ER,0.39217928237983224,0.26783173735834015
JOINED_edge,BRAIN_10,ER,0.5783210812385849,0.31334130586947495
JOINED_edge,BRAIN_10,ER,0.3648421316441123,0.3646771002209874
JOINED_edge,BRAIN_10,ER,0.4158481704638464,0.3214002491927539
JOINED_edge,BRAIN_10,ER,0.45698950856064274,0.3104652733776222
JOINED_edge,BRAIN_10,ER,0.34328724057346055,0.30965612100817475
JOINED_edge,BRAIN_10,ER,0.3969484751569533,0.2929939700284322
JOINED_edge,BRAIN_10,ER,0.3760743405560538,0.34352104916069537
JOINED_edge,BRAIN_10,ER,0.37122419607704216,0.2887256632479893
JOINED_edge,BRAIN_10,ER,0.36572077854120105,0.34388663621235305
JOINED_edge,BRAIN_10,ER,0.3740607500167356,0.3551291819777498
JOINED_edge,BRAIN_10,ER,0.3248942443334293,0.24083652535604233
JOINED_edge,BRAIN_10,ER,0.42800160705029566,0.4895777429076583
JOINED_edge,BRAIN_10,ER,0.42754721865312967,0.2860676895446668
JOINED_edge,BRAIN_10,ER,0.31870143350252916,0.2845499955237203
JOINED_edge,BRAIN_10,ER,0.45382291412316433,0.2893568298419589
JOINED_edge,BRAIN_10,ER,0.39456346026476086,0.42575967498099243
JOINED_edge,BRAIN_10,ER,0.5043523884979468,0.3349613839222234
JOINED_edge,BRAIN_10,ER,0.3968585955930688,0.3439810181505558
JOINED_edge,BRAIN_10,ER,0.33713007206433854,0.3218755032862942
JOINED_edge,BRAIN_10,ER,0.43721858663800806,0.2882059765507662
JOINED_edge,BRAIN_10,ER,0.33392320610483184,0.28938740366426374
JOINED_edge,BRAIN_10,ER,0.3737512779475384,0.3259841926694466
JOINED_edge,BRAIN_10,ER,0.3916327866143435,0.32910809655036233
JOINED_edge,BRAIN_10,ER,0.4154198802388485,0.33748403450254033
JOINED_edge,BRAIN_10,ER,0.37433416452182156,0.31410859743494934
JOINED_edge,BRAIN_10,ER,0.5284421634747213,0.3697474234076883
JOINED_edge,BRAIN_10,ER,0.3099453393829543,0.29605967355835944
JOINED_edge,BRAIN_10,ER,0.5159002336622519,0.3012910710953929
JOINED_edge,BRAIN_10,ER,0.3724379707082053,0.26989531372104064
JOINED_edge,BRAIN_10,ER,0.4308192786908789,0.3086640935386379
JOINED_edge,BRAIN_10,ER,0.42591150054651866,0.3372952921351224
JOINED_edge,BRAIN_10,ER,0.4263480154955339,0.39313940365774425
JOINED_edge,BRAIN_10,ER,0.3597292430149147,0.38358521870058243
JOINED_edge,BRAIN_10,ER,0.4218253577778895,0.28940723609860364
JOINED_edge,BRAIN_10,ER,0.39410892767368283,0.3877867456127918
JOINED_edge,BRAIN_10,ER,0.30105606182756284,0.3439213227718962
JOINED_edge,BRAIN_10,ER,0.4079227615805877,0.32412186105640417
JOINED_edge,BRAIN_10,ER,0.3365833392027654,0.33425572717309127
JOINED_edge,BRAIN_10,ER,0.32970127899642165,0.4052116754122028
JOINED_edge,BRAIN_10,ER,0.4601098764505816,0.3370269565052035
JOINED_edge,BRAIN_10,ER,0.5654213923300748,0.30413657029472085
JOINED_edge,BRAIN_10,ER,0.5489268452882476,0.30028985468631714
JOINED_edge,BRAIN_10,ER,0.45212028272718946,0.40079534582848797
JOINED_edge,BRAIN_10,ER,0.36526556595241244,0.2624643412138684
JOINED_edge,BRAIN_10,ER,0.35462363564253807,0.25707882935004245
JOINED_edge,BRAIN_10,ER,0.4356759529199966,0.33302396287761393
JOINED_edge,BRAIN_10,ER,0.38342633448500524,0.3793247460442713
JOINED_edge,BRAIN_10,ER,0.37900031761664105,0.2743445152745956
JOINED_edge,BRAIN_10,ER,0.4479161958926751,0.4393590236880508
JOINED_edge,BRAIN_10,ER,0.4070360071258883,0.30175269311547925
JOINED_edge,BRAIN_10,ER,0.4560338950284402,0.32780490618297486
JOINED_edge,BRAIN_10,ER,0.587705272897326,0.3074367488673476
JOINED_edge,BRAIN_10,ER,0.3825358495431918,0.4803360603961344
JOINED_edge,BRAIN_10,ER,0.3544000158642393,0.31985029647961616
JOINED_edge,BRAIN_10,ER,0.3042474733243383,0.2695113965132007
JOINED_edge,BRAIN_10,ER,0.43116994789812835,0.3080956251035314
JOINED_edge,BRAIN_10,ER,0.500920904916242,0.3469757835121548
JOINED_edge,BRAIN_10,ER,0.5220255690164041,0.3232251170965446
JOINED_edge,BRAIN_10,ER,0.3662872047494636,0.3197922537213246
JOINED_edge,BRAIN_10,ER,0.5109719210827762,0.2733981488416187
JOINED_edge,BRAIN_10,ER,0.375865394372212,0.31658859369857495
JOINED_edge,BRAIN_10,ER,0.3657273984266416,0.3009688066719199
JOINED_edge,BRAIN_10,ER,0.30886533970919733,0.34044707594784585
JOINED_edge,BRAIN_10,ER,0.39006603443703347,0.31886347932036646
JOINED_edge,BRAIN_10,ER,0.43248750202554176,0.2874704878415463
JOINED_edge,BRAIN_10,ER,0.48787657321725425,0.39033675762215075
JOINED_edge,BRAIN_10,ER,0.41557135296577613,0.3955892285602037
JOINED_edge,BRAIN_10,ER,0.3870323626514634,0.27680374735303837
JOINED_edge,BRAIN_10,ER,0.4222269190029221,0.27776762399432015
JOINED_edge,BRAIN_10,ER,0.44064299478640273,0.3120389141555664
JOINED_edge,BRAIN_10,ER,0.4133088089423934,0.276256147072768
JOINED_edge,BRAIN_10,ER,0.44993054338153804,0.2692095883018371
JOINED_edge,BRAIN_10,ER,0.3656506327759686,0.284635312043917
JOINED_edge,BRAIN_10,ER,0.37533983358239587,0.4137335947116998
JOINED_edge,BRAIN_10,ER,0.4493304954621053,0.3952353159045826
JOINED_edge,BRAIN_10,ER,0.48415935202094845,0.3936871900706581
JOINED_edge,BRAIN_10,ER,0.34434482961993407,0.408730657364718
JOINED_edge,BRAIN_10,ER,0.420632414779361,0.31941917302440825
JOINED_edge,BRAIN_10,ER,0.4119580195183184,0.2657602912943402
JOINED_edge,BRAIN_10,ER,0.36045013971973633,0.23033718372670614
JOINED_edge,BRAIN_10,ER,0.38375568013723976,0.2996279691266321
JOINED_edge,BRAIN_10,ER,0.33117964291178353,0.41023485386326763
JOINED_edge,BRAIN_10,CFG,0.2864615824348308,0.2828903224301187
JOINED_edge,BRAIN_10,CFG,0.35008994292255513,0.2643048971884138
JOINED_edge,BRAIN_10,CFG,0.38932563747675053,0.37466986439925043
JOINED_edge,BRAIN_10,CFG,0.22135716694997015,0.16978653727063556
JOINED_edge,BRAIN_10,CFG,0.2808163488686392,0.31273014653871756
JOINED_edge,BRAIN_10,CFG,0.40526603562904795,0.46677132088466833
JOINED_edge,BRAIN_10,CFG,0.43530249867624854,0.3375684673453051
JOINED_edge,BRAIN_10,CFG,0.34673236989503664,0.3542036184084227
JOINED_edge,BRAIN_10,CFG,0.37271310461968893,0.40146543493612696
JOINED_edge,BRAIN_10,CFG,0.3570441341395969,0.46292185905276073
JOINED_edge,BRAIN_10,CFG,0.261000940233169,0.21113111472532398
JOINED_edge,BRAIN_10,CFG,0.2958837376402178,0.25956430451740703
JOINED_edge,BRAIN_10,CFG,0.3019442241968393,0.35776064239314664
JOINED_edge,BRAIN_10,CFG,0.3913679782637957,0.5024618545817404
JOINED_edge,BRAIN_10,CFG,0.3852821679198158,0.37205378508414555
JOINED_edge,BRAIN_10,CFG,0.2905385948873769,0.28550766342646994
JOINED_edge,BRAIN_10,CFG,0.2522304175403669,0.3036060711052475
JOINED_edge,BRAIN_10,CFG,0.36677311394490036,0.3405825623092619
JOINED_edge,BRAIN_10,CFG,0.3127515172165192,0.4498583152895279
JOINED_edge,BRAIN_10,CFG,0.22532951695026865,0.27303022338158567
JOINED_edge,BRAIN_10,CFG,0.30435202792276933,0.27780906542482564
JOINED_edge,BRAIN_10,CFG,0.29973889714155494,0.3837065828898293
JOINED_edge,BRAIN_10,CFG,0.2903698275042049,0.23744206428154557
JOINED_edge,BRAIN_10,CFG,0.3314149431750431,0.30919139079157043
JOINED_edge,BRAIN_10,CFG,0.27259484141727697,0.22909459748239214
JOINED_edge,BRAIN_10,CFG,0.20439436432253694,0.21842065387891235
JOINED_edge,BRAIN_10,CFG,0.4689425010337222,0.3889012184804396
JOINED_edge,BRAIN_10,CFG,0.42005265863878316,0.3473859575078009
JOINED_edge,BRAIN_10,CFG,0.3621484444792601,0.29702070045028417
JOINED_edge,BRAIN_10,CFG,0.25439202869292565,0.3107204230137155
JOINED_edge,BRAIN_10,CFG,0.39636811069328265,0.3864304405034486
JOINED_edge,BRAIN_10,CFG,0.29199864394280167,0.31761312558551347
JOINED_edge,BRAIN_10,CFG,0.3097297334658553,0.2599129680194687
JOINED_edge,BRAIN_10,CFG,0.3284360289538683,0.3324090718393845
JOINED_edge,BRAIN_10,CFG,0.3046924375100518,0.3842841286627878
JOINED_edge,BRAIN_10,CFG,0.43049258724199546,0.4196598781278472
JOINED_edge,BRAIN_10,CFG,0.39843866793379173,0.3177457227209699
JOINED_edge,BRAIN_10,CFG,0.24371320055999732,0.3334712151797594
JOINED_edge,BRAIN_10,CFG,0.3276001007378411,0.25884301232271495
JOINED_edge,BRAIN_10,CFG,0.3407688556347463,0.30975173139771794
JOINED_edge,BRAIN_10,CFG,0.3246675942408023,0.28926630094794314
JOINED_edge,BRAIN_10,CFG,0.3368766387893145,0.33824005409055136
JOINED_edge,BRAIN_10,CFG,0.21661525671104903,0.24304092789149417
JOINED_edge,BRAIN_10,CFG,0.3330114083055882,0.5177308163671767
JOINED_edge,BRAIN_10,CFG,0.28985779338902895,0.17747173784950954
JOINED_edge,BRAIN_10,CFG,0.2423595360484646,0.2511956938307536
JOINED_edge,BRAIN_10,CFG,0.28767625813504893,0.2068397756220837
JOINED_edge,BRAIN_10,CFG,0.3605368964169054,0.5135461894206526
JOINED_edge,BRAIN_10,CFG,0.43333201825330925,0.4511290109158311
JOINED_edge,BRAIN_10,CFG,0.3841193805051219,0.3758897465410222
JOINED_edge,BRAIN_10,CFG,0.44466531073584054,0.5742697298067124
JOINED_edge,BRAIN_10,CFG,0.3410489583745833,0.31463917228445887
JOINED_edge,BRAIN_10,CFG,0.25206463226843134,0.26355914291806565
JOINED_edge,BRAIN_10,CFG,0.31772510170087664,0.3586826633138449
JOINED_edge,BRAIN_10,CFG,0.4554828166255316,0.4634065984589516
JOINED_edge,BRAIN_10,CFG,0.3967811875289949,0.30261753513515266
JOINED_edge,BRAIN_10,CFG,0.3105385926152956,0.44345461956926197
JOINED_edge,BRAIN_10,CFG,0.3272750805227783,0.3153000513520044
JOINED_edge,BRAIN_10,CFG,0.40108333708237565,0.3615334026778042
JOINED_edge,BRAIN_10,CFG,0.2573712220977155,0.4101133225012341
JOINED_edge,BRAIN_10,CFG,0.23440000845048428,0.42233395230231596
JOINED_edge,BRAIN_10,CFG,0.35765249039209496,0.354055406021086
JOINED_edge,BRAIN_10,CFG,0.42408138898818554,0.23601489626130068
JOINED_edge,BRAIN_10,CFG,0.34311365845581204,0.38880278133587626
JOINED_edge,BRAIN_10,CFG,0.3480371615740271,0.2737199167366904
JOINED_edge,BRAIN_10,CFG,0.38237212906473145,0.31370830022614804
JOINED_edge,BRAIN_10,CFG,0.28969863591193423,0.35040968815750395
JOINED_edge,BRAIN_10,CFG,0.31601356678449993,0.35445691755318626
JOINED_edge,BRAIN_10,CFG,0.22587763982194453,0.29984458288683036
JOINED_edge,BRAIN_10,CFG,0.3436181841957192,0.3533513910654879
JOINED_edge,BRAIN_10,CFG,0.3318417001294521,0.457901593236632
JOINED_edge,BRAIN_10,CFG,0.3754507170811775,0.3725068554400553
JOINED_edge,BRAIN_10,CFG,0.24922526355091407,0.2824358714990179
JOINED_edge,BRAIN_10,CFG,0.4317781022319359,0.5097815120214407
JOINED_edge,BRAIN_10,CFG,0.30509819325580767,0.32851221750550175
JOINED_edge,BRAIN_10,CFG,0.4259653551377124,0.4160887290363201
JOINED_edge,BRAIN_10,CFG,0.2752636204107447,0.251615644269387
JOINED_edge,BRAIN_10,CFG,0.18691340442922688,0.3805994837778276
JOINED_edge,BRAIN_10,CFG,0.3460110683974942,0.2261173487640321
JOINED_edge,BRAIN_10,CFG,0.3223584512590905,0.34801543003498925
JOINED_edge,BRAIN_10,CFG,0.31023903995178037,0.32756307394127954
JOINED_edge,BRAIN_10,CFG,0.23778951382798558,0.20998525902279863
JOINED_edge,BRAIN_10,CFG,0.39043726121762345,0.42558834990270467
JOINED_edge,BRAIN_10,CFG,0.3306627926351915,0.27370628683965803
JOINED_edge,BRAIN_10,CFG,0.2563571777619587,0.33406470988792425
JOINED_edge,BRAIN_10,CFG,0.36423889764907513,0.36301141942762194
JOINED_edge,BRAIN_10,CFG,0.3194872400220626,0.3213205297388875
JOINED_edge,BRAIN_10,CFG,0.32387154834548254,0.4971556702641477
JOINED_edge,BRAIN_10,CFG,0.2867455703486912,0.3241373132223401
JOINED_edge,BRAIN_10,CFG,0.2965349865223362,0.48828609342816176
JOINED_edge,BRAIN_10,CFG,0.232135632528714,0.3534028874981464
JOINED_edge,BRAIN_10,CFG,0.31148677572694794,0.332259744689234
JOINED_edge,BRAIN_10,CFG,0.3190627461223211,0.37699461580923843
JOINED_edge,BRAIN_10,CFG,0.3236859394960271,0.445727417036788
JOINED_edge,BRAIN_10,CFG,0.34204130202564903,0.30087939292549426
JOINED_edge,BRAIN_10,CFG,0.2230653583277766,0.333416000458591
JOINED_edge,BRAIN_10,CFG,0.23444603203652714,0.23206202002588397
JOINED_edge,BRAIN_10,CFG,0.27830281306677346,0.3824516585605394
JOINED_edge,BRAIN_10,CFG,0.24697222611314948,0.3057138658259658
JOINED_edge,BRAIN_10,CFG,0.30719735765831846,0.3053595197992349
JOINED_edge,BRAIN_10,CFG,0.3408730135626446,0.437910139443838
JOINED_edge,BRAIN_10,CFG,0.36801996434926876,0.43019392321671013
JOINED_edge,BRAIN_10,CFG,0.2860758681826833,0.37077981665352705
JOINED_edge,BRAIN_10,CFG,0.47333252376859714,0.46043453389924305
JOINED_edge,BRAIN_10,CFG,0.34287757315253353,0.31633389904021497
JOINED_edge,BRAIN_10,CFG,0.4383402944751134,0.3476663007108755
JOINED_edge,BRAIN_10,CFG,0.32095249254508346,0.36853911261420613
JOINED_edge,BRAIN_10,CFG,0.40627777906466833,0.2701193843950719
JOINED_edge,BRAIN_10,CFG,0.3197150172637644,0.3329092800782766
JOINED_edge,BRAIN_10,CFG,0.37135095621944997,0.3558389292947816
JOINED_edge,BRAIN_10,CFG,0.31266297390268233,0.2997351385280686
JOINED_edge,BRAIN_10,CFG,0.3770969737184614,0.34026371104332753
JOINED_edge,BRAIN_10,CFG,0.13316324788496353,0.20807289709626214
JOINED_edge,BRAIN_10,CFG,0.3433963544850576,0.3626393121556857
JOINED_edge,BRAIN_10,CFG,0.35704484568342765,0.47358011361722624
JOINED_edge,BRAIN_10,CFG,0.3493170233754676,0.3376822483519253
JOINED_edge,BRAIN_10,CFG,0.2663290939561944,0.2510583340382745
JOINED_edge,BRAIN_10,CFG,0.2611598922192615,0.24108080446365937
JOINED_edge,BRAIN_10,CFG,0.33019208312425163,0.3414740308288342
JOINED_edge,BRAIN_10,CFG,0.41160381947130453,0.31834224843322345
JOINED_edge,BRAIN_10,CFG,0.30353922252758714,0.32092410563041474
JOINED_edge,BRAIN_10,CFG,0.29033121646705806,0.2724718994842843
JOINED_edge,BRAIN_10,CFG,0.3044472076196056,0.41082050716267837
JOINED_edge,BRAIN_10,CFG,0.3451158574678828,0.3938093794630605
JOINED_edge,BRAIN_10,CFG,0.3125497704560722,0.29705913056404276
JOINED_edge,BRAIN_10,CFG,0.35128031724871345,0.2854402371758068
JOINED_edge,BRAIN_10,CFG,0.36066575229839865,0.33040633073450676
JOINED_edge,BRAIN_10,CFG,0.4227596531677605,0.38837369079999284
JOINED_edge,BRAIN_10,CFG,0.21259861720274836,0.3509663260987308
JOINED_edge,BRAIN_10,CFG,0.26778334682088284,0.2629506585077931
JOINED_edge,BRAIN_10,CFG,0.29206853091843393,0.1957580818617473
JOINED_edge,BRAIN_10,CFG,0.3579965525636227,0.3459122452692135
JOINED_edge,BRAIN_10,CFG,0.2515441191328796,0.4714664368774509
JOINED_edge,BRAIN_10,CFG,0.3429266967832036,0.3327790361637758
JOINED_edge,BRAIN_10,CFG,0.3108476273881328,0.2910464830531922
JOINED_edge,BRAIN_10,CFG,0.3367055962812624,0.46334761184611895
JOINED_edge,BRAIN_10,CFG,0.29063618491538107,0.24223114448794203
JOINED_edge,BRAIN_10,CFG,0.2774987718258245,0.21337115944726687
JOINED_edge,BRAIN_10,CFG,0.3459664450779954,0.4465815940837794
JOINED_edge,BRAIN_10,CFG,0.5366122889882378,0.3807393254931319
JOINED_edge,BRAIN_10,CFG,0.2764695633349701,0.27886278725051045
JOINED_edge,BRAIN_10,CFG,0.26455227048205754,0.2358114660317572
JOINED_edge,BRAIN_10,CFG,0.3317174671096727,0.41052620949349783
JOINED_edge,BRAIN_10,CFG,0.4371552202890484,0.3282652778328754
JOINED_edge,BRAIN_10,CFG,0.3707630546389614,0.33845652270733895
JOINED_edge,BRAIN_10,CFG,0.42582799522114406,0.33558096813295274
JOINED_edge,BRAIN_10,CFG,0.3551036741922653,0.3262807076593705
JOINED_edge,BRAIN_10,CFG,0.33004566743241126,0.41040355267370454
JOINED_edge,BRAIN_10,CFG,0.3431674754095424,0.31655219135618484
JOINED_edge,BRAIN_10,CFG,0.3043741596228647,0.26738473727120105
JOINED_edge,BRAIN_10,CFG,0.36682911144985747,0.3398353831691132
JOINED_edge,BRAIN_10,CFG,0.21319775109786807,0.24364480282951573
JOINED_edge,BRAIN_10,CFG,0.23892741211929439,0.21179376189340965
JOINED_edge,BRAIN_10,CFG,0.352708364455591,0.3792134738264116
JOINED_edge,BRAIN_10,CFG,0.33181222423068324,0.22912955457930512
JOINED_edge,BRAIN_10,CFG,0.2876855322662128,0.3013096998905517
JOINED_edge,BRAIN_10,CFG,0.18468931951501907,0.2773276856167957
JOINED_edge,BRAIN_10,CFG,0.2785324914891382,0.3726545262502472
JOINED_edge,BRAIN_10,CFG,0.37661187739102203,0.3191563562221842
JOINED_edge,BRAIN_10,CFG,0.31353694873660415,0.21672247415272974
JOINED_edge,BRAIN_10,CFG,0.2959335921625301,0.32678674584862644
JOINED_edge,BRAIN_10,CFG,0.482973315263741,0.3743729691908797
JOINED_edge,BRAIN_10,CFG,0.313374316787389,0.21639680392847663
JOINED_edge,BRAIN_10,CFG,0.3453312939093725,0.33824652686643886
JOINED_edge,BRAIN_10,CFG,0.27912003189748774,0.30693289282023317
JOINED_edge,BRAIN_10,CFG,0.31420853262507065,0.2967149156732005
JOINED_edge,BRAIN_10,CFG,0.29498773063006395,0.4815509918888294
JOINED_edge,BRAIN_10,CFG,0.43740043932767864,0.5229900736254371
JOINED_edge,BRAIN_10,CFG,0.1909810419527412,0.1359679243497555
JOINED_edge,BRAIN_10,CFG,0.29129104803832273,0.2811330808428375
JOINED_edge,BRAIN_10,CFG,0.40743988584911617,0.28983215701650383
JOINED_edge,BRAIN_10,CFG,0.3136029978178181,0.28430943050360946
JOINED_edge,BRAIN_10,CFG,0.35823833209009504,0.3746086479050501
JOINED_edge,BRAIN_10,CFG,0.22188503489465333,0.21555872920155852
JOINED_edge,BRAIN_10,CFG,0.2675688615109127,0.24026516103664697
JOINED_edge,BRAIN_10,CFG,0.4126460117587345,0.3791838213180048
JOINED_edge,BRAIN_10,CFG,0.2924799778407325,0.3985893458278348
JOINED_edge,BRAIN_10,CFG,0.3615503909011026,0.3528590795729737
JOINED_edge,BRAIN_10,CFG,0.31859832100273217,0.34603286504019715
JOINED_edge,BRAIN_10,CFG,0.20469085470219037,0.2581421727431834
JOINED_edge,BRAIN_10,CFG,0.3812708309736362,0.3380809678937894
JOINED_edge,BRAIN_10,CFG,0.392341866446444,0.44059255260615826
JOINED_edge,BRAIN_10,CFG,0.484940576278256,0.35695280661761986
JOINED_edge,BRAIN_10,CFG,0.21775589946983473,0.2284812454722091
JOINED_edge,BRAIN_10,CFG,0.37568639968228773,0.40635746465274236
JOINED_edge,BRAIN_10,CFG,0.36908570781526506,0.30901221698164205
JOINED_edge,BRAIN_10,CFG,0.3614277091833531,0.35055676780199796
JOINED_edge,BRAIN_10,CFG,0.2251664679989026,0.5276534375644661
JOINED_edge,BRAIN_10,CFG,0.4257229496310675,0.30900493258890627
JOINED_edge,BRAIN_10,CFG,0.32222521235275076,0.25939722864465165
JOINED_edge,BRAIN_10,CFG,0.24296871807737155,0.33779092523031923
JOINED_edge,BRAIN_10,CFG,0.28823192896774186,0.25801987307402213
JOINED_edge,BRAIN_10,CFG,0.3992099494856461,0.4461413005199424
JOINED_edge,BRAIN_10,CFG,0.2806315108773987,0.33178120793167015
JOINED_edge,BRAIN_10,CFG,0.21467651117566988,0.17072194343088087
JOINED_edge,BRAIN_10,CFG,0.3259529031168756,0.2561934048675565
JOINED_edge,BRAIN_10,CFG,0.3221971414090969,0.3242090169934041
JOINED_edge,BRAIN_10,CFG,0.3176217929880085,0.31582734860493683
JOINED_edge,BRAIN_10,WS,0.4286126404969642,0.4373463306674371
JOINED_edge,BRAIN_10,WS,0.37132690537150287,0.5508663655381952
JOINED_edge,BRAIN_10,WS,0.41722391134340664,0.43457297873298895
JOINED_edge,BRAIN_10,WS,0.5206920060907905,0.47420861393082814
JOINED_edge,BRAIN_10,WS,0.4575520232817378,0.46809770615144286
JOINED_edge,BRAIN_10,WS,0.43696452234243277,0.43130572720362276
JOINED_edge,BRAIN_10,WS,0.41866762612264063,0.4338558343359403
JOINED_edge,BRAIN_10,WS,0.4330811779521313,0.4771160397598033
JOINED_edge,BRAIN_10,WS,0.5707932699792647,0.49025119825215957
JOINED_edge,BRAIN_10,WS,0.4960964886340408,0.4558922668796884
JOINED_edge,BRAIN_10,WS,0.47996400767667097,0.48916494982637193
JOINED_edge,BRAIN_10,WS,0.419144645857519,0.5670867800367712
JOINED_edge,BRAIN_10,WS,0.4048427406752798,0.536396406709658
JOINED_edge,BRAIN_10,WS,0.37773504641720707,0.5162274546612995
JOINED_edge,BRAIN_10,WS,0.3484956772818892,0.5668833796238456
JOINED_edge,BRAIN_10,WS,0.38297547645572566,0.5276509285517885
JOINED_edge,BRAIN_10,WS,0.44993440059748496,0.4104125874052761
JOINED_edge,BRAIN_10,WS,0.4111388102347087,0.4784114303218333
JOINED_edge,BRAIN_10,WS,0.3463202958356563,0.4362787691462342
JOINED_edge,BRAIN_10,WS,0.4050697783257739,0.35086831895757575
JOINED_edge,BRAIN_10,WS,0.5500398825168605,0.5104105365739203
JOINED_edge,BRAIN_10,WS,0.45552699764854604,0.4093946017869098
JOINED_edge,BRAIN_10,WS,0.34678158172923546,0.47111092892549083
JOINED_edge,BRAIN_10,WS,0.3489409630141874,0.55555735269729
JOINED_edge,BRAIN_10,WS,0.5069423419617379,0.47616640229856527
JOINED_edge,BRAIN_10,WS,0.3721763706898772,0.5142735371195497
JOINED_edge,BRAIN_10,WS,0.4246130968857935,0.495233723468157
JOINED_edge,BRAIN_10,WS,0.4764745984230658,0.4120229354866309
JOINED_edge,BRAIN_10,WS,0.477603654303346,0.5013476807191277
JOINED_edge,BRAIN_10,WS,0.42784428953893006,0.4543010350273553
JOINED_edge,BRAIN_10,WS,0.39709416023360555,0.47136479559504674
JOINED_edge,BRAIN_10,WS,0.4258465684510231,0.4668690349247774
JOINED_edge,BRAIN_10,WS,0.40718622520789105,0.6227806063118001
JOINED_edge,BRAIN_10,WS,0.39415787134292835,0.44652955824775
JOINED_edge,BRAIN_10,WS,0.495513350445478,0.5655484347339383
JOINED_edge,BRAIN_10,WS,0.4124057732262272,0.48841078970330887
JOINED_edge,BRAIN_10,WS,0.42702144849038,0.5105770888645288
JOINED_edge,BRAIN_10,WS,0.4191224621175928,0.42866657468208846
JOINED_edge,BRAIN_10,WS,0.4316217822142793,0.4612432149288599
JOINED_edge,BRAIN_10,WS,0.33769393600481135,0.4165574790859283
JOINED_edge,BRAIN_10,WS,0.40035996220928544,0.48023519229339195
JOINED_edge,BRAIN_10,WS,0.3865194958465015,0.6226371990566264
JOINED_edge,BRAIN_10,WS,0.4124352566043607,0.5422047818781532
JOINED_edge,BRAIN_10,WS,0.39633699920577,0.5894393425987483
JOINED_edge,BRAIN_10,WS,0.3570577154528562,0.5424741299969564
JOINED_edge,BRAIN_10,WS,0.3709137876198747,0.5627568846361312
JOINED_edge,BRAIN_10,WS,0.4099015309656509,0.5656033263686471
JOINED_edge,BRAIN_10,WS,0.44585728350249326,0.46157520863950063
JOINED_edge,BRAIN_10,WS,0.433873938752138,0.39989870138270306
JOINED_edge,BRAIN_10,WS,0.4100608083460246,0.4502391256774747
JOINED_edge,BRAIN_10,WS,0.36905573129098984,0.5554178707817294
JOINED_edge,BRAIN_10,WS,0.4734089448760986,0.42676019274109184
JOINED_edge,BRAIN_10,WS,0.41307542026247174,0.5642766536274568
JOINED_edge,BRAIN_10,WS,0.35515877589506434,0.5833736420339526
JOINED_edge,BRAIN_10,WS,0.4772100599885468,0.5035062706396748
JOINED_edge,BRAIN_10,WS,0.4287034521400494,0.549465742245876
JOINED_edge,BRAIN_10,WS,0.3926928898995073,0.36419095552000946
JOINED_edge,BRAIN_10,WS,0.5054409237844035,0.42821487983859474
JOINED_edge,BRAIN_10,WS,0.39729825347716957,0.5071241706175957
JOINED_edge,BRAIN_10,WS,0.38757915028506973,0.5918217982136567
JOINED_edge,BRAIN_10,WS,0.41903256840380326,0.44873190652368133
JOINED_edge,BRAIN_10,WS,0.3783841439242851,0.5298050826351413
JOINED_edge,BRAIN_10,WS,0.4257332273030231,0.4532819663980268
JOINED_edge,BRAIN_10,WS,0.489893704443761,0.4650075810765138
JOINED_edge,BRAIN_10,WS,0.37598800661488196,0.48511830566128844
JOINED_edge,BRAIN_10,WS,0.34276877205454415,0.5860669346951602
JOINED_edge,BRAIN_10,WS,0.46364344481911335,0.489555002857568
JOINED_edge,BRAIN_10,WS,0.3513091139450427,0.5036937358973881
JOINED_edge,BRAIN_10,WS,0.500628065124343,0.4375351109753168
JOINED_edge,BRAIN_10,WS,0.35035596762018817,0.4692772927992376
JOINED_edge,BRAIN_10,WS,0.4083307680254332,0.45559875629892854
JOINED_edge,BRAIN_10,WS,0.45556318561940484,0.4322633889051479
JOINED_edge,BRAIN_10,WS,0.3803253554922192,0.43145259272083253
JOINED_edge,BRAIN_10,WS,0.48548170178343025,0.4554751614194662
JOINED_edge,BRAIN_10,WS,0.40361967327603404,0.6375812059196828
JOINED_edge,BRAIN_10,WS,0.4420637824857786,0.410725069071647
JOINED_edge,BRAIN_10,WS,0.3874620419516526,0.35813772153505224
JOINED_edge,BRAIN_10,WS,0.3831911110329481,0.4512637858564251
JOINED_edge,BRAIN_10,WS,0.42036593334490047,0.4071893295250828
JOINED_edge,BRAIN_10,WS,0.42477131538817414,0.3219982127217607
JOINED_edge,BRAIN_10,WS,0.39327647445550434,0.4983054499461075
JOINED_edge,BRAIN_10,WS,0.5746286517034113,0.376673137477068
JOINED_edge,BRAIN_10,WS,0.45377958055776896,0.49075545602421833
JOINED_edge,BRAIN_10,WS,0.40111687036148985,0.40270233883115225
JOINED_edge,BRAIN_10,WS,0.495692050872793,0.4275760588512253
JOINED_edge,BRAIN_10,WS,0.48112051871540557,0.5239786676948563
JOINED_edge,BRAIN_10,WS,0.4731005257229777,0.5819045177289862
JOINED_edge,BRAIN_10,WS,0.36074324717887596,0.47673390847155617
JOINED_edge,BRAIN_10,WS,0.4765933794262325,0.43497445486012676
JOINED_edge,BRAIN_10,WS,0.3640172607166381,0.5612832266710023
JOINED_edge,BRAIN_10,WS,0.4549746232760657,0.4915022788609682
JOINED_edge,BRAIN_10,WS,0.36575930881654,0.5345059768526288
JOINED_edge,BRAIN_10,WS,0.4903193815805551,0.35767911560265886
JOINED_edge,BRAIN_10,WS,0.5551140741572955,0.4341898833269894
JOINED_edge,BRAIN_10,WS,0.4527269527376349,0.41600696045720387
JOINED_edge,BRAIN_10,WS,0.47703833022622916,0.49919458321890436
JOINED_edge,BRAIN_10,WS,0.41304870020783224,0.4355916818435607
JOINED_edge,BRAIN_10,WS,0.46459805880829214,0.4494719000312208
JOINED_edge,BRAIN_10,WS,0.37476167443660025,0.4091029738525709
JOINED_edge,BRAIN_10,WS,0.476228183336951,0.4291068778799404
JOINED_edge,BRAIN_10,WS,0.5171819660001771,0.385815407361433
JOINED_edge,BRAIN_10,WS,0.3860791913079202,0.523529682286902
JOINED_edge,BRAIN_10,WS,0.38490706220757176,0.5710223875525134
JOINED_edge,BRAIN_10,WS,0.5235835541807179,0.48616429942594686
JOINED_edge,BRAIN_10,WS,0.44901231852269513,0.4812600440397231
JOINED_edge,BRAIN_10,WS,0.4368744422902436,0.4384623052461667
JOINED_edge,BRAIN_10,WS,0.3738106539470153,0.4464511773400409
JOINED_edge,BRAIN_10,WS,0.3675360086882059,0.5381055237005581
JOINED_edge,BRAIN_10,WS,0.341263860677359,0.49079952353042106
JOINED_edge,BRAIN_10,WS,0.3495573468710026,0.6036765301232639
JOINED_edge,BRAIN_10,WS,0.43506680929270436,0.39496054142588866
JOINED_edge,BRAIN_10,WS,0.40714482687100256,0.4932676687657752
JOINED_edge,BRAIN_10,WS,0.4029620018626502,0.4383470995361384
JOINED_edge,BRAIN_10,WS,0.47720573387099524,0.41885997404663877
JOINED_edge,BRAIN_10,WS,0.3726543654601575,0.4524611584514443
JOINED_edge,BRAIN_10,WS,0.38146723137238064,0.5594755580506275
JOINED_edge,BRAIN_10,WS,0.5213218217720562,0.5406947819591326
JOINED_edge,BRAIN_10,WS,0.39649516893143355,0.44498937278070494
JOINED_edge,BRAIN_10,WS,0.5315324548127037,0.44924332353798213
JOINED_edge,BRAIN_10,WS,0.4897804230657726,0.5427410507605235
JOINED_edge,BRAIN_10,WS,0.37707990499359706,0.5342746547833535
JOINED_edge,BRAIN_10,WS,0.3714675616095684,0.5815486595699062
JOINED_edge,BRAIN_10,WS,0.4396700660370052,0.4384476080557931
JOINED_edge,BRAIN_10,WS,0.486196631911164,0.49358993318924815
JOINED_edge,BRAIN_10,WS,0.5289456595524633,0.4301371405879445
JOINED_edge,BRAIN_10,WS,0.45617791380831707,0.6057605742097671
JOINED_edge,BRAIN_10,WS,0.5143423728534032,0.49240434059249827
JOINED_edge,BRAIN_10,WS,0.376066270260115,0.4553055007673055
JOINED_edge,BRAIN_10,WS,0.3925013692807445,0.5192966254741433
JOINED_edge,BRAIN_10,WS,0.42444995291055315,0.4516422912578526
JOINED_edge,BRAIN_10,WS,0.3555396982635867,0.4614795029257893
JOINED_edge,BRAIN_10,WS,0.4779698905481706,0.42941600055713613
JOINED_edge,BRAIN_10,WS,0.48353240951040605,0.4345965487535669
JOINED_edge,BRAIN_10,WS,0.3981034600919408,0.5640000667685352
JOINED_edge,BRAIN_10,WS,0.40873217851560806,0.48520341393937905
JOINED_edge,BRAIN_10,WS,0.49637372811340685,0.5828447915549431
JOINED_edge,BRAIN_10,WS,0.35562391358713924,0.63805736029807
JOINED_edge,BRAIN_10,WS,0.5461813866195414,0.5978638091080846
JOINED_edge,BRAIN_10,WS,0.39217865560512,0.4404236403650773
JOINED_edge,BRAIN_10,WS,0.3552453487423521,0.39468088588845307
JOINED_edge,BRAIN_10,WS,0.5384113074789569,0.422424957781556
JOINED_edge,BRAIN_10,WS,0.3811185339124233,0.5081884616770916
JOINED_edge,BRAIN_10,WS,0.35319245827180257,0.4116969229396359
JOINED_edge,BRAIN_10,WS,0.5088130159181277,0.4886075704181372
JOINED_edge,BRAIN_10,WS,0.440248228997869,0.5442718933466537
JOINED_edge,BRAIN_10,WS,0.48082753327444633,0.5809128236388026
JOINED_edge,BRAIN_10,WS,0.42797704541940546,0.3908350587381787
JOINED_edge,BRAIN_10,WS,0.4949308590836502,0.45889475971798144
JOINED_edge,BRAIN_10,WS,0.39468663578779595,0.574060798087239
JOINED_edge,BRAIN_10,WS,0.47311826232852316,0.3916101217609559
JOINED_edge,BRAIN_10,WS,0.4784559620980921,0.5457849724189698
JOINED_edge,BRAIN_10,WS,0.4338185890663632,0.37889331040888785
JOINED_edge,BRAIN_10,WS,0.36868757495966614,0.5203004075942981
JOINED_edge,BRAIN_10,WS,0.5054253445107202,0.61391721502085
JOINED_edge,BRAIN_10,WS,0.49107063820184116,0.5594481482712498
JOINED_edge,BRAIN_10,WS,0.4142368696379975,0.609927054434573
JOINED_edge,BRAIN_10,WS,0.34654395648125286,0.5682952223574451
JOINED_edge,BRAIN_10,WS,0.4036609435776602,0.469070404400318
JOINED_edge,BRAIN_10,WS,0.34206379661621134,0.5205180309151435
JOINED_edge,BRAIN_10,WS,0.3457671722423806,0.5970947413119482
JOINED_edge,BRAIN_10,WS,0.358097662898688,0.40004317202593287
JOINED_edge,BRAIN_10,WS,0.5465618530335473,0.47593173467452254
JOINED_edge,BRAIN_10,WS,0.41333640531919336,0.49613884421467414
JOINED_edge,BRAIN_10,WS,0.3998078498543628,0.42679218485695236
JOINED_edge,BRAIN_10,WS,0.6091208386208897,0.5934272387711446
JOINED_edge,BRAIN_10,WS,0.44403577800395605,0.4391579261377647
JOINED_edge,BRAIN_10,WS,0.4186786483509504,0.4282482972090322
JOINED_edge,BRAIN_10,WS,0.4626909630487454,0.46863205301797894
JOINED_edge,BRAIN_10,WS,0.3550408973944,0.44873190652368133
JOINED_edge,BRAIN_10,WS,0.43795746199450636,0.5795403930993921
JOINED_edge,BRAIN_10,WS,0.42574178690648656,0.4934862646124869
JOINED_edge,BRAIN_10,WS,0.3619515421470517,0.5216951308107076
JOINED_edge,BRAIN_10,WS,0.4238354943156891,0.5642082090483972
JOINED_edge,BRAIN_10,WS,0.375441614304207,0.5175521497820348
JOINED_edge,BRAIN_10,WS,0.3783138674128637,0.4659075571710484
JOINED_edge,BRAIN_10,WS,0.4033867120250988,0.4543351468156188
JOINED_edge,BRAIN_10,WS,0.35037067902337754,0.5330170684706215
JOINED_edge,BRAIN_10,WS,0.39236159940778825,0.5610202132969726
JOINED_edge,BRAIN_10,WS,0.381332282534786,0.4714420076169453
JOINED_edge,BRAIN_10,WS,0.47941867903827934,0.4821253681504044
JOINED_edge,BRAIN_10,WS,0.48095380040288854,0.47705438697543645
JOINED_edge,BRAIN_10,WS,0.4491479712465399,0.48705307730741343
JOINED_edge,BRAIN_10,WS,0.3983994034565711,0.5872738869908152
JOINED_edge,BRAIN_10,WS,0.4928663739143063,0.5538897082955689
JOINED_edge,BRAIN_10,WS,0.35499658252360883,0.35170975163102525
JOINED_edge,BRAIN_10,WS,0.4070510734504129,0.39297751892636246
JOINED_edge,BRAIN_10,WS,0.5639347984822158,0.5036678145026137
JOINED_edge,BRAIN_10,WS,0.4423798443560653,0.402282979045563
JOINED_edge,BRAIN_10,WS,0.3984982151852653,0.46517324823243833
JOINED_edge,BRAIN_10,WS,0.4897475184349055,0.46419095005006916
JOINED_edge,BRAIN_10,WS,0.4489594900496035,0.5531896806500622
JOINED_edge,BRAIN_10,WS,0.35856986201998126,0.35216526985546737
JOINED_edge,BRAIN_10,WS,0.3719267153598437,0.36243758414703775
JOINED_edge,BRAIN_10,WS,0.4175983739166926,0.4789002433863266
JOINED_edge,BRAIN_10,WS,0.5666712269354164,0.46070114468691636
JOINED_edge,BRAIN_10,WS,0.3577785553858281,0.5191712122243223
JOINED_edge,BRAIN_10,WS,0.3367018391112851,0.48317673517581655
JOINED_edge,BRAIN_10,WS,0.3790439795971994,0.5512721431303937
JOINED_edge,BRAIN_10,WS,0.34622482334760385,0.5297637114683711
JOINED_edge,BRAIN_10,WS,0.4270081340678767,0.4544517274095723
JOINED_edge,BRAIN_10,BA,0.2819405319848316,0.35849011948432397
JOINED_edge,BRAIN_10,BA,0.238808291130024,0.3588961377617849
JOINED_edge,BRAIN_10,BA,0.4037331538905929,0.2864858861701023
JOINED_edge,BRAIN_10,BA,0.21226917941495152,0.3973065684168603
JOINED_edge,BRAIN_10,BA,0.31123871245150053,0.41728773467648106
JOINED_edge,BRAIN_10,BA,0.38376701923380846,0.31757712395013693
JOINED_edge,BRAIN_10,BA,0.3403650457371043,0.3368049131168786
JOINED_edge,BRAIN_10,BA,0.26567632426508364,0.2899447373796133
JOINED_edge,BRAIN_10,BA,0.2686871223628218,0.47348541073783246
JOINED_edge,BRAIN_10,BA,0.284053378950211,0.317253951344574
JOINED_edge,BRAIN_10,BA,0.2656316614967199,0.36248098286243124
JOINED_edge,BRAIN_10,BA,0.2920045253029584,0.3224566741217735
JOINED_edge,BRAIN_10,BA,0.347140214842352,0.32531988472674167
JOINED_edge,BRAIN_10,BA,0.28753994939872746,0.28539173172791155
JOINED_edge,BRAIN_10,BA,0.25413784039299336,0.2636390745651022
JOINED_edge,BRAIN_10,BA,0.25454246705888267,0.30023131311260165
JOINED_edge,BRAIN_10,BA,0.24197771784010258,0.35707371890033757
JOINED_edge,BRAIN_10,BA,0.21774716758450086,0.335725957092076
JOINED_edge,BRAIN_10,BA,0.27587003202000315,0.37869328368617616
JOINED_edge,BRAIN_10,BA,0.2444260393093391,0.4267426792248764
JOINED_edge,BRAIN_10,BA,0.4421245144923322,0.34437644090035485
JOINED_edge,BRAIN_10,BA,0.29403066707023096,0.2766814624964573
JOINED_edge,BRAIN_10,BA,0.3464640544765538,0.38344145092384996
JOINED_edge,BRAIN_10,BA,0.3047328742365268,0.3439292645540649
JOINED_edge,BRAIN_10,BA,0.3741864648338086,0.3464250680148935
JOINED_edge,BRAIN_10,BA,0.5252142663194865,0.36596345627556714
JOINED_edge,BRAIN_10,BA,0.3174763115673941,0.3658523416504045
JOINED_edge,BRAIN_10,BA,0.3104982557657866,0.31323808596686614
JOINED_edge,BRAIN_10,BA,0.2626405480195085,0.35608783993109816
JOINED_edge,BRAIN_10,BA,0.25203931587354433,0.33642172471093945
JOINED_edge,BRAIN_10,BA,0.24430343879834443,0.35187207902121015
JOINED_edge,BRAIN_10,BA,0.2717009371040423,0.32578444747123236
JOINED_edge,BRAIN_10,BA,0.32762846907856225,0.48766891079338387
JOINED_edge,BRAIN_10,BA,0.35679259159249394,0.44968582373885246
JOINED_edge,BRAIN_10,BA,0.26986672187920446,0.33433205210196293
JOINED_edge,BRAIN_10,BA,0.2949981245842727,0.41058640618143116
JOINED_edge,BRAIN_10,BA,0.44870652470336025,0.4751905076185963
JOINED_edge,BRAIN_10,BA,0.2660206234597481,0.38115398014626906
JOINED_edge,BRAIN_10,BA,0.27480655214508387,0.3010719754123694
JOINED_edge,BRAIN_10,BA,0.36251795353904437,0.3874266385790088
JOINED_edge,BRAIN_10,BA,0.2543433628434707,0.4183007393911865
JOINED_edge,BRAIN_10,BA,0.2365244929682026,0.38513872389822124
JOINED_edge,BRAIN_10,BA,0.33875399277488233,0.3395076174667876
JOINED_edge,BRAIN_10,BA,0.38178538397441636,0.41256809218192836
JOINED_edge,BRAIN_10,BA,0.2504626661045707,0.32981652805355544
JOINED_edge,BRAIN_10,BA,0.2431722465278492,0.41095303450321785
JOINED_edge,BRAIN_10,BA,0.2895110201758987,0.44534565655032277
JOINED_edge,BRAIN_10,BA,0.20581769355591262,0.24256412217931012
JOINED_edge,BRAIN_10,BA,0.2488468961997026,0.30525770893591575
JOINED_edge,BRAIN_10,BA,0.2907881648407937,0.3568744618528784
JOINED_edge,BRAIN_10,BA,0.2525012500854525,0.34003377327764894
JOINED_edge,BRAIN_10,BA,0.24716047504561478,0.42930875030807886
JOINED_edge,BRAIN_10,BA,0.249122734714971,0.3059399666850026
JOINED_edge,BRAIN_10,BA,0.4008466383190424,0.31085123322971187
JOINED_edge,BRAIN_10,BA,0.24200520231022013,0.3818562476097346
JOINED_edge,BRAIN_10,BA,0.2535058110633278,0.3735785749263711
JOINED_edge,BRAIN_10,BA,0.23529447609085863,0.4782524249552565
JOINED_edge,BRAIN_10,BA,0.3078177136133149,0.30841739369703214
JOINED_edge,BRAIN_10,BA,0.3934868286868701,0.30974221374025734
JOINED_edge,BRAIN_10,BA,0.22653438787804517,0.4850596316168879
JOINED_edge,BRAIN_10,BA,0.2293878065347564,0.31439024090329404
JOINED_edge,BRAIN_10,BA,0.2809715066655356,0.31130983916210536
JOINED_edge,BRAIN_10,BA,0.26851388357427214,0.3746878276758068
JOINED_edge,BRAIN_10,BA,0.3206726824956127,0.3943553377332314
JOINED_edge,BRAIN_10,BA,0.3305246556582024,0.42345727264294475
JOINED_edge,BRAIN_10,BA,0.20480292579120074,0.30420035431535164
JOINED_edge,BRAIN_10,BA,0.2584845478453551,0.36699099866000406
JOINED_edge,BRAIN_10,BA,0.19778595244236313,0.25631305325439524
JOINED_edge,BRAIN_10,BA,0.30121354810671414,0.38016009166058523
JOINED_edge,BRAIN_10,BA,0.23008855866186503,0.36031715971032696
JOINED_edge,BRAIN_10,BA,0.24539303780260388,0.3390461648467602
JOINED_edge,BRAIN_10,BA,0.27281325231200515,0.41995136796473964
JOINED_edge,BRAIN_10,BA,0.20464356219789503,0.24946592004568094
JOINED_edge,BRAIN_10,BA,0.46016743258889103,0.4010141676662311
JOINED_edge,BRAIN_10,BA,0.36677680410171576,0.3835530226254259
JOINED_edge,BRAIN_10,BA,0.31279696864062567,0.38077691346959264
JOINED_edge,BRAIN_10,BA,0.2630672039034333,0.3570387914888862
JOINED_edge,BRAIN_10,BA,0.37721261321884647,0.3922036160159197
JOINED_edge,BRAIN_10,BA,0.310748678258408,0.336022855962696
JOINED_edge,BRAIN_10,BA,0.24590894162085966,0.32958914209668655
JOINED_edge,BRAIN_10,BA,0.21369579305168693,0.30079554119680535
JOINED_edge,BRAIN_10,BA,0.3015929900415792,0.34141230208861173
JOINED_edge,BRAIN_10,BA,0.2866033115992567,0.4961216052507993
JOINED_edge,BRAIN_10,BA,0.33988404987531406,0.3492266709277828
JOINED_edge,BRAIN_10,BA,0.21563316373477026,0.27522855425802134
JOINED_edge,BRAIN_10,BA,0.2517722977302416,0.4604863565035322
JOINED_edge,BRAIN_10,BA,0.46826985934461485,0.3766984843634671
JOINED_edge,BRAIN_10,BA,0.22607407741132768,0.31157344427162975
JOINED_edge,BRAIN_10,BA,0.2992244918276101,0.3832383164399691
JOINED_edge,BRAIN_10,BA,0.2947785646707062,0.38796374091774666
JOINED_edge,BRAIN_10,BA,0.24410667457353466,0.3530641277106633
JOINED_edge,BRAIN_10,BA,0.2103897100557268,0.2914658664769437
JOINED_edge,BRAIN_10,BA,0.2864072158039111,0.38506958390352974
JOINED_edge,BRAIN_10,BA,0.23069433028149622,0.39690968782072744
JOINED_edge,BRAIN_10,BA,0.2656559713559867,0.37945372076966644
JOINED_edge,BRAIN_10,BA,0.2753169462633547,0.3371002928554221
JOINED_edge,BRAIN_10,BA,0.38335909927155937,0.3086985541071495
JOINED_edge,BRAIN_10,BA,0.2725858929023797,0.4163129719237482
JOINED_edge,BRAIN_10,BA,0.2685401227517123,0.5285270793027459
JOINED_edge,BRAIN_10,BA,0.3992592148922775,0.3928540983781057
JOINED_edge,BRAIN_10,BA,0.2902280720815024,0.2856391419935357
JOINED_edge,BRAIN_10,BA,0.3004592710090146,0.44135840627585987
JOINED_edge,BRAIN_10,BA,0.32688476001365435,0.3613638050693356
JOINED_edge,BRAIN_10,BA,0.2472841453590338,0.2887938840884206
JOINED_edge,BRAIN_10,BA,0.31861568293053016,0.37105705166008374
JOINED_edge,BRAIN_10,BA,0.21549299672456493,0.2710467585220215
JOINED_edge,BRAIN_10,BA,0.27082996091566536,0.323213132463122
JOINED_edge,BRAIN_10,BA,0.38221987835222326,0.3923981133107237
JOINED_edge,BRAIN_10,BA,0.23062309875346731,0.34075190281095885
JOINED_edge,BRAIN_10,BA,0.2524585973079832,0.34374498543918897
JOINED_edge,BRAIN_10,BA,0.33526018697548965,0.39961474539159203
JOINED_edge,BRAIN_10,BA,0.3559055960286107,0.3087690969399062
JOINED_edge,BRAIN_10,BA,0.3383248220276587,0.3284026711241277
JOINED_edge,BRAIN_10,BA,0.25914729429843464,0.3271450297282044
JOINED_edge,BRAIN_10,BA,0.23324909301520924,0.31267667074290867
JOINED_edge,BRAIN_10,BA,0.3112405010860522,0.39108116516368274
JOINED_edge,BRAIN_10,BA,0.30472133426685694,0.33009333931100904
JOINED_edge,BRAIN_10,BA,0.3118570503754661,0.3043786011242702
JOINED_edge,BRAIN_10,BA,0.1905773790501738,0.3113360529874278
JOINED_edge,BRAIN_10,BA,0.34288241817505316,0.40881387369910327
JOINED_edge,BRAIN_10,BA,0.26487049393320283,0.278312032644639
JOINED_edge,BRAIN_10,BA,0.20048244600499868,0.29582575187020255
JOINED_edge,BRAIN_10,BA,0.21488613643290053,0.3963604105334708
JOINED_edge,BRAIN_10,BA,0.41664206997538317,0.34916756925379633
JOINED_edge,BRAIN_10,BA,0.22786777731872146,0.3763885295253374
JOINED_edge,BRAIN_10,BA,0.3193199418147583,0.3543692382956374
JOINED_edge,BRAIN_10,BA,0.2206268469952053,0.46811522201521283
JOINED_edge,BRAIN_10,BA,0.4553450767851566,0.2763805921526452
JOINED_edge,BRAIN_10,BA,0.3077417000979068,0.36820928995271696
JOINED_edge,BRAIN_10,BA,0.29804724207483474,0.3407612113683628
JOINED_edge,BRAIN_10,BA,0.26801494564753603,0.5793380534563926
JOINED_edge,BRAIN_10,BA,0.2312240675427911,0.2866369310706209
JOINED_edge,BRAIN_10,BA,0.25229210084594006,0.30778783690662787
JOINED_edge,BRAIN_10,BA,0.2407874832160468,0.5226007430614006
JOINED_edge,BRAIN_10,BA,0.3083296687074409,0.3377282199651913
JOINED_edge,BRAIN_10,BA,0.25070184488875596,0.3933024897055619
JOINED_edge,BRAIN_10,BA,0.28442340901441004,0.3091891966818662
JOINED_edge,BRAIN_10,BA,0.33780333823335973,0.39768753000844814
JOINED_edge,BRAIN_10,BA,0.31243296085383215,0.4649724314121926
JOINED_edge,BRAIN_10,BA,0.3620686671395863,0.3830951109795053
JOINED_edge,BRAIN_10,BA,0.2327884675549181,0.3473874286886815
JOINED_edge,BRAIN_10,BA,0.2523281991642311,0.39197897448893854
JOINED_edge,BRAIN_10,BA,0.2788883841044875,0.23401602102017813
JOINED_edge,BRAIN_10,BA,0.351546458773233,0.31055071210149654
JOINED_edge,BRAIN_10,BA,0.3127545450238743,0.35779595186110075
JOINED_edge,BRAIN_10,BA,0.34098564510538637,0.44287411789079156
JOINED_edge,BRAIN_10,BA,0.3362268987245742,0.3306292391338099
JOINED_edge,BRAIN_10,BA,0.3570649388974324,0.19574347634485012
JOINED_edge,BRAIN_10,BA,0.22060592415629862,0.273395235520392
JOINED_edge,BRAIN_10,BA,0.36304571543204467,0.37465595330017937
JOINED_edge,BRAIN_10,BA,0.30430005824092,0.4285459372655389
JOINED_edge,BRAIN_10,BA,0.2893384523541403,0.33740450109934633
JOINED_edge,BRAIN_10,BA,0.302726945050946,0.3540481325504107
JOINED_edge,BRAIN_10,BA,0.3819046243696755,0.4261764302331925
JOINED_edge,BRAIN_10,BA,0.19780907612224022,0.31067129637057045
JOINED_edge,BRAIN_10,BA,0.3155257246543873,0.3800491386910882
JOINED_edge,BRAIN_10,BA,0.2080888367791797,0.3662151659619744
JOINED_edge,BRAIN_10,BA,0.380649874439736,0.27922660690590584
JOINED_edge,BRAIN_10,BA,0.3257854620768867,0.39908223680748445
JOINED_edge,BRAIN_10,BA,0.26777022093548697,0.33121962055292875
JOINED_edge,BRAIN_10,BA,0.2704854479276804,0.3825806297192673
JOINED_edge,BRAIN_10,BA,0.24877365765137982,0.36361827313637174
JOINED_edge,BRAIN_10,BA,0.19116966310552216,0.18110040530176227
JOINED_edge,BRAIN_10,BA,0.30891614733711653,0.34904936107935847
JOINED_edge,BRAIN_10,BA,0.2435628651066575,0.2453093692673258
JOINED_edge,BRAIN_10,BA,0.24086540910616241,0.2699132188227696
JOINED_edge,BRAIN_10,BA,0.3690533998073985,0.31942757598553473
JOINED_edge,BRAIN_10,BA,0.20084842427442537,0.5600621136331305
JOINED_edge,BRAIN_10,BA,0.23108821976109,0.4774720126540258
JOINED_edge,BRAIN_10,BA,0.3621030650857959,0.3828317797152613
JOINED_edge,BRAIN_10,BA,0.23829066270383778,0.3104108148556834
JOINED_edge,BRAIN_10,BA,0.25289636921143843,0.34611821594446857
JOINED_edge,BRAIN_10,BA,0.26039109901601104,0.37678928415393015
JOINED_edge,BRAIN_10,BA,0.19880017103048503,0.34163309399844194
JOINED_edge,BRAIN_10,BA,0.3127174737319764,0.3262752579274535
JOINED_edge,BRAIN_10,BA,0.27814780640416037,0.37433648445769996
JOINED_edge,BRAIN_10,BA,0.31860828994832713,0.4927662093577778
JOINED_edge,BRAIN_10,BA,0.23982679817232494,0.34077695277769837
JOINED_edge,BRAIN_10,BA,0.29088942420131286,0.3675052835924492
JOINED_edge,BRAIN_10,BA,0.21194925121393118,0.33069839484612223
JOINED_edge,BRAIN_10,BA,0.33415476461895605,0.35104840572053986
JOINED_edge,BRAIN_10,BA,0.2770283815429836,0.2787897921230188
JOINED_edge,BRAIN_10,BA,0.2274359079636109,0.3377715147803407
JOINED_edge,BRAIN_10,BA,0.19843422319370127,0.31772877868280724
JOINED_edge,BRAIN_10,BA,0.242146709129536,0.31861884436431437
JOINED_edge,BRAIN_10,BA,0.3126749075459205,0.2823826652248967
JOINED_edge,BRAIN_10,BA,0.2956775374297573,0.4330426126870513
JOINED_edge,BRAIN_10,BA,0.290071277005006,0.44363057003091555
JOINED_edge,BRAIN_10,BA,0.38057261630816197,0.42163952514164643
JOINED_edge,BRAIN_10,BA,0.3297976781050748,0.3588341563908496
JOINED_edge,BRAIN_10,BA,0.29776423824312254,0.363863823496626
JOINED_edge,BRAIN_10,BA,0.4103942017879791,0.3923785193326446
JOINED_edge,BRAIN_10,BA,0.24462319391057222,0.33358987623557645
JOINED_edge,BRAIN_10,BA,0.284263127590388,0.3420524118969095
JOINED_edge,BRAIN_10,BA,0.2529128205130649,0.4696271352140997
JOINED_edge,BRAIN_10,BA,0.45235070667935656,0.3129780073186307
JOINED_edge,BRAIN_10,BA,0.2886292497659783,0.38949809084423337
JOINED_edge,BRAIN_10,BA,0.36643790609011195,0.37128401386784954
JOINED_edge,BRAIN_10,BA,0.24201222559932706,0.34929121096661964
JOINED_edge,BRAIN_10,BA,0.2860652594266989,0.42613214354053525
JOINED_edge,BRAIN_10,GEO,0.6354961954428512,0.5692345419727627
JOINED_edge,BRAIN_10,GEO,0.5560442272139701,0.5625972324251981
JOINED_edge,BRAIN_10,GEO,0.7070294299235238,0.6372345153497845
JOINED_edge,BRAIN_10,GEO,0.6014349357991544,0.6441050006963869
JOINED_edge,BRAIN_10,GEO,0.6482055522289533,0.6345383490512282
JOINED_edge,BRAIN_10,GEO,0.5694289327935443,0.6345407842919817
JOINED_edge,BRAIN_10,GEO,0.6142413380008906,0.5564330296667171
JOINED_edge,BRAIN_10,GEO,0.6995633326926876,0.5854530083931211
JOINED_edge,BRAIN_10,GEO,0.6011025072794256,0.6315191203151871
JOINED_edge,BRAIN_10,GEO,0.6467714570250974,0.6227294138079618
JOINED_edge,BRAIN_10,GEO,0.642391308797527,0.6067806049579931
JOINED_edge,BRAIN_10,GEO,0.5831449979091528,0.600098894432205
JOINED_edge,BRAIN_10,GEO,0.6506997458938943,0.6078854007549312
JOINED_edge,BRAIN_10,GEO,0.6286576772474134,0.6460192314783813
JOINED_edge,BRAIN_10,GEO,0.6355241577330356,0.625686220822878
JOINED_edge,BRAIN_10,GEO,0.6773211838201441,0.5877474503037543
JOINED_edge,BRAIN_10,GEO,0.6176587485316435,0.642187372332881
JOINED_edge,BRAIN_10,GEO,0.6367228241173889,0.5657735803020749
JOINED_edge,BRAIN_10,GEO,0.552735263882121,0.5169731569764363
JOINED_edge,BRAIN_10,GEO,0.496898725340866,0.6254209832116057
JOINED_edge,BRAIN_10,GEO,0.5872622507424129,0.6198143461246726
JOINED_edge,BRAIN_10,GEO,0.5845944010014915,0.642787174355544
JOINED_edge,BRAIN_10,GEO,0.6549134844537473,0.6118200156683249
JOINED_edge,BRAIN_10,GEO,0.6592450371097482,0.599457260443953
JOINED_edge,BRAIN_10,GEO,0.5892610945365047,0.5973460890100101
JOINED_edge,BRAIN_10,GEO,0.7582984706897761,0.6255734909237506
JOINED_edge,BRAIN_10,GEO,0.6230525409750465,0.6481039576621985
JOINED_edge,BRAIN_10,GEO,0.7038642746971143,0.6174035747951985
JOINED_edge,BRAIN_10,GEO,0.5358292294077922,0.6601391209227545
JOINED_edge,BRAIN_10,GEO,0.4778534257963296,0.5617992670052445
JOINED_edge,BRAIN_10,GEO,0.5707987282307788,0.5650708418568666
JOINED_edge,BRAIN_10,GEO,0.5696449282052884,0.6144360011545029
JOINED_edge,BRAIN_10,GEO,0.6299930877858437,0.5982680720738435
JOINED_edge,BRAIN_10,GEO,0.7040620019818384,0.6108795078617489
JOINED_edge,BRAIN_10,GEO,0.6479639141111455,0.5738222545479612
JOINED_edge,BRAIN_10,GEO,0.6642151511380109,0.538984941161931
JOINED_edge,BRAIN_10,GEO,0.6695404876797236,0.6250739157723446
JOINED_edge,BRAIN_10,GEO,0.6504243246343854,0.5571056941401734
JOINED_edge,BRAIN_10,GEO,0.5314534982634205,0.6585578239924637
JOINED_edge,BRAIN_10,GEO,0.6761105266382528,0.5969314141871863
JOINED_edge,BRAIN_10,GEO,0.6415138315299053,0.6599985593261256
JOINED_edge,BRAIN_10,GEO,0.5202492629109859,0.6130433132288957
JOINED_edge,BRAIN_10,GEO,0.5820348314516502,0.6419188251844046
JOINED_edge,BRAIN_10,GEO,0.6754418577210126,0.5761126397619211
JOINED_edge,BRAIN_10,GEO,0.670951904461878,0.5893035557516341
JOINED_edge,BRAIN_10,GEO,0.6766637756097441,0.5879433337259825
JOINED_edge,BRAIN_10,GEO,0.6493283812689712,0.5642764754795522
JOINED_edge,BRAIN_10,GEO,0.7164347309612276,0.6243973796034052
JOINED_edge,BRAIN_10,GEO,0.668324586138187,0.6025128737966581
JOINED_edge,BRAIN_10,GEO,0.5902689939166859,0.6647419102596865
JOINED_edge,BRAIN_10,GEO,0.6174922381799688,0.641731120206263
JOINED_edge,BRAIN_10,GEO,0.6851434493822338,0.5407704374945432
JOINED_edge,BRAIN_10,GEO,0.7132569723721749,0.6709090903187083
JOINED_edge,BRAIN_10,GEO,0.5272878882664216,0.5219239416526233
JOINED_edge,BRAIN_10,GEO,0.6373035799984047,0.5696262300089567
JOINED_edge,BRAIN_10,GEO,0.6880826013930889,0.6029849442455065
JOINED_edge,BRAIN_10,GEO,0.6204509955158768,0.6361893108765638
JOINED_edge,BRAIN_10,GEO,0.6152683458106354,0.5758893438165746
JOINED_edge,BRAIN_10,GEO,0.5894263850142832,0.5793500359722717
JOINED_edge,BRAIN_10,GEO,0.5547732027629398,0.6337366334823469
JOINED_edge,BRAIN_10,GEO,0.6017847272785377,0.6187636623345155
JOINED_edge,BRAIN_10,GEO,0.5856492367802791,0.6255033721178526
JOINED_edge,BRAIN_10,GEO,0.6385775308576762,0.6180768660720664
JOINED_edge,BRAIN_10,GEO,0.6161096993903636,0.6216657838720173
JOINED_edge,BRAIN_10,GEO,0.5840328680635201,0.5901425619415885
JOINED_edge,BRAIN_10,GEO,0.6455972333407746,0.6400178504346629
JOINED_edge,BRAIN_10,GEO,0.5940365786075603,0.6023371525840668
JOINED_edge,BRAIN_10,GEO,0.7025668385370041,0.600150702336594
JOINED_edge,BRAIN_10,GEO,0.56066101342029,0.5445356878957837
JOINED_edge,BRAIN_10,GEO,0.5777152236089673,0.5830061712211707
JOINED_edge,BRAIN_10,GEO,0.6274541613346388,0.6860909258487922
JOINED_edge,BRAIN_10,GEO,0.6421827961352494,0.6093816079226955
JOINED_edge,BRAIN_10,GEO,0.6853813760470049,0.6154423470803561
JOINED_edge,BRAIN_10,GEO,0.6826817696589743,0.6419619678708612
JOINED_edge,BRAIN_10,GEO,0.676854286967029,0.559518895077955
JOINED_edge,BRAIN_10,GEO,0.6468222993141105,0.5363694099349819
JOINED_edge,BRAIN_10,GEO,0.5819265299555177,0.6675459319272166
JOINED_edge,BRAIN_10,GEO,0.6087420736758486,0.5063243071828376
JOINED_edge,BRAIN_10,GEO,0.502003885008729,0.55434254989735
JOINED_edge,BRAIN_10,GEO,0.5308899929024608,0.5685569382140694
JOINED_edge,BRAIN_10,GEO,0.6573787131680376,0.64640220187107
JOINED_edge,BRAIN_10,GEO,0.720268052022547,0.6335484295898506
JOINED_edge,BRAIN_10,GEO,0.5941060744246444,0.5310076521830351
JOINED_edge,BRAIN_10,GEO,0.5992813044206732,0.5820560128031897
JOINED_edge,BRAIN_10,GEO,0.6769317356796124,0.6678345243267261
JOINED_edge,BRAIN_10,GEO,0.7346031682798273,0.5717154110163398
JOINED_edge,BRAIN_10,GEO,0.7062266926242744,0.6110093011014792
JOINED_edge,BRAIN_10,GEO,0.685196399070237,0.6578285185540653
JOINED_edge,BRAIN_10,GEO,0.6835317475127526,0.6224941465415215
JOINED_edge,BRAIN_10,GEO,0.6598127803744599,0.5616803036622205
JOINED_edge,BRAIN_10,GEO,0.6362111849794568,0.6368230666620794
JOINED_edge,BRAIN_10,GEO,0.6455474595089469,0.6000527312676023
JOINED_edge,BRAIN_10,GEO,0.6635080952089326,0.5133829083088153
JOINED_edge,BRAIN_10,GEO,0.6009274351939027,0.6028615892108702
JOINED_edge,BRAIN_10,GEO,0.577440132575768,0.644979664662171
JOINED_edge,BRAIN_10,GEO,0.5828313397423316,0.5846805171997647
JOINED_edge,BRAIN_10,GEO,0.6944249272443527,0.5569289974361813
JOINED_edge,BRAIN_10,GEO,0.563843706508597,0.6387839124820993
JOINED_edge,BRAIN_10,GEO,0.626384343024076,0.554256587716534
JOINED_edge,BRAIN_10,GEO,0.5824244387163927,0.5708740267435932
JOINED_edge,BRAIN_10,GEO,0.7182792448087476,0.6486346666307399
JOINED_edge,BRAIN_10,GEO,0.6750813557916439,0.6117342677283755
JOINED_edge,BRAIN_10,GEO,0.7128846083362078,0.6481782091259387
JOINED_edge,BRAIN_10,GEO,0.6917961278471843,0.6188579122281008
JOINED_edge,BRAIN_10,GEO,0.6459451934412819,0.6339982231389176
JOINED_edge,BRAIN_10,GEO,0.6365028824902662,0.6234384065544412
JOINED_edge,BRAIN_10,GEO,0.5731047615201508,0.5950434934803365
JOINED_edge,BRAIN_10,GEO,0.4990188106801573,0.5772886050883195
JOINED_edge,BRAIN_10,GEO,0.7356677854102655,0.5348813530248246
JOINED_edge,BRAIN_10,GEO,0.6921224160913013,0.6348684864716951
JOINED_edge,BRAIN_10,GEO,0.7333710155568186,0.5617355959738253
JOINED_edge,BRAIN_10,GEO,0.6244978837349208,0.6037766559541516
JOINED_edge,BRAIN_10,GEO,0.5975609465651074,0.6274598700202101
JOINED_edge,BRAIN_10,GEO,0.6189543547013535,0.5313561779718177
JOINED_edge,BRAIN_10,GEO,0.637644138989818,0.606006172243778
JOINED_edge,BRAIN_10,GEO,0.6101497635717652,0.5090053930455501
JOINED_edge,BRAIN_10,GEO,0.6489586415653638,0.6363864715335137
JOINED_edge,BRAIN_10,GEO,0.5824742942759993,0.5468522569599743
JOINED_edge,BRAIN_10,GEO,0.5610316326556398,0.5536607979850822
JOINED_edge,BRAIN_10,GEO,0.6665150666442552,0.6856160770266557
JOINED_edge,BRAIN_10,GEO,0.6426993640777231,0.5364636393075979
JOINED_edge,BRAIN_10,GEO,0.6967263649491832,0.6168034717365841
JOINED_edge,BRAIN_10,GEO,0.63657145420392,0.5999223067723181
JOINED_edge,BRAIN_10,GEO,0.5413803417508689,0.6012279029547531
JOINED_edge,BRAIN_10,GEO,0.6594276200833781,0.6185848011633501
JOINED_edge,BRAIN_10,GEO,0.6863049207056199,0.6229179738907624
JOINED_edge,BRAIN_10,GEO,0.5995014047373354,0.648027293140766
JOINED_edge,BRAIN_10,GEO,0.539753583189444,0.6169110566783982
JOINED_edge,BRAIN_10,GEO,0.6039636970469583,0.6427960362734102
JOINED_edge,BRAIN_10,GEO,0.7745304028031367,0.6426246779674174
JOINED_edge,BRAIN_10,GEO,0.6575242523350696,0.5522820218451708
JOINED_edge,BRAIN_10,GEO,0.704237432939487,0.5389764355330242
JOINED_edge,BRAIN_10,GEO,0.6556463600192893,0.6856961171169424
JOINED_edge,BRAIN_10,GEO,0.6212342697961188,0.5598664237961798
JOINED_edge,BRAIN_10,GEO,0.6994709249051103,0.5908668982011106
JOINED_edge,BRAIN_10,GEO,0.6868017239913222,0.6378464502815419
JOINED_edge,BRAIN_10,GEO,0.5626842053285236,0.5798303036318703
JOINED_edge,BRAIN_10,GEO,0.6172505200266308,0.6425785551816883
JOINED_edge,BRAIN_10,GEO,0.7053941180395045,0.5979934746573727
JOINED_edge,BRAIN_10,GEO,0.6927602705962731,0.6403875717345913
JOINED_edge,BRAIN_10,GEO,0.640504732624118,0.574851321642276
JOINED_edge,BRAIN_10,GEO,0.6505432987809202,0.5451788958285061
JOINED_edge,BRAIN_10,GEO,0.713447864802101,0.6548711675082073
JOINED_edge,BRAIN_10,GEO,0.6446011286439619,0.6048012358187629
JOINED_edge,BRAIN_10,GEO,0.5292312107045706,0.543007557561818
JOINED_edge,BRAIN_10,GEO,0.6362274391802444,0.5391685190706668
JOINED_edge,BRAIN_10,GEO,0.6380268000570876,0.6547157286481444
JOINED_edge,BRAIN_10,GEO,0.6951692153964261,0.633302864171212
JOINED_edge,BRAIN_10,GEO,0.5837861798694454,0.6481503323027147
JOINED_edge,BRAIN_10,GEO,0.6709320119509341,0.5491826319514707
JOINED_edge,BRAIN_10,GEO,0.6739399633524655,0.5943351483321074
JOINED_edge,BRAIN_10,GEO,0.5757082592109706,0.6588410764650903
JOINED_edge,BRAIN_10,GEO,0.6270909576410749,0.579652987418125
JOINED_edge,BRAIN_10,GEO,0.728223838683409,0.5570099565652856
JOINED_edge,BRAIN_10,GEO,0.6816255409663401,0.6120959455153003
JOINED_edge,BRAIN_10,GEO,0.6713890578621378,0.5781490624335117
JOINED_edge,BRAIN_10,GEO,0.6460167431950452,0.6610732118618876
JOINED_edge,BRAIN_10,GEO,0.6735762697083771,0.5152659669807731
JOINED_edge,BRAIN_10,GEO,0.6253427250860178,0.5202438042459567
JOINED_edge,BRAIN_10,GEO,0.6712226389749291,0.6430874455160644
JOINED_edge,BRAIN_10,GEO,0.6022774912545577,0.578215773585913
JOINED_edge,BRAIN_10,GEO,0.645803569742843,0.5377149118338516
JOINED_edge,BRAIN_10,GEO,0.6433432394754485,0.6331329753211865
JOINED_edge,BRAIN_10,GEO,0.6933773685902204,0.6212522882819334
JOINED_edge,BRAIN_10,GEO,0.6368506004208169,0.568165401146115
JOINED_edge,BRAIN_10,GEO,0.6843726259913653,0.6163369932162093
JOINED_edge,BRAIN_10,GEO,0.6345842808991238,0.6226388401209559
JOINED_edge,BRAIN_10,GEO,0.5671534124138348,0.619184294740837
JOINED_edge,BRAIN_10,GEO,0.7168210108774457,0.6486722710020936
JOINED_edge,BRAIN_10,GEO,0.6901611937743217,0.6014656591390621
JOINED_edge,BRAIN_10,GEO,0.47434972127663394,0.5982346863778571
JOINED_edge,BRAIN_10,GEO,0.5855323414192608,0.6227619698257125
JOINED_edge,BRAIN_10,GEO,0.7057780906476722,0.5511062142158454
JOINED_edge,BRAIN_10,GEO,0.6794707950228023,0.5540408010301507
JOINED_edge,BRAIN_10,GEO,0.6240624184473257,0.5858850159278106
JOINED_edge,BRAIN_10,GEO,0.5879125984760446,0.6027897665792117
JOINED_edge,BRAIN_10,GEO,0.7213422581213635,0.6355426072234934
JOINED_edge,BRAIN_10,GEO,0.6625086936004901,0.609126881081798
JOINED_edge,BRAIN_10,GEO,0.5996267246224374,0.5827783577957816
JOINED_edge,BRAIN_10,GEO,0.6319514205121267,0.6366676839688028
JOINED_edge,BRAIN_10,GEO,0.6098783970868604,0.528506918943666
JOINED_edge,BRAIN_10,GEO,0.5833846040040996,0.6101531290830393
JOINED_edge,BRAIN_10,GEO,0.565144740964472,0.6098510379019597
JOINED_edge,BRAIN_10,GEO,0.6276171676142006,0.6035017243546424
JOINED_edge,BRAIN_10,GEO,0.6861823371055146,0.5934460609908949
JOINED_edge,BRAIN_10,GEO,0.6136754182331865,0.6079017930313203
JOINED_edge,BRAIN_10,GEO,0.6462733794249426,0.6074991316442322
JOINED_edge,BRAIN_10,GEO,0.5778580360267104,0.6606225363858425
JOINED_edge,BRAIN_10,GEO,0.6761645251108035,0.6265976291377391
JOINED_edge,BRAIN_10,GEO,0.7158018526256952,0.6683281404305572
JOINED_edge,BRAIN_10,GEO,0.653291669495092,0.5944364255131829
JOINED_edge,BRAIN_10,GEO,0.41547914861866375,0.5699213129076044
JOINED_edge,BRAIN_10,GEO,0.6438467010700385,0.6273950415448035
JOINED_edge,BRAIN_10,GEO,0.6694230728554857,0.669255058164272
JOINED_edge,BRAIN_10,GEO,0.5547089142939465,0.6045562064511223
JOINED_edge,BRAIN_10,GEO,0.6785284715615895,0.5461288452481861
JOINED_edge,BRAIN_10,GEO,0.5284465929874498,0.6147327416706281
JOINED_edge,BRAIN_10,GEO,0.5576973505575489,0.6070871026354614
JOINED_edge,BRAIN_10,GEO,0.5646235717543784,0.60607157997212
JOINED_edge,BRAIN_10,GEO,0.5830935162696528,0.6063111957494473
JOINED_edge,BRAIN_10,REAL,0.35771741376147903,0.5023697907327405
JACOBS,BRAIN_34,ER,0.47955368930006853,0.4267114139034241
JACOBS,BRAIN_34,ER,0.489637125311642,0.5044568275108481
JACOBS,BRAIN_34,ER,0.5122149392108255,0.43475507019764004
JACOBS,BRAIN_34,ER,0.4853235535059435,0.4226889318680984
JACOBS,BRAIN_34,ER,0.49886560955321213,0.5233005733131217
JACOBS,BRAIN_34,ER,0.5181787991898607,0.4776899689448722
JACOBS,BRAIN_34,ER,0.5092514276719996,0.5066743736106754
JACOBS,BRAIN_34,ER,0.49882281570051173,0.5173909222902425
JACOBS,BRAIN_34,ER,0.4815701907541829,0.41283404294796444
JACOBS,BRAIN_34,ER,0.5055061796636132,0.5102872542406414
JACOBS,BRAIN_34,ER,0.5111572435317008,0.47287264925703876
JACOBS,BRAIN_34,ER,0.49427504172746584,0.4721117909823917
JACOBS,BRAIN_34,ER,0.49576668119229067,0.5190815065706726
JACOBS,BRAIN_34,ER,0.5393707364408092,0.5228003102363734
JACOBS,BRAIN_34,ER,0.4785815515873687,0.49071227082938373
JACOBS,BRAIN_34,ER,0.5049377159886792,0.49652605455281335
JACOBS,BRAIN_34,ER,0.48404739908527655,0.41571378509377926
JACOBS,BRAIN_34,ER,0.493452580690697,0.5167585755318636
JACOBS,BRAIN_34,ER,0.5025388311799766,0.47272495726725694
JACOBS,BRAIN_34,ER,0.4885294952627697,0.4104494467926883
JACOBS,BRAIN_34,ER,0.49386956591656733,0.5249341894509247
JACOBS,BRAIN_34,ER,0.5182434132044712,0.4779152680324532
JACOBS,BRAIN_34,ER,0.5149062449527899,0.48860661595050586
JACOBS,BRAIN_34,ER,0.49313081478104287,0.503107918244172
JACOBS,BRAIN_34,ER,0.4959558773960296,0.4922492490460693
JACOBS,BRAIN_34,ER,0.50138157247054,0.5035877299992921
JACOBS,BRAIN_34,ER,0.6026545527532929,0.47058788661015283
JACOBS,BRAIN_34,ER,0.49383189444794434,0.48566223963281463
JACOBS,BRAIN_34,ER,0.5025522399456642,0.5300319591765108
JACOBS,BRAIN_34,ER,0.49236005287362733,0.4834377189086077
JACOBS,BRAIN_34,ER,0.4917235686941089,0.5044386171843023
JACOBS,BRAIN_34,ER,0.482065837539374,0.4121888869608198
JACOBS,BRAIN_34,ER,0.5060907392279639,0.524562795870259
JACOBS,BRAIN_34,ER,0.48766836072918246,0.4067407867600655
JACOBS,BRAIN_34,ER,0.6444017523674727,0.48534379696733865
JACOBS,BRAIN_34,ER,0.5547745338708282,0.469771559270323
JACOBS,BRAIN_34,ER,0.48714440477865273,0.5159692248098453
JACOBS,BRAIN_34,ER,0.5173055266089157,0.48645236173216005
JACOBS,BRAIN_34,ER,0.4979184671066701,0.3901867844675926
JACOBS,BRAIN_34,ER,0.5135456607486798,0.5270441427449553
JACOBS,BRAIN_34,ER,0.6115876088468644,0.498653831589878
JACOBS,BRAIN_34,ER,0.5004615890459229,0.5071905129012968
JACOBS,BRAIN_34,ER,0.4799414509607807,0.4267240656130747
JACOBS,BRAIN_34,ER,0.6191259751428556,0.5037962533437923
JACOBS,BRAIN_34,ER,0.5977806959804027,0.492858855115907
JACOBS,BRAIN_34,ER,0.49787895135500615,0.5057866570557799
JACOBS,BRAIN_34,ER,0.515174678969892,0.5044979610840163
JACOBS,BRAIN_34,ER,0.5268651977012391,0.5107369384978563
JACOBS,BRAIN_34,ER,0.6485113736765334,0.506857952216222
JACOBS,BRAIN_34,ER,0.5020082918562065,0.4914926370365902
JACOBS,BRAIN_34,ER,0.5021666774535046,0.48125425706327263
JACOBS,BRAIN_34,ER,0.4887798481055379,0.4850335179259505
JACOBS,BRAIN_34,ER,0.5459329928547815,0.4831903235709575
JACOBS,BRAIN_34,ER,0.5044205246291972,0.4882641086946902
JACOBS,BRAIN_34,ER,0.5347714371835852,0.4988121940922815
JACOBS,BRAIN_34,ER,0.5226297307960085,0.4893181017855399
JACOBS,BRAIN_34,ER,0.593886945635604,0.4070355523204989
JACOBS,BRAIN_34,ER,0.5565096973160367,0.5072263554661329
JACOBS,BRAIN_34,ER,0.49422044692619505,0.502703444033515
JACOBS,BRAIN_34,ER,0.6596063613321641,0.4849961557974271
JACOBS,BRAIN_34,ER,0.6091263112790151,0.512052171197311
JACOBS,BRAIN_34,ER,0.588955640274343,0.4219601008456757
JACOBS,BRAIN_34,ER,0.498383824555063,0.4722724712910538
JACOBS,BRAIN_34,ER,0.5767412216324285,0.4757714270992092
JACOBS,BRAIN_34,ER,0.6357288957680518,0.5419223808081025
JACOBS,BRAIN_34,ER,0.5029247646227495,0.49786284573840905
JACOBS,BRAIN_34,ER,0.47888971422797927,0.41317513318116694
JACOBS,BRAIN_34,ER,0.4768941536100805,0.4776383944498148
JACOBS,BRAIN_34,ER,0.5587432894835332,0.4396839490358393
JACOBS,BRAIN_34,ER,0.4806076982196749,0.4916575048404074
JACOBS,BRAIN_34,ER,0.48183814151364784,0.5254989183699832
JACOBS,BRAIN_34,ER,0.503091162902553,0.5093891512536692
JACOBS,BRAIN_34,ER,0.5257118684975126,0.5183862186284868
JACOBS,BRAIN_34,ER,0.5990270116390768,0.46983615081525365
JACOBS,BRAIN_34,ER,0.49549987347144603,0.4892666561629405
JACOBS,BRAIN_34,ER,0.6684384012217037,0.41850815529934887
JACOBS,BRAIN_34,ER,0.5026349302045884,0.4945205278665724
JACOBS,BRAIN_34,ER,0.49619419141536847,0.4951164943326346
JACOBS,BRAIN_34,ER,0.5314288014596358,0.506277169964013
JACOBS,BRAIN_34,ER,0.4948381658610007,0.5151288694808644
JACOBS,BRAIN_34,ER,0.5824850395411745,0.48636735434600253
JACOBS,BRAIN_34,ER,0.6164194491186321,0.49101667702350776
JACOBS,BRAIN_34,ER,0.4877407939590532,0.4747004992404852
JACOBS,BRAIN_34,ER,0.49998272012879286,0.39377188533799634
JACOBS,BRAIN_34,ER,0.6022513621513317,0.4939381611289092
JACOBS,BRAIN_34,ER,0.4954200156845974,0.49784603694451485
JACOBS,BRAIN_34,ER,0.49506870661560354,0.504210057480514
JACOBS,BRAIN_34,ER,0.5412271847457883,0.5008237461246166
JACOBS,BRAIN_34,ER,0.5051362105273952,0.49099299645957306
JACOBS,BRAIN_34,ER,0.5819568929628745,0.405176424271133
JACOBS,BRAIN_34,ER,0.5561227724696964,0.4582872894580162
JACOBS,BRAIN_34,ER,0.5098570347496613,0.5056637475385223
JACOBS,BRAIN_34,ER,0.4814095992348562,0.5060350658338286
JACOBS,BRAIN_34,ER,0.5743750311564894,0.4969528852610814
JACOBS,BRAIN_34,ER,0.48481075784179056,0.49255125084946233
JACOBS,BRAIN_34,ER,0.4919963648396177,0.5062478468198053
JACOBS,BRAIN_34,ER,0.5150154084005775,0.5067035436477956
JACOBS,BRAIN_34,ER,0.5034643984818984,0.5358332034966977
JACOBS,BRAIN_34,ER,0.5016928722185422,0.4230470875054712
JACOBS,BRAIN_34,ER,0.49633052637806613,0.5055532069992573
JACOBS,BRAIN_34,ER,0.49844048987162864,0.4666076356219937
JACOBS,BRAIN_34,ER,0.6265227477896352,0.49223328701130725
JACOBS,BRAIN_34,ER,0.48685040464022783,0.45613691798883704
JACOBS,BRAIN_34,ER,0.5193522484396941,0.5313273251552659
JACOBS,BRAIN_34,ER,0.49427853487780293,0.5103141389803196
JACOBS,BRAIN_34,ER,0.6170035393377605,0.5057606182495648
JACOBS,BRAIN_34,ER,0.49854183224352394,0.5696793824200005
JACOBS,BRAIN_34,ER,0.5784674401224665,0.46234629673153294
JACOBS,BRAIN_34,ER,0.49271779148123424,0.45929191789318047
JACOBS,BRAIN_34,ER,0.5078548380918997,0.4696698075016571
JACOBS,BRAIN_34,ER,0.5063444651950464,0.47781829372284434
JACOBS,BRAIN_34,ER,0.6310979395558795,0.40633983112291283
JACOBS,BRAIN_34,ER,0.6529232152305163,0.4716116372468628
JACOBS,BRAIN_34,ER,0.5656635225479565,0.43909508842144174
JACOBS,BRAIN_34,ER,0.48568995134964194,0.48353371020675057
JACOBS,BRAIN_34,ER,0.4808080067405773,0.49400872534358553
JACOBS,BRAIN_34,ER,0.6449415638259199,0.5268875206991019
JACOBS,BRAIN_34,ER,0.4910738456618749,0.5220495248464135
JACOBS,BRAIN_34,ER,0.516348827420051,0.5166634451622969
JACOBS,BRAIN_34,ER,0.6558601121209837,0.42363541861053217
JACOBS,BRAIN_34,ER,0.5157822765124054,0.5084913268147642
JACOBS,BRAIN_34,ER,0.49358254440383315,0.4822680647811987
JACOBS,BRAIN_34,ER,0.49362935417100945,0.411710449145832
JACOBS,BRAIN_34,ER,0.5091876084157989,0.5215057963444307
JACOBS,BRAIN_34,ER,0.5391203697260596,0.4970668283114602
JACOBS,BRAIN_34,ER,0.5027192364200551,0.4999729944781521
JACOBS,BRAIN_34,ER,0.6150553166007359,0.434341580879841
JACOBS,BRAIN_34,ER,0.46582901660562437,0.39896038565517505
JACOBS,BRAIN_34,ER,0.510727854873321,0.5173280938161138
JACOBS,BRAIN_34,ER,0.5157331128080825,0.46462852878238425
JACOBS,BRAIN_34,ER,0.5351885044964592,0.4318330750333513
JACOBS,BRAIN_34,ER,0.5117405396153613,0.5478469962576282
JACOBS,BRAIN_34,ER,0.4882625469767307,0.5062813675038395
JACOBS,BRAIN_34,ER,0.512292079876898,0.514701040724468
JACOBS,BRAIN_34,ER,0.5856279399816029,0.5135400498926181
JACOBS,BRAIN_34,ER,0.5009027455106716,0.45745518176502487
JACOBS,BRAIN_34,ER,0.5202498550026058,0.4290349308621981
JACOBS,BRAIN_34,ER,0.5047066525361205,0.5213901706154083
JACOBS,BRAIN_34,ER,0.4966738920696513,0.4685513583967715
JACOBS,BRAIN_34,ER,0.6284667675214781,0.436630715539184
JACOBS,BRAIN_34,ER,0.4933711820144671,0.517722294774003
JACOBS,BRAIN_34,ER,0.5432902903369705,0.4816241525106474
JACOBS,BRAIN_34,ER,0.6059621072824738,0.5096176211423409
JACOBS,BRAIN_34,ER,0.5921375784844827,0.4767426167163399
JACOBS,BRAIN_34,ER,0.5873831236172763,0.4626512216866454
JACOBS,BRAIN_34,ER,0.5383878088644296,0.41073417135131735
JACOBS,BRAIN_34,ER,0.543955382053344,0.4868794192713102
JACOBS,BRAIN_34,ER,0.4931661298568748,0.5198794917063971
JACOBS,BRAIN_34,ER,0.4985570095161641,0.5109178969538608
JACOBS,BRAIN_34,ER,0.5032466682382983,0.4978180203812097
JACOBS,BRAIN_34,ER,0.5042837014294766,0.49907399792123813
JACOBS,BRAIN_34,ER,0.497797418500987,0.40220768559538944
JACOBS,BRAIN_34,ER,0.5180459144963779,0.48214546295657157
JACOBS,BRAIN_34,ER,0.5916390231709998,0.4917759079802422
JACOBS,BRAIN_34,ER,0.4772657170968112,0.4894463426076988
JACOBS,BRAIN_34,ER,0.5829120900619021,0.46258982521685993
JACOBS,BRAIN_34,ER,0.6723556167891263,0.4262128778899481
JACOBS,BRAIN_34,ER,0.4882910091723058,0.49614921341535556
JACOBS,BRAIN_34,ER,0.49645102989825635,0.41444359536750836
JACOBS,BRAIN_34,ER,0.48649669584833893,0.5008770647144694
JACOBS,BRAIN_34,ER,0.49843902599895373,0.5112261984808603
JACOBS,BRAIN_34,ER,0.646736653569164,0.471205887055014
JACOBS,BRAIN_34,ER,0.4964062730350212,0.5105052668086416
JACOBS,BRAIN_34,ER,0.512582897320326,0.5135283334480578
JACOBS,BRAIN_34,ER,0.5145174398523774,0.508568319584338
JACOBS,BRAIN_34,ER,0.4940891501748479,0.4201561485350844
JACOBS,BRAIN_34,ER,0.5019720069784274,0.5450578879825971
JACOBS,BRAIN_34,ER,0.6810708627273393,0.519406421294729
JACOBS,BRAIN_34,ER,0.4887514328271346,0.511536077377516
JACOBS,BRAIN_34,ER,0.6420003304748241,0.490723141483119
JACOBS,BRAIN_34,ER,0.5062998564291452,0.5148900883535029
JACOBS,BRAIN_34,ER,0.490630771244989,0.4695534207980635
JACOBS,BRAIN_34,ER,0.5396432194451527,0.5136034166732248
JACOBS,BRAIN_34,ER,0.48511044182163227,0.4977526839146534
JACOBS,BRAIN_34,ER,0.541906789283942,0.49718649543376364
JACOBS,BRAIN_34,ER,0.5105953954197845,0.5102647308809666
JACOBS,BRAIN_34,ER,0.48279092413967983,0.4882388511211305
JACOBS,BRAIN_34,ER,0.5815512992866654,0.39943825237814656
JACOBS,BRAIN_34,ER,0.5890139602600004,0.5035777659428808
JACOBS,BRAIN_34,ER,0.5387009268593069,0.48980123137739257
JACOBS,BRAIN_34,ER,0.5128004342313084,0.48236372936629
JACOBS,BRAIN_34,ER,0.4930851241840113,0.4919700651865851
JACOBS,BRAIN_34,ER,0.5353179698271774,0.5072944237255628
JACOBS,BRAIN_34,ER,0.5192000118239114,0.39756408115466285
JACOBS,BRAIN_34,ER,0.5011027525518784,0.533579738840346
JACOBS,BRAIN_34,ER,0.5093840286862119,0.4975175233916903
JACOBS,BRAIN_34,ER,0.4818932050983721,0.41654841188587644
JACOBS,BRAIN_34,ER,0.5831943143362983,0.515299193163127
JACOBS,BRAIN_34,ER,0.5711851668991309,0.5184048646000692
JACOBS,BRAIN_34,ER,0.48763565527158176,0.4782877624524211
JACOBS,BRAIN_34,ER,0.526292446516387,0.5069652803429519
JACOBS,BRAIN_34,ER,0.5584239199608084,0.5304605894683282
JACOBS,BRAIN_34,ER,0.5903495924219981,0.41819337677532487
JACOBS,BRAIN_34,ER,0.480075322033354,0.40732419115079843
JACOBS,BRAIN_34,ER,0.5884751553457644,0.4901372458237051
JACOBS,BRAIN_34,ER,0.5278946345892381,0.4426324373254413
JACOBS,BRAIN_34,ER,0.49193320155382747,0.43434419796781576
JACOBS,BRAIN_34,ER,0.683330616576301,0.46189019066473475
JACOBS,BRAIN_34,ER,0.5134841109740045,0.5130933147977272
JACOBS,BRAIN_34,ER,0.5566729671240538,0.48567888994391195
JACOBS,BRAIN_34,CFG,0.4479070345452577,0.3461452890218703
JACOBS,BRAIN_34,CFG,0.4840641660016013,0.34700391474152803
JACOBS,BRAIN_34,CFG,0.4335675797535431,0.35003285660535444
JACOBS,BRAIN_34,CFG,0.47179736524294963,0.35109607149349886
JACOBS,BRAIN_34,CFG,0.4690958031254292,0.3760669804411572
JACOBS,BRAIN_34,CFG,0.4533992372236882,0.35207624783685665
JACOBS,BRAIN_34,CFG,0.4697376209228876,0.37236453618773846
JACOBS,BRAIN_34,CFG,0.4678336893326901,0.36366467986834083
JACOBS,BRAIN_34,CFG,0.500520753709292,0.3463225795159849
JACOBS,BRAIN_34,CFG,0.465127447027296,0.33245799871714343
JACOBS,BRAIN_34,CFG,0.5929346713949829,0.36355515908959085
JACOBS,BRAIN_34,CFG,0.462144846020567,0.357403373254937
JACOBS,BRAIN_34,CFG,0.4224680874965925,0.3389418497332862
JACOBS,BRAIN_34,CFG,0.46529205346495783,0.3603516385206601
JACOBS,BRAIN_34,CFG,0.47925619599326286,0.3965826040880507
JACOBS,BRAIN_34,CFG,0.487079037908104,0.34732581377415217
JACOBS,BRAIN_34,CFG,0.47666297970366506,0.3608412694903532
JACOBS,BRAIN_34,CFG,0.4870788816251305,0.3303896331879768
JACOBS,BRAIN_34,CFG,0.4742061347757272,0.34400647798660955
JACOBS,BRAIN_34,CFG,0.4760639274753751,0.3574647098752278
JACOBS,BRAIN_34,CFG,0.4704763211232215,0.360187179753414
JACOBS,BRAIN_34,CFG,0.6071582426775266,0.36398153773185793
JACOBS,BRAIN_34,CFG,0.49636340316810296,0.33763560493226624
JACOBS,BRAIN_34,CFG,0.49633280670025554,0.3186135264476451
JACOBS,BRAIN_34,CFG,0.5061652788222788,0.354329859245193
JACOBS,BRAIN_34,CFG,0.4513728602894898,0.36690938743161416
JACOBS,BRAIN_34,CFG,0.49492876271497144,0.3524491561672241
JACOBS,BRAIN_34,CFG,0.4873110368154689,0.3850529433815564
JACOBS,BRAIN_34,CFG,0.4614951981525376,0.3711584480976692
JACOBS,BRAIN_34,CFG,0.45489953960735596,0.3798319961874977
JACOBS,BRAIN_34,CFG,0.4582333481878724,0.3635092402645469
JACOBS,BRAIN_34,CFG,0.5110179282112252,0.361441479065902
JACOBS,BRAIN_34,CFG,0.44911522824298133,0.3333554183523195
JACOBS,BRAIN_34,CFG,0.4453420554966339,0.36507240895150994
JACOBS,BRAIN_34,CFG,0.5155799383678377,0.3264052606214576
JACOBS,BRAIN_34,CFG,0.440863805593928,0.3528303285659212
JACOBS,BRAIN_34,CFG,0.4682739381721748,0.3729972098058888
JACOBS,BRAIN_34,CFG,0.47227362351836377,0.3307525225304719
JACOBS,BRAIN_34,CFG,0.45830509241455514,0.35878004465092306
JACOBS,BRAIN_34,CFG,0.47458827961079497,0.34606848390996214
JACOBS,BRAIN_34,CFG,0.43670094866794473,0.3724043629574207
JACOBS,BRAIN_34,CFG,0.6622896717488744,0.3498092262962793
JACOBS,BRAIN_34,CFG,0.47739121510491184,0.3586236812600226
JACOBS,BRAIN_34,CFG,0.6249247175896032,0.35523394026721034
JACOBS,BRAIN_34,CFG,0.4652664399148762,0.3691552680880389
JACOBS,BRAIN_34,CFG,0.47903660610901916,0.3731114983909463
JACOBS,BRAIN_34,CFG,0.4903578466157159,0.3758578899614052
JACOBS,BRAIN_34,CFG,0.4716615136513033,0.3388342592273223
JACOBS,BRAIN_34,CFG,0.4822089567308428,0.3863338205797622
JACOBS,BRAIN_34,CFG,0.452951423677173,0.3897047829353386
JACOBS,BRAIN_34,CFG,0.5716446999348029,0.36821155288998575
JACOBS,BRAIN_34,CFG,0.5187306089726899,0.3294705606644418
JACOBS,BRAIN_34,CFG,0.5682975364329409,0.32295615369080005
JACOBS,BRAIN_34,CFG,0.4732798643753965,0.3464638174370998
JACOBS,BRAIN_34,CFG,0.4465787335653673,0.33059952842508433
JACOBS,BRAIN_34,CFG,0.4684128709450291,0.3818562387919422
JACOBS,BRAIN_34,CFG,0.46235415669334023,0.3889156443110147
JACOBS,BRAIN_34,CFG,0.45989063950415504,0.37689247558397976
JACOBS,BRAIN_34,CFG,0.5344466999273082,0.3423991617663463
JACOBS,BRAIN_34,CFG,0.47144871870158667,0.34151621358928785
JACOBS,BRAIN_34,CFG,0.46033028280374,0.37156613527087323
JACOBS,BRAIN_34,CFG,0.47311855544658055,0.36428895779141685
JACOBS,BRAIN_34,CFG,0.4648121081436177,0.37396173335678445
JACOBS,BRAIN_34,CFG,0.4518045506085237,0.3674439512639921
JACOBS,BRAIN_34,CFG,0.46803805556397676,0.36330931209611284
JACOBS,BRAIN_34,CFG,0.46255433047525457,0.34148183316257225
JACOBS,BRAIN_34,CFG,0.5007811873398573,0.35099586261447974
JACOBS,BRAIN_34,CFG,0.4754254503386516,0.36854082334518545
JACOBS,BRAIN_34,CFG,0.5782412011339576,0.3550854285791492
JACOBS,BRAIN_34,CFG,0.4663280056420451,0.3764280930605172
JACOBS,BRAIN_34,CFG,0.4866239473332609,0.3760014940638823
JACOBS,BRAIN_34,CFG,0.5112575345413336,0.3482912632632237
JACOBS,BRAIN_34,CFG,0.4490422256357076,0.36144089415543423
JACOBS,BRAIN_34,CFG,0.4558005202801542,0.34263440831586933
JACOBS,BRAIN_34,CFG,0.47604447042896547,0.3643294232542912
JACOBS,BRAIN_34,CFG,0.44545618957055716,0.35470158438789634
JACOBS,BRAIN_34,CFG,0.4434406780318835,0.37509018695467644
JACOBS,BRAIN_34,CFG,0.4424492273421059,0.37668576326431935
JACOBS,BRAIN_34,CFG,0.45521567071971025,0.3747703217945808
JACOBS,BRAIN_34,CFG,0.4623300216934016,0.3406402349035008
JACOBS,BRAIN_34,CFG,0.48217129713361884,0.4694308477888056
JACOBS,BRAIN_34,CFG,0.5216039762155187,0.33555066042168724
JACOBS,BRAIN_34,CFG,0.4612762478873377,0.3754159762180005
JACOBS,BRAIN_34,CFG,0.5630495891874203,0.33876358431239745
JACOBS,BRAIN_34,CFG,0.5029307616545846,0.34204247395548226
JACOBS,BRAIN_34,CFG,0.47405479892302566,0.38990441753992966
JACOBS,BRAIN_34,CFG,0.4554165001714416,0.34437025274692534
JACOBS,BRAIN_34,CFG,0.47138396436724755,0.3240445570642885
JACOBS,BRAIN_34,CFG,0.4548546472386804,0.3905203067488949
JACOBS,BRAIN_34,CFG,0.5013119994921071,0.37140401388825306
JACOBS,BRAIN_34,CFG,0.44449125818662366,0.3312064490893423
JACOBS,BRAIN_34,CFG,0.46307457763638293,0.3165034539871047
JACOBS,BRAIN_34,CFG,0.4548219829721274,0.34919730805945104
JACOBS,BRAIN_34,CFG,0.45737201256363297,0.35060409020879374
JACOBS,BRAIN_34,CFG,0.5312663646370859,0.34504480818525585
JACOBS,BRAIN_34,CFG,0.46048354297192984,0.35382333430185986
JACOBS,BRAIN_34,CFG,0.46269526011690937,0.3895324115619605
JACOBS,BRAIN_34,CFG,0.47801911954892123,0.3644160940436142
JACOBS,BRAIN_34,CFG,0.4793737667593795,0.35733005978722354
JACOBS,BRAIN_34,CFG,0.48010020438804224,0.3760595478177753
JACOBS,BRAIN_34,CFG,0.46469839740624874,0.3489811559882324
JACOBS,BRAIN_34,CFG,0.4662848299790577,0.3129851898918202
JACOBS,BRAIN_34,CFG,0.4398674300576284,0.40749247010850903
JACOBS,BRAIN_34,CFG,0.5348559958390742,0.3383697822191695
JACOBS,BRAIN_34,CFG,0.4808440353726195,0.34788861862227716
JACOBS,BRAIN_34,CFG,0.4575184160332599,0.36278085480901323
JACOBS,BRAIN_34,CFG,0.46662695240186675,0.3715634414927852
JACOBS,BRAIN_34,CFG,0.4691801084231278,0.35258433307705406
JACOBS,BRAIN_34,CFG,0.5010375600943452,0.37000460016802306
JACOBS,BRAIN_34,CFG,0.45741882259376077,0.3249358918070354
JACOBS,BRAIN_34,CFG,0.4671876954504526,0.35237136752833664
JACOBS,BRAIN_34,CFG,0.5359098544584912,0.35157856725469405
JACOBS,BRAIN_34,CFG,0.4603514792878964,0.3452901770266078
JACOBS,BRAIN_34,CFG,0.44410787332868434,0.3305385867973477
JACOBS,BRAIN_34,CFG,0.451493553810943,0.35304711679690803
JACOBS,BRAIN_34,CFG,0.516903969049686,0.31938386999108415
JACOBS,BRAIN_34,CFG,0.4770308178691129,0.38012777692877386
JACOBS,BRAIN_34,CFG,0.6238083389253114,0.3367489416307926
JACOBS,BRAIN_34,CFG,0.50106248344124,0.3486838440272376
JACOBS,BRAIN_34,CFG,0.4681592861879107,0.37091677957057473
JACOBS,BRAIN_34,CFG,0.46929804053390006,0.3870734691664758
JACOBS,BRAIN_34,CFG,0.4636797899758438,0.34372189120192886
JACOBS,BRAIN_34,CFG,0.464728381929073,0.35678975040157257
JACOBS,BRAIN_34,CFG,0.49396706766470383,0.34350318849425676
JACOBS,BRAIN_34,CFG,0.4993601530710968,0.39437317055161303
JACOBS,BRAIN_34,CFG,0.5418210584813689,0.36930433212956626
JACOBS,BRAIN_34,CFG,0.47722918582251017,0.3414552998853644
JACOBS,BRAIN_34,CFG,0.47801446069655895,0.3669205117021258
JACOBS,BRAIN_34,CFG,0.46711381005001984,0.3272683640230623
JACOBS,BRAIN_34,CFG,0.4591853497607456,0.32824128939561836
JACOBS,BRAIN_34,CFG,0.5071397873012126,0.3803702877121817
JACOBS,BRAIN_34,CFG,0.47646668558597527,0.3333989760018232
JACOBS,BRAIN_34,CFG,0.49323897459000904,0.34385931225634053
JACOBS,BRAIN_34,CFG,0.4628734860561786,0.3695960040562051
JACOBS,BRAIN_34,CFG,0.511317923027259,0.3447845262959404
JACOBS,BRAIN_34,CFG,0.44561313005159914,0.3652784388689035
JACOBS,BRAIN_34,CFG,0.46673745318752846,0.3754401574552662
JACOBS,BRAIN_34,CFG,0.4913411484867662,0.34792302078629245
JACOBS,BRAIN_34,CFG,0.4663427700531002,0.3645646181598971
JACOBS,BRAIN_34,CFG,0.4815629240005935,0.3779240161724235
JACOBS,BRAIN_34,CFG,0.46375299152473465,0.3714046771041536
JACOBS,BRAIN_34,CFG,0.46495316765572875,0.33094473638453004
JACOBS,BRAIN_34,CFG,0.4528502076334878,0.3528898614590347
JACOBS,BRAIN_34,CFG,0.47359094566621185,0.3361130766002982
JACOBS,BRAIN_34,CFG,0.4597568687037479,0.3643305571774653
JACOBS,BRAIN_34,CFG,0.44563332529553357,0.35138426628193464
JACOBS,BRAIN_34,CFG,0.4477794266856064,0.3449343404260381
JACOBS,BRAIN_34,CFG,0.489721973850113,0.3641854415829122
JACOBS,BRAIN_34,CFG,0.5052367223268327,0.35274169451163384
JACOBS,BRAIN_34,CFG,0.4610766573539251,0.3691653554278713
JACOBS,BRAIN_34,CFG,0.5611427918004183,0.3470646273013852
JACOBS,BRAIN_34,CFG,0.47626783869814104,0.32028607898240014
JACOBS,BRAIN_34,CFG,0.4523534407591838,0.32949383991063647
JACOBS,BRAIN_34,CFG,0.4738293529120953,0.36833365009342856
JACOBS,BRAIN_34,CFG,0.4708692020123029,0.3288698246410812
JACOBS,BRAIN_34,CFG,0.4614533146787687,0.3399739212518814
JACOBS,BRAIN_34,CFG,0.5123889161850487,0.3145706612303195
JACOBS,BRAIN_34,CFG,0.4880250510994799,0.3547793904754821
JACOBS,BRAIN_34,CFG,0.4622852681656882,0.37165682518197346
JACOBS,BRAIN_34,CFG,0.46198822517285815,0.3533848867825694
JACOBS,BRAIN_34,CFG,0.46197602331234716,0.3797446363695631
JACOBS,BRAIN_34,CFG,0.4896274239130762,0.3655546342942021
JACOBS,BRAIN_34,CFG,0.4856442688130782,0.3668065824833132
JACOBS,BRAIN_34,CFG,0.47594520125502077,0.38308814495947535
JACOBS,BRAIN_34,CFG,0.4265045149583422,0.35332944097909924
JACOBS,BRAIN_34,CFG,0.457125704302791,0.34834620634349733
JACOBS,BRAIN_34,CFG,0.4686157274379167,0.372525367853886
JACOBS,BRAIN_34,CFG,0.4518504366580659,0.3301055754161939
JACOBS,BRAIN_34,CFG,0.4902856732750592,0.3726561585592893
JACOBS,BRAIN_34,CFG,0.4332983894266768,0.3523931463920237
JACOBS,BRAIN_34,CFG,0.569449526226629,0.3413864451960311
JACOBS,BRAIN_34,CFG,0.5505588496455325,0.34917925573985753
JACOBS,BRAIN_34,CFG,0.4831154759407434,0.37159685596191083
JACOBS,BRAIN_34,CFG,0.4405938793582066,0.3303245936910074
JACOBS,BRAIN_34,CFG,0.49755252221162305,0.33678315600990855
JACOBS,BRAIN_34,CFG,0.616383266639722,0.33717092151598244
JACOBS,BRAIN_34,CFG,0.45316254435309683,0.3808134205346163
JACOBS,BRAIN_34,CFG,0.46968521270832553,0.3482914246412019
JACOBS,BRAIN_34,CFG,0.48154955990028747,0.34334158180323526
JACOBS,BRAIN_34,CFG,0.46960755215759165,0.3338906479145012
JACOBS,BRAIN_34,CFG,0.45905233039883775,0.3402543410683615
JACOBS,BRAIN_34,CFG,0.469820979996558,0.36335314065585933
JACOBS,BRAIN_34,CFG,0.48559477200446527,0.3502274003777416
JACOBS,BRAIN_34,CFG,0.4549814237947607,0.37040299508076624
JACOBS,BRAIN_34,CFG,0.47396864357322555,0.3638865295395377
JACOBS,BRAIN_34,CFG,0.45330282059529714,0.3694699227908773
JACOBS,BRAIN_34,CFG,0.48065595632214553,0.3468646906843323
JACOBS,BRAIN_34,CFG,0.44201029424482535,0.3633658315087317
JACOBS,BRAIN_34,CFG,0.44707397488135797,0.3355056851121415
JACOBS,BRAIN_34,CFG,0.47684611680240124,0.3638419357136514
JACOBS,BRAIN_34,CFG,0.45315746247768857,0.3406167090650035
JACOBS,BRAIN_34,CFG,0.4500477282388806,0.3510195262569346
JACOBS,BRAIN_34,CFG,0.45511428899621686,0.33678544152345885
JACOBS,BRAIN_34,CFG,0.46198303574678656,0.39014971957479166
JACOBS,BRAIN_34,CFG,0.4595065561044245,0.3728938288107635
JACOBS,BRAIN_34,CFG,0.45862054922231493,0.3504534378319894
JACOBS,BRAIN_34,CFG,0.4701035776472491,0.39039700123349697
JACOBS,BRAIN_34,CFG,0.4848645163462303,0.36377043223044087
JACOBS,BRAIN_34,CFG,0.4973463056387826,0.3628232203132532
JACOBS,BRAIN_34,CFG,0.48038944698048425,0.35149339363498017
JACOBS,BRAIN_34,WS,0.5036548481181986,0.36653751111680677
JACOBS,BRAIN_34,WS,0.5078556208882452,0.4035518735404795
JACOBS,BRAIN_34,WS,0.6048028255492899,0.37463155280378646
JACOBS,BRAIN_34,WS,0.35685324977128374,0.31718231949774245
JACOBS,BRAIN_34,WS,0.3793180792282737,0.3170382306653337
JACOBS,BRAIN_34,WS,0.40456529851332285,0.34080127972460417
JACOBS,BRAIN_34,WS,0.3707364339660191,0.31331780460670977
JACOBS,BRAIN_34,WS,0.575227492094197,0.337016731826123
JACOBS,BRAIN_34,WS,0.42409344470424193,0.3664840027746946
JACOBS,BRAIN_34,WS,0.3690828184015218,0.2922021377231912
JACOBS,BRAIN_34,WS,0.5949946644612293,0.34481497400190697
JACOBS,BRAIN_34,WS,0.3759417307279784,0.31978920549718626
JACOBS,BRAIN_34,WS,0.5044456148299479,0.319893966333742
JACOBS,BRAIN_34,WS,0.506653691171265,0.34604421188457085
JACOBS,BRAIN_34,WS,0.474553861991189,0.33354435586717934
JACOBS,BRAIN_34,WS,0.4261930766377679,0.36646404019099077
JACOBS,BRAIN_34,WS,0.4220984076240591,0.30987790397482606
JACOBS,BRAIN_34,WS,0.35910209218076095,0.31808831788290337
JACOBS,BRAIN_34,WS,0.3882798543202349,0.3615891006205123
JACOBS,BRAIN_34,WS,0.5054781683860825,0.3052191833918614
JACOBS,BRAIN_34,WS,0.390244347483908,0.32421614562667983
JACOBS,BRAIN_34,WS,0.3711057306278265,0.2940276793166766
JACOBS,BRAIN_34,WS,0.39488884208175157,0.299323422189414
JACOBS,BRAIN_34,WS,0.534587688056658,0.32931203280925175
JACOBS,BRAIN_34,WS,0.40563278724987134,0.3244233341478505
JACOBS,BRAIN_34,WS,0.3586698032396129,0.37013795444774245
JACOBS,BRAIN_34,WS,0.39620909435528673,0.29821905364079904
JACOBS,BRAIN_34,WS,0.5036971921361744,0.3343489179048208
JACOBS,BRAIN_34,WS,0.4874676801405048,0.27328244314176486
JACOBS,BRAIN_34,WS,0.5256495320237129,0.30933703503606724
JACOBS,BRAIN_34,WS,0.4023137831418117,0.32174262625247374
JACOBS,BRAIN_34,WS,0.38238088762620476,0.3250721067788079
JACOBS,BRAIN_34,WS,0.36076444107482136,0.28498582020394003
JACOBS,BRAIN_34,WS,0.5600322100370179,0.31571580549409267
JACOBS,BRAIN_34,WS,0.3638238967931805,0.30367127255197895
JACOBS,BRAIN_34,WS,0.6115174580620383,0.31980467175363303
JACOBS,BRAIN_34,WS,0.4267463400814864,0.34058406134438746
JACOBS,BRAIN_34,WS,0.40024171039252104,0.32516549830555047
JACOBS,BRAIN_34,WS,0.4814420525135655,0.3514436121251069
JACOBS,BRAIN_34,WS,0.42993968323377374,0.3276048843506485
JACOBS,BRAIN_34,WS,0.38675541445128353,0.29337292236326684
JACOBS,BRAIN_34,WS,0.5106534753498028,0.30611281674237056
JACOBS,BRAIN_34,WS,0.4321191824911961,0.34996902600384927
JACOBS,BRAIN_34,WS,0.4355128581944263,0.3266219870616285
JACOBS,BRAIN_34,WS,0.4391569780541138,0.3521044013502922
JACOBS,BRAIN_34,WS,0.42953917081712223,0.3439621682483111
JACOBS,BRAIN_34,WS,0.4291855843399164,0.3190440462355689
JACOBS,BRAIN_34,WS,0.5580737656693004,0.29195604906861616
JACOBS,BRAIN_34,WS,0.4757823265403235,0.3253940981363333
JACOBS,BRAIN_34,WS,0.4186986926898283,0.35682746037119534
JACOBS,BRAIN_34,WS,0.4485748582413959,0.3172517273866987
JACOBS,BRAIN_34,WS,0.47748096469545565,0.30572914898479486
JACOBS,BRAIN_34,WS,0.48536696267151475,0.29924296862066957
JACOBS,BRAIN_34,WS,0.5278075969930004,0.32283342421250616
JACOBS,BRAIN_34,WS,0.4229201248050239,0.29637099633165415
JACOBS,BRAIN_34,WS,0.4024878957232702,0.3280033459696087
JACOBS,BRAIN_34,WS,0.4768674078755537,0.3285107464737502
JACOBS,BRAIN_34,WS,0.3726803782271783,0.3224371969301632
JACOBS,BRAIN_34,WS,0.35654973862580386,0.29615578867571735
JACOBS,BRAIN_34,WS,0.46750297188566936,0.3582717114227043
JACOBS,BRAIN_34,WS,0.4056934050582673,0.3138872304359508
JACOBS,BRAIN_34,WS,0.36935057861007214,0.31963336990440605
JACOBS,BRAIN_34,WS,0.45622033982536714,0.36347857041778675
JACOBS,BRAIN_34,WS,0.5155003673160321,0.354392380484018
JACOBS,BRAIN_34,WS,0.36394697723977015,0.3366093697217496
JACOBS,BRAIN_34,WS,0.42269121011053157,0.294527319886823
JACOBS,BRAIN_34,WS,0.4449880204342684,0.3681192076256179
JACOBS,BRAIN_34,WS,0.3804430141472769,0.3298097421796779
JACOBS,BRAIN_34,WS,0.4594538447839996,0.38096433390876927
JACOBS,BRAIN_34,WS,0.406728660846307,0.34745798067310696
JACOBS,BRAIN_34,WS,0.3661727549857806,0.32308972865934726
JACOBS,BRAIN_34,WS,0.4139720300541036,0.37491211109038625
JACOBS,BRAIN_34,WS,0.45823635559971093,0.3148229421007957
JACOBS,BRAIN_34,WS,0.47173810099369706,0.3270139210395672
JACOBS,BRAIN_34,WS,0.4093501645876273,0.3293324438251208
JACOBS,BRAIN_34,WS,0.42412015556182586,0.36972676246781544
JACOBS,BRAIN_34,WS,0.6024582216635521,0.28967472860495347
JACOBS,BRAIN_34,WS,0.37033092232011455,0.31579621725027385
JACOBS,BRAIN_34,WS,0.6223371824125614,0.34419837232033196
JACOBS,BRAIN_34,WS,0.36925042311331163,0.3148191877456231
JACOBS,BRAIN_34,WS,0.5610404271042714,0.31076371000658354
JACOBS,BRAIN_34,WS,0.3959170679964278,0.30984929216129875
JACOBS,BRAIN_34,WS,0.3580503759438015,0.28824671200835233
JACOBS,BRAIN_34,WS,0.366660009827873,0.3319049559295244
JACOBS,BRAIN_34,WS,0.45601811910972306,0.2993004562808518
JACOBS,BRAIN_34,WS,0.4152760162542534,0.34637251969978367
JACOBS,BRAIN_34,WS,0.4327648160463933,0.3135330990329853
JACOBS,BRAIN_34,WS,0.4763371238776754,0.28294480084881746
JACOBS,BRAIN_34,WS,0.4662487081241254,0.3221662078873949
JACOBS,BRAIN_34,WS,0.5267672730487257,0.3248601917753401
JACOBS,BRAIN_34,WS,0.5703323196070296,0.36873919938015104
JACOBS,BRAIN_34,WS,0.41449499856677335,0.28168989403137257
JACOBS,BRAIN_34,WS,0.46416551641098663,0.3444631930769654
JACOBS,BRAIN_34,WS,0.49589594793216385,0.3219120957644265
JACOBS,BRAIN_34,WS,0.40271717931748663,0.33417323130029347
JACOBS,BRAIN_34,WS,0.3650833405123188,0.31046936358238175
JACOBS,BRAIN_34,WS,0.43094001019772205,0.3153606287792411
JACOBS,BRAIN_34,WS,0.37247009410224163,0.32100535568834576
JACOBS,BRAIN_34,WS,0.3635630236297676,0.29827062348314554
JACOBS,BRAIN_34,WS,0.40014443999574334,0.3337689424869292
JACOBS,BRAIN_34,WS,0.4559282086153655,0.3370061143963769
JACOBS,BRAIN_34,WS,0.36848903393623983,0.2788642987158635
JACOBS,BRAIN_34,WS,0.3740051424639324,0.34202166809689494
JACOBS,BRAIN_34,WS,0.5248280298409005,0.3631288640945359
JACOBS,BRAIN_34,WS,0.5482464219405146,0.31458155021995127
JACOBS,BRAIN_34,WS,0.4162175600821638,0.28388222663269325
JACOBS,BRAIN_34,WS,0.4857965895374497,0.30999627981612604
JACOBS,BRAIN_34,WS,0.5317348995196894,0.29197679310538527
JACOBS,BRAIN_34,WS,0.35712888590520464,0.29136899470537586
JACOBS,BRAIN_34,WS,0.4959912243352173,0.31651592531793404
JACOBS,BRAIN_34,WS,0.41469612804796135,0.35801964283188836
JACOBS,BRAIN_34,WS,0.41555926277629407,0.3325010342690431
JACOBS,BRAIN_34,WS,0.4160384007128681,0.33279322084376917
JACOBS,BRAIN_34,WS,0.41702551451583825,0.29909066310996196
JACOBS,BRAIN_34,WS,0.363286630948018,0.31834845134570694
JACOBS,BRAIN_34,WS,0.3469992940074265,0.3055269105868426
JACOBS,BRAIN_34,WS,0.590798947105203,0.3434313825676037
JACOBS,BRAIN_34,WS,0.5576191954458787,0.3334479727069847
JACOBS,BRAIN_34,WS,0.3738096349999488,0.33187844273362577
JACOBS,BRAIN_34,WS,0.3749524201167883,0.32275525883059125
JACOBS,BRAIN_34,WS,0.4131786409900813,0.30480144289735017
JACOBS,BRAIN_34,WS,0.41383621356173156,0.2933956249452584
JACOBS,BRAIN_34,WS,0.38995024354720287,0.3574276524700044
JACOBS,BRAIN_34,WS,0.3882074294779579,0.3515035914261594
JACOBS,BRAIN_34,WS,0.36601684466163287,0.31639786560022665
JACOBS,BRAIN_34,WS,0.540321307247761,0.3336394537363274
JACOBS,BRAIN_34,WS,0.3733611419735679,0.3272893027873607
JACOBS,BRAIN_34,WS,0.528910525957091,0.3546860553507857
JACOBS,BRAIN_34,WS,0.5462905740643187,0.3396728909443193
JACOBS,BRAIN_34,WS,0.4533960889763135,0.33343627472181836
JACOBS,BRAIN_34,WS,0.40590596776311544,0.29041147201650264
JACOBS,BRAIN_34,WS,0.49938642406301753,0.31112377818577175
JACOBS,BRAIN_34,WS,0.400095376043678,0.31051542988820413
JACOBS,BRAIN_34,WS,0.5086495043204254,0.34891680278756965
JACOBS,BRAIN_34,WS,0.3953885818084705,0.35452977621766163
JACOBS,BRAIN_34,WS,0.37482622516732333,0.3491234117072035
JACOBS,BRAIN_34,WS,0.36620693464426884,0.27637019923706496
JACOBS,BRAIN_34,WS,0.4474489788520499,0.4019367446479579
JACOBS,BRAIN_34,WS,0.40516031897539234,0.3412874302480382
JACOBS,BRAIN_34,WS,0.3783091843770652,0.30038383819849535
JACOBS,BRAIN_34,WS,0.4020050844072042,0.32884252998231744
JACOBS,BRAIN_34,WS,0.4070666629202668,0.3018732161674459
JACOBS,BRAIN_34,WS,0.5283891578585496,0.2988722853566448
JACOBS,BRAIN_34,WS,0.5846251131010028,0.359123310855469
JACOBS,BRAIN_34,WS,0.42805512924570727,0.38418577534939125
JACOBS,BRAIN_34,WS,0.5496601998901207,0.34380832173849374
JACOBS,BRAIN_34,WS,0.41614085965346354,0.37702822363783617
JACOBS,BRAIN_34,WS,0.40641010086621776,0.3626717174435703
JACOBS,BRAIN_34,WS,0.4042922979545623,0.32355254977696524
JACOBS,BRAIN_34,WS,0.4629703557728432,0.3393169930948159
JACOBS,BRAIN_34,WS,0.5806530730048982,0.30047892998870696
JACOBS,BRAIN_34,WS,0.4713631456663235,0.3656880643087733
JACOBS,BRAIN_34,WS,0.3748794208047078,0.36467922080048376
JACOBS,BRAIN_34,WS,0.385698387408167,0.27967425766919685
JACOBS,BRAIN_34,WS,0.41115948873594793,0.32881150522122576
JACOBS,BRAIN_34,WS,0.5752292557048448,0.30482280892323727
JACOBS,BRAIN_34,WS,0.3753129548004199,0.29481881760368917
JACOBS,BRAIN_34,WS,0.4086524188078998,0.3932763969228098
JACOBS,BRAIN_34,WS,0.37909007163030467,0.3562996913766179
JACOBS,BRAIN_34,WS,0.343622016360862,0.2755910975216509
JACOBS,BRAIN_34,WS,0.4590042227144532,0.29788726097409257
JACOBS,BRAIN_34,WS,0.5479257057695724,0.3594428079181588
JACOBS,BRAIN_34,WS,0.3297349884595909,0.28084050424803986
JACOBS,BRAIN_34,WS,0.5955286397958748,0.3062610169662712
JACOBS,BRAIN_34,WS,0.5548233756400657,0.33588404704238894
JACOBS,BRAIN_34,WS,0.44997644260366687,0.31817792052522065
JACOBS,BRAIN_34,WS,0.48254596700125807,0.37053425324201145
JACOBS,BRAIN_34,WS,0.39829759235202866,0.3176288295123867
JACOBS,BRAIN_34,WS,0.35350687240078876,0.33592349011256606
JACOBS,BRAIN_34,WS,0.3630157677981319,0.3007700888252675
JACOBS,BRAIN_34,WS,0.3788399475934865,0.34790267244092615
JACOBS,BRAIN_34,WS,0.4503429473962921,0.3067351250081685
JACOBS,BRAIN_34,WS,0.39578039557619116,0.3309685692630786
JACOBS,BRAIN_34,WS,0.440647690116586,0.3569683545303678
JACOBS,BRAIN_34,WS,0.5326356936585653,0.348502198960533
JACOBS,BRAIN_34,WS,0.5089054560244642,0.37129932124307663
JACOBS,BRAIN_34,WS,0.5318160100144895,0.36411984217512827
JACOBS,BRAIN_34,WS,0.438945272297179,0.30149810650562425
JACOBS,BRAIN_34,WS,0.46211805095627595,0.3060267024875722
JACOBS,BRAIN_34,WS,0.523079805960413,0.34618486081533206
JACOBS,BRAIN_34,WS,0.38678761072106554,0.295829213569107
JACOBS,BRAIN_34,WS,0.3495024616246998,0.2800665406765953
JACOBS,BRAIN_34,WS,0.4314078450916294,0.31833408782917433
JACOBS,BRAIN_34,WS,0.3608543379582291,0.3275095944911378
JACOBS,BRAIN_34,WS,0.34141272966781583,0.3086653546859653
JACOBS,BRAIN_34,WS,0.5479802997683724,0.3459699309578727
JACOBS,BRAIN_34,WS,0.557638668789834,0.3289052475587746
JACOBS,BRAIN_34,WS,0.5944276784737645,0.310993683355237
JACOBS,BRAIN_34,WS,0.4057707834081759,0.3540687571024433
JACOBS,BRAIN_34,WS,0.5864555491270249,0.35443694373856915
JACOBS,BRAIN_34,WS,0.372252286441044,0.3552657453921492
JACOBS,BRAIN_34,WS,0.5866256360906755,0.31838120036253215
JACOBS,BRAIN_34,WS,0.34668543536932694,0.33486341358919647
JACOBS,BRAIN_34,WS,0.5413070740817076,0.3436033265400952
JACOBS,BRAIN_34,WS,0.5912210677166644,0.34752733869215624
JACOBS,BRAIN_34,WS,0.3854436541428105,0.33029188054111314
JACOBS,BRAIN_34,WS,0.5430971374990784,0.2918858572915434
JACOBS,BRAIN_34,WS,0.3906003452867799,0.321636559930625
JACOBS,BRAIN_34,WS,0.5674773394121665,0.3610131999017631
JACOBS,BRAIN_34,WS,0.38070692217751106,0.3571663286576006
JACOBS,BRAIN_34,BA,0.4407504061954418,0.3897951873111009
JACOBS,BRAIN_34,BA,0.4196518757890247,0.35975556399536107
JACOBS,BRAIN_34,BA,0.4366664309629284,0.4253346724489392
JACOBS,BRAIN_34,BA,0.44745275986267546,0.43410254468329174
JACOBS,BRAIN_34,BA,0.4284186766917647,0.4689845642107161
JACOBS,BRAIN_34,BA,0.4166413423255127,0.4358457180123323
JACOBS,BRAIN_34,BA,0.43695243222215546,0.4665283195995678
JACOBS,BRAIN_34,BA,0.4444056525676047,0.470535881805502
JACOBS,BRAIN_34,BA,0.411056170774405,0.4608036876973638
JACOBS,BRAIN_34,BA,0.4394158507743737,0.43612560786634047
JACOBS,BRAIN_34,BA,0.4169065707838091,0.3403936269591584
JACOBS,BRAIN_34,BA,0.4311309674733644,0.36221899245446754
JACOBS,BRAIN_34,BA,0.42286070564410216,0.47889961496873157
JACOBS,BRAIN_34,BA,0.4292017243012972,0.45099384845893886
JACOBS,BRAIN_34,BA,0.4392469033058603,0.44387889447426143
JACOBS,BRAIN_34,BA,0.4174832450724832,0.34638347639987865
JACOBS,BRAIN_34,BA,0.43220102379417374,0.4297720232108998
JACOBS,BRAIN_34,BA,0.40388367687239507,0.4975693612849601
JACOBS,BRAIN_34,BA,0.42967840636791,0.5012840849196214
JACOBS,BRAIN_34,BA,0.3984625483793737,0.3787102485955427
JACOBS,BRAIN_34,BA,0.42477812226204376,0.4327774760979639
JACOBS,BRAIN_34,BA,0.4053225538297852,0.48507945443684686
JACOBS,BRAIN_34,BA,0.4240109979775664,0.4879574731015665
JACOBS,BRAIN_34,BA,0.4413207794705835,0.40028740924367057
JACOBS,BRAIN_34,BA,0.4364484978904729,0.45345751957993263
JACOBS,BRAIN_34,BA,0.4385687562602136,0.44283331886828836
JACOBS,BRAIN_34,BA,0.43423414911869945,0.42421932451934374
JACOBS,BRAIN_34,BA,0.4420167155849667,0.44363799543101395
JACOBS,BRAIN_34,BA,0.40403973979670643,0.45351419812418636
JACOBS,BRAIN_34,BA,0.4136114311056925,0.3618981552607894
JACOBS,BRAIN_34,BA,0.4422424395221148,0.4499199374439102
JACOBS,BRAIN_34,BA,0.4505551821486066,0.4358660614238118
JACOBS,BRAIN_34,BA,0.41508777841362887,0.469362064979127
JACOBS,BRAIN_34,BA,0.41412787213431673,0.3577810520263353
JACOBS,BRAIN_34,BA,0.41267554843201104,0.5009767156863075
JACOBS,BRAIN_34,BA,0.4521431847191226,0.4848960661827023
JACOBS,BRAIN_34,BA,0.4332662211130151,0.47242700078218175
JACOBS,BRAIN_34,BA,0.45411243243093696,0.34071550899317554
JACOBS,BRAIN_34,BA,0.40799177871966025,0.46193884914770045
JACOBS,BRAIN_34,BA,0.4227249429993975,0.4609888490697966
JACOBS,BRAIN_34,BA,0.41657857526011416,0.435955319529018
JACOBS,BRAIN_34,BA,0.4370267730436283,0.4370157393940731
JACOBS,BRAIN_34,BA,0.4554035825098752,0.39184632681829223
JACOBS,BRAIN_34,BA,0.4470113873864038,0.387458940284232
JACOBS,BRAIN_34,BA,0.4207376056836481,0.4457513847795286
JACOBS,BRAIN_34,BA,0.4199741091332026,0.4591038795899242
JACOBS,BRAIN_34,BA,0.41886055835381925,0.42826509023060133
JACOBS,BRAIN_34,BA,0.4488760633515069,0.36430988552392024
JACOBS,BRAIN_34,BA,0.41656747286667606,0.4522109209310764
JACOBS,BRAIN_34,BA,0.43347976375196995,0.37333250714715005
JACOBS,BRAIN_34,BA,0.40929496500268364,0.39373011150047876
JACOBS,BRAIN_34,BA,0.4317418749049829,0.45849154141075665
JACOBS,BRAIN_34,BA,0.41852724920163015,0.44528315589002515
JACOBS,BRAIN_34,BA,0.4218571794085762,0.4051459577628512
JACOBS,BRAIN_34,BA,0.4369590567178646,0.4735358314422806
JACOBS,BRAIN_34,BA,0.43866994790660335,0.43446542623345413
JACOBS,BRAIN_34,BA,0.39351554181179366,0.4336975048737389
JACOBS,BRAIN_34,BA,0.4241441503841488,0.34981758924362644
JACOBS,BRAIN_34,BA,0.43269584893496826,0.43467191377293013
JACOBS,BRAIN_34,BA,0.44206888188837157,0.35869708256908567
JACOBS,BRAIN_34,BA,0.41809535765982675,0.382371719838504
JACOBS,BRAIN_34,BA,0.40616440696267125,0.4576787822993058
JACOBS,BRAIN_34,BA,0.4633422294906805,0.4337933560264011
JACOBS,BRAIN_34,BA,0.43943746746189727,0.43813361588548644
JACOBS,BRAIN_34,BA,0.4344228326791726,0.44799859699834876
JACOBS,BRAIN_34,BA,0.4227936675433021,0.45650927954410003
JACOBS,BRAIN_34,BA,0.42964903421207923,0.48299371747757813
JACOBS,BRAIN_34,BA,0.4512153692056008,0.44399467607652243
JACOBS,BRAIN_34,BA,0.42611904481218676,0.3599474094265896
JACOBS,BRAIN_34,BA,0.4423103023752886,0.3729426612063784
JACOBS,BRAIN_34,BA,0.4414977792992073,0.4548393435006479
JACOBS,BRAIN_34,BA,0.40935114813721646,0.370806536795939
JACOBS,BRAIN_34,BA,0.4334941338988181,0.4320469938424649
JACOBS,BRAIN_34,BA,0.4420371054488784,0.4494325376691828
JACOBS,BRAIN_34,BA,0.44359180803419884,0.37331998358305024
JACOBS,BRAIN_34,BA,0.4356718731632299,0.43893790358405416
JACOBS,BRAIN_34,BA,0.45527109158222284,0.37197345782940766
JACOBS,BRAIN_34,BA,0.44897936567400737,0.3513229491407972
JACOBS,BRAIN_34,BA,0.4458380915437712,0.4447946954989892
JACOBS,BRAIN_34,BA,0.40342312335562075,0.5315283806400624
JACOBS,BRAIN_34,BA,0.4240728979435257,0.441096612215291
JACOBS,BRAIN_34,BA,0.44457752485830326,0.4642949452823216
JACOBS,BRAIN_34,BA,0.43038983887636567,0.36163133493537863
JACOBS,BRAIN_34,BA,0.398448943495095,0.4683342109764067
JACOBS,BRAIN_34,BA,0.4090381316285182,0.4715532763751261
JACOBS,BRAIN_34,BA,0.4239798541893691,0.45674432875025484
JACOBS,BRAIN_34,BA,0.44036914040394726,0.43531133077509204
JACOBS,BRAIN_34,BA,0.4088194800549444,0.3949076374295505
JACOBS,BRAIN_34,BA,0.41597446301098434,0.4466438061959901
JACOBS,BRAIN_34,BA,0.4117264576988221,0.3622407002062925
JACOBS,BRAIN_34,BA,0.40993818871516924,0.4878037339402812
JACOBS,BRAIN_34,BA,0.4277171921670228,0.44472897218785035
JACOBS,BRAIN_34,BA,0.40428037470085765,0.44969568109455116
JACOBS,BRAIN_34,BA,0.42343171274473207,0.42499882937238515
JACOBS,BRAIN_34,BA,0.4535165918736419,0.3833801555968569
JACOBS,BRAIN_34,BA,0.44764796866830403,0.4471793506057776
JACOBS,BRAIN_34,BA,0.43064786149539697,0.4614955420846707
JACOBS,BRAIN_34,BA,0.44188335729015954,0.4489526817301314
JACOBS,BRAIN_34,BA,0.4642529111135654,0.3670674557598152
JACOBS,BRAIN_34,BA,0.419244563634555,0.3820441678389974
JACOBS,BRAIN_34,BA,0.4494722454595314,0.45947801550239376
JACOBS,BRAIN_34,BA,0.4258428017397583,0.36758289496854857
JACOBS,BRAIN_34,BA,0.43592336144858235,0.43381160653672035
JACOBS,BRAIN_34,BA,0.4143258276979163,0.47808481019908977
JACOBS,BRAIN_34,BA,0.4299431589361013,0.48481854920019773
JACOBS,BRAIN_34,BA,0.4388839431156654,0.3718628909114776
JACOBS,BRAIN_34,BA,0.4433963654525082,0.4737507405526993
JACOBS,BRAIN_34,BA,0.3698262148032329,0.51557605104915
JACOBS,BRAIN_34,BA,0.4505934033120226,0.43167974635701045
JACOBS,BRAIN_34,BA,0.44087335216477486,0.46658035750513827
JACOBS,BRAIN_34,BA,0.4321567747926649,0.4605297398713628
JACOBS,BRAIN_34,BA,0.42946083063252366,0.453367576473684
JACOBS,BRAIN_34,BA,0.43387310318327055,0.47140297993447017
JACOBS,BRAIN_34,BA,0.4298310616470425,0.4556890147183447
JACOBS,BRAIN_34,BA,0.41760511703250136,0.4416987917429521
JACOBS,BRAIN_34,BA,0.4534032757852987,0.3717778494040639
JACOBS,BRAIN_34,BA,0.41284929692263994,0.455004562936566
JACOBS,BRAIN_34,BA,0.4347644890860451,0.4647376760066629
JACOBS,BRAIN_34,BA,0.443872522785238,0.46887757442884903
JACOBS,BRAIN_34,BA,0.41795059214799596,0.4519315036283287
JACOBS,BRAIN_34,BA,0.44155620188686967,0.4641110989775433
JACOBS,BRAIN_34,BA,0.44189739699047687,0.459904982288748
JACOBS,BRAIN_34,BA,0.4338241802627157,0.4665575788896136
JACOBS,BRAIN_34,BA,0.437976808372199,0.3840720564166552
JACOBS,BRAIN_34,BA,0.4483599940807378,0.4640393990091861
JACOBS,BRAIN_34,BA,0.426402983514026,0.4611702282009762
JACOBS,BRAIN_34,BA,0.4268707013240808,0.4710322619307791
JACOBS,BRAIN_34,BA,0.4415529608940105,0.34411874979330576
JACOBS,BRAIN_34,BA,0.43265810390542164,0.43212510017920036
JACOBS,BRAIN_34,BA,0.43068238847079565,0.37486294325996605
JACOBS,BRAIN_34,BA,0.4248412863857232,0.46375580054157334
JACOBS,BRAIN_34,BA,0.4417512943611448,0.36986408816025956
JACOBS,BRAIN_34,BA,0.4222187356728814,0.4513010480427799
JACOBS,BRAIN_34,BA,0.4127054097831071,0.5073729210067432
JACOBS,BRAIN_34,BA,0.4447947798727498,0.4177010854279892
JACOBS,BRAIN_34,BA,0.4376028640016788,0.4651423139109818
JACOBS,BRAIN_34,BA,0.39927569177062217,0.5075023981830994
JACOBS,BRAIN_34,BA,0.43115221676639204,0.5027346165469941
JACOBS,BRAIN_34,BA,0.4242861146448793,0.350246233375787
JACOBS,BRAIN_34,BA,0.44797279029898607,0.44258064020685284
JACOBS,BRAIN_34,BA,0.4599432106015063,0.459469697295802
JACOBS,BRAIN_34,BA,0.4085634337405828,0.5075745678620067
JACOBS,BRAIN_34,BA,0.45659626982056767,0.4061851512455344
JACOBS,BRAIN_34,BA,0.4318141878649867,0.4409649044900684
JACOBS,BRAIN_34,BA,0.4485537144287026,0.36959211625329114
JACOBS,BRAIN_34,BA,0.42657051929867856,0.46335213637716466
JACOBS,BRAIN_34,BA,0.41643739482976977,0.49760655528276887
JACOBS,BRAIN_34,BA,0.4506188104778882,0.4154452341767477
JACOBS,BRAIN_34,BA,0.4517987842776819,0.3850583975202065
JACOBS,BRAIN_34,BA,0.4323951036259899,0.3846092241101551
JACOBS,BRAIN_34,BA,0.41823342395419466,0.37153723588122434
JACOBS,BRAIN_34,BA,0.38517813884957464,0.4168775031684836
JACOBS,BRAIN_34,BA,0.4379387939222577,0.44787198110624404
JACOBS,BRAIN_34,BA,0.42915460278994855,0.44758838977098125
JACOBS,BRAIN_34,BA,0.4425000122815072,0.4247845434061759
JACOBS,BRAIN_34,BA,0.43040221383783,0.3931285859952979
JACOBS,BRAIN_34,BA,0.43555998274393737,0.39069917817903127
JACOBS,BRAIN_34,BA,0.45502269310485327,0.5104525446406791
JACOBS,BRAIN_34,BA,0.4121412123763223,0.3559751966925757
JACOBS,BRAIN_34,BA,0.4183912912001184,0.4564995125467999
JACOBS,BRAIN_34,BA,0.42929412887464125,0.48841746532197494
JACOBS,BRAIN_34,BA,0.43594768985963345,0.43959111784713123
JACOBS,BRAIN_34,BA,0.4274823686095149,0.37447688351119623
JACOBS,BRAIN_34,BA,0.41257319013432975,0.4874431334271092
JACOBS,BRAIN_34,BA,0.45004371611187616,0.45143798980400757
JACOBS,BRAIN_34,BA,0.45960916706891825,0.34318846583930745
JACOBS,BRAIN_34,BA,0.4252950095423449,0.37418544602403153
JACOBS,BRAIN_34,BA,0.4519652060683878,0.4431977787412876
JACOBS,BRAIN_34,BA,0.4324250878865999,0.39829039530984783
JACOBS,BRAIN_34,BA,0.42943561047851947,0.3730824386669834
JACOBS,BRAIN_34,BA,0.4361217997064407,0.42821444906218725
JACOBS,BRAIN_34,BA,0.4146435591746078,0.5053765791972904
JACOBS,BRAIN_34,BA,0.4284572756683594,0.4597543760291023
JACOBS,BRAIN_34,BA,0.4262526635397125,0.37201113341079806
JACOBS,BRAIN_34,BA,0.4283010988039802,0.3777561850364113
JACOBS,BRAIN_34,BA,0.47094739361669546,0.47364732390892217
JACOBS,BRAIN_34,BA,0.4373667201389411,0.35523945520258693
JACOBS,BRAIN_34,BA,0.43730157094818534,0.47648515651270196
JACOBS,BRAIN_34,BA,0.41529904180793764,0.444985701884726
JACOBS,BRAIN_34,BA,0.4323392733007418,0.5061789459994736
JACOBS,BRAIN_34,BA,0.42216329460206264,0.46037419244748246
JACOBS,BRAIN_34,BA,0.4447877958035342,0.48673026291584376
JACOBS,BRAIN_34,BA,0.4689447033895231,0.45816923106743224
JACOBS,BRAIN_34,BA,0.3904659747531958,0.37169344757647155
JACOBS,BRAIN_34,BA,0.40526172918657366,0.4449254591230536
JACOBS,BRAIN_34,BA,0.40757120460569674,0.4466131162193375
JACOBS,BRAIN_34,BA,0.4248946239002904,0.47792092111042195
JACOBS,BRAIN_34,BA,0.43052084801375345,0.3439972029253281
JACOBS,BRAIN_34,BA,0.42194556478922934,0.3787812464607697
JACOBS,BRAIN_34,BA,0.46126552390849923,0.3660075384864898
JACOBS,BRAIN_34,BA,0.44405831283258845,0.46668654990628844
JACOBS,BRAIN_34,BA,0.4199633615672702,0.4558125418234107
JACOBS,BRAIN_34,BA,0.4357896984094645,0.4434380917752944
JACOBS,BRAIN_34,BA,0.4597272468158716,0.45753812457478893
JACOBS,BRAIN_34,BA,0.4494283990551844,0.44267064474518125
JACOBS,BRAIN_34,BA,0.4246152135079303,0.48543495103556794
JACOBS,BRAIN_34,BA,0.4306786547582744,0.4459700523963754
JACOBS,BRAIN_34,BA,0.42165474384278173,0.3759616706739054
JACOBS,BRAIN_34,BA,0.42361033286676975,0.3455981951041428
JACOBS,BRAIN_34,BA,0.4283719518150844,0.4396212108671079
JACOBS,BRAIN_34,GEO,0.6030331452255105,0.6704362132331178
JACOBS,BRAIN_34,GEO,0.6541500073181912,0.48014931694515406
JACOBS,BRAIN_34,GEO,0.6241525201485372,0.5521867897121409
JACOBS,BRAIN_34,GEO,0.6257396639874426,0.5876683334612911
JACOBS,BRAIN_34,GEO,0.6093273621704015,0.6097409190152314
JACOBS,BRAIN_34,GEO,0.6028569555395894,0.6279688202476931
JACOBS,BRAIN_34,GEO,0.6057217717850287,0.6647705650369253
JACOBS,BRAIN_34,GEO,0.6014672246091605,0.564405250621414
JACOBS,BRAIN_34,GEO,0.6257383201121488,0.6073163439561178
JACOBS,BRAIN_34,GEO,0.655499095612445,0.5430471925784541
JACOBS,BRAIN_34,GEO,0.6316440528460732,0.5468331978975642
JACOBS,BRAIN_34,GEO,0.598102834281751,0.6394904385164698
JACOBS,BRAIN_34,GEO,0.6050622375424443,0.5725647128446314
JACOBS,BRAIN_34,GEO,0.6415230332917432,0.577101063411757
JACOBS,BRAIN_34,GEO,0.6255777350589531,0.6267472331376118
JACOBS,BRAIN_34,GEO,0.6052380787275924,0.5398226617553832
JACOBS,BRAIN_34,GEO,0.6130499947529713,0.5674905102529657
JACOBS,BRAIN_34,GEO,0.6195478926863512,0.5637150605282932
JACOBS,BRAIN_34,GEO,0.6106870586734539,0.5603359968175927
JACOBS,BRAIN_34,GEO,0.6317533301051533,0.658109438138797
JACOBS,BRAIN_34,GEO,0.6040553931086401,0.6240145056159236
JACOBS,BRAIN_34,GEO,0.556631703715493,0.6237159958119097
JACOBS,BRAIN_34,GEO,0.6034805696225687,0.5081288017383876
JACOBS,BRAIN_34,GEO,0.5930866263289729,0.6116807403648924
JACOBS,BRAIN_34,GEO,0.5784738056377124,0.5626162958782055
JACOBS,BRAIN_34,GEO,0.5931194635485479,0.6145552211409324
JACOBS,BRAIN_34,GEO,0.6227949830695811,0.5536699728444574
JACOBS,BRAIN_34,GEO,0.5567545753183837,0.670503690066955
JACOBS,BRAIN_34,GEO,0.608779006528773,0.658756902192096
JACOBS,BRAIN_34,GEO,0.6092951371224623,0.6063810372839264
JACOBS,BRAIN_34,GEO,0.5754247522394124,0.6223060807918888
JACOBS,BRAIN_34,GEO,0.6333181935457319,0.6195868878201902
JACOBS,BRAIN_34,GEO,0.6403392271445456,0.6083726818389263
JACOBS,BRAIN_34,GEO,0.5716626018694008,0.595293551676987
JACOBS,BRAIN_34,GEO,0.5930571523883635,0.6841201889161719
JACOBS,BRAIN_34,GEO,0.5930471769230977,0.5491073400072481
JACOBS,BRAIN_34,GEO,0.6153439899395112,0.6583846533770404
JACOBS,BRAIN_34,GEO,0.6217432474352399,0.5973650119497946
JACOBS,BRAIN_34,GEO,0.609979993935221,0.6256049126873388
JACOBS,BRAIN_34,GEO,0.590482138237126,0.6269034311934729
JACOBS,BRAIN_34,GEO,0.6233191560757485,0.5989785739909539
JACOBS,BRAIN_34,GEO,0.6132393486852563,0.6783777070482334
JACOBS,BRAIN_34,GEO,0.6018499725807734,0.6052828509897323
JACOBS,BRAIN_34,GEO,0.6670089552676177,0.5344117152031197
JACOBS,BRAIN_34,GEO,0.6589095053990807,0.6036759545100534
JACOBS,BRAIN_34,GEO,0.5961042479066826,0.5742737225447065
JACOBS,BRAIN_34,GEO,0.6139168063280579,0.5612726607208876
JACOBS,BRAIN_34,GEO,0.5832584924898819,0.6018675360475763
JACOBS,BRAIN_34,GEO,0.5807249760522027,0.6929842095080441
JACOBS,BRAIN_34,GEO,0.6261498075904955,0.5129476885342588
JACOBS,BRAIN_34,GEO,0.5852397586001473,0.6204965326454617
JACOBS,BRAIN_34,GEO,0.6087105818899746,0.6182181133633529
JACOBS,BRAIN_34,GEO,0.661129956013357,0.6957741142963221
JACOBS,BRAIN_34,GEO,0.5945305291108103,0.5782816668873383
JACOBS,BRAIN_34,GEO,0.6399985969835187,0.5118907235932997
JACOBS,BRAIN_34,GEO,0.5949900491498018,0.4993773723836094
JACOBS,BRAIN_34,GEO,0.577097191089852,0.6626902521025663
JACOBS,BRAIN_34,GEO,0.5917317152920959,0.6291097305322435
JACOBS,BRAIN_34,GEO,0.6429067980812182,0.6349459784526266
JACOBS,BRAIN_34,GEO,0.6496559191698824,0.6712924263427114
JACOBS,BRAIN_34,GEO,0.6480701925122916,0.5202047897029621
JACOBS,BRAIN_34,GEO,0.6209103600941767,0.5861254396939973
JACOBS,BRAIN_34,GEO,0.5762034310117654,0.6267644378284988
JACOBS,BRAIN_34,GEO,0.6485412583722958,0.57564889822869
JACOBS,BRAIN_34,GEO,0.6627639447780851,0.6692460004268395
JACOBS,BRAIN_34,GEO,0.5594035935518508,0.579456913575064
JACOBS,BRAIN_34,GEO,0.5520276022899122,0.6250227824296962
JACOBS,BRAIN_34,GEO,0.6318010406354833,0.5288532459226384
JACOBS,BRAIN_34,GEO,0.5711227281390905,0.5683394417976523
JACOBS,BRAIN_34,GEO,0.5802957589666293,0.6007065113945784
JACOBS,BRAIN_34,GEO,0.6309525308566161,0.6525855410296488
JACOBS,BRAIN_34,GEO,0.6148930819838709,0.6036275823454043
JACOBS,BRAIN_34,GEO,0.5964921816630562,0.6513954607161575
JACOBS,BRAIN_34,GEO,0.6086757018234245,0.5952599569840362
JACOBS,BRAIN_34,GEO,0.6423575426655623,0.5951529940184173
JACOBS,BRAIN_34,GEO,0.5949767330463606,0.6976586912021165
JACOBS,BRAIN_34,GEO,0.57678084006591,0.6883353722878913
JACOBS,BRAIN_34,GEO,0.6618369526267072,0.5321099179342346
JACOBS,BRAIN_34,GEO,0.6032322308862439,0.6103969288776108
JACOBS,BRAIN_34,GEO,0.6050640280576813,0.6263955039922522
JACOBS,BRAIN_34,GEO,0.6402575112153446,0.5975185925246357
JACOBS,BRAIN_34,GEO,0.5970792562719707,0.5934097898463753
JACOBS,BRAIN_34,GEO,0.591612196777846,0.6672756690429841
JACOBS,BRAIN_34,GEO,0.5996819714345782,0.5983669059001557
JACOBS,BRAIN_34,GEO,0.5874342623945542,0.6723418852958516
JACOBS,BRAIN_34,GEO,0.5996912008709612,0.531081565942493
JACOBS,BRAIN_34,GEO,0.6439402357049763,0.5199793347008649
JACOBS,BRAIN_34,GEO,0.6664643140148986,0.5972530890091279
JACOBS,BRAIN_34,GEO,0.619997830149711,0.5485525618021169
JACOBS,BRAIN_34,GEO,0.5540609952568935,0.6507425748870989
JACOBS,BRAIN_34,GEO,0.5860140709301478,0.6919218538200222
JACOBS,BRAIN_34,GEO,0.6068671122714394,0.5669821190912379
JACOBS,BRAIN_34,GEO,0.6229241100761569,0.6132617634115003
JACOBS,BRAIN_34,GEO,0.5642123930502343,0.6004409655624389
JACOBS,BRAIN_34,GEO,0.6336466898283221,0.5642350332503618
JACOBS,BRAIN_34,GEO,0.5938576977437413,0.7194225970118193
JACOBS,BRAIN_34,GEO,0.6365387272632469,0.5676978303532172
JACOBS,BRAIN_34,GEO,0.5902004152980205,0.5378716126945033
JACOBS,BRAIN_34,GEO,0.5622827291968562,0.590625224083291
JACOBS,BRAIN_34,GEO,0.5973109267440142,0.5328993836143717
JACOBS,BRAIN_34,GEO,0.5774425176694018,0.5979982598771979
JACOBS,BRAIN_34,GEO,0.609617531739547,0.6434176940609861
JACOBS,BRAIN_34,GEO,0.6369180159250746,0.5450469850528514
JACOBS,BRAIN_34,GEO,0.6118423632789868,0.632667863864059
JACOBS,BRAIN_34,GEO,0.616815270835773,0.5897046545960634
JACOBS,BRAIN_34,GEO,0.6495944232055652,0.5774224563717967
JACOBS,BRAIN_34,GEO,0.5846913581449444,0.6087972869417604
JACOBS,BRAIN_34,GEO,0.5484912929793136,0.6450232407816789
JACOBS,BRAIN_34,GEO,0.5837244708729031,0.5560424736601711
JACOBS,BRAIN_34,GEO,0.6000962321424432,0.6073349966073731
JACOBS,BRAIN_34,GEO,0.643514257121333,0.538807280293355
JACOBS,BRAIN_34,GEO,0.6211437284818608,0.6051287246260032
JACOBS,BRAIN_34,GEO,0.5652229446955475,0.6274343930823509
JACOBS,BRAIN_34,GEO,0.6109127587333951,0.5836936294259232
JACOBS,BRAIN_34,GEO,0.6468722280842562,0.6786606519878406
JACOBS,BRAIN_34,GEO,0.5948659836424005,0.5710701740318185
JACOBS,BRAIN_34,GEO,0.5939536967223716,0.5832509513537283
JACOBS,BRAIN_34,GEO,0.6153027343081888,0.5512118274936363
JACOBS,BRAIN_34,GEO,0.5983334422100411,0.6777948300489574
JACOBS,BRAIN_34,GEO,0.5813423885883457,0.5407511507832014
JACOBS,BRAIN_34,GEO,0.5910290203913673,0.6365730809526273
JACOBS,BRAIN_34,GEO,0.5924584685704781,0.5834712454952856
JACOBS,BRAIN_34,GEO,0.6508283394730626,0.5203302151720803
JACOBS,BRAIN_34,GEO,0.6068212518226259,0.6072466319003292
JACOBS,BRAIN_34,GEO,0.624770173814726,0.5530730575739047
JACOBS,BRAIN_34,GEO,0.6349029717680791,0.527173999553081
JACOBS,BRAIN_34,GEO,0.6246616332466997,0.6462286260507875
JACOBS,BRAIN_34,GEO,0.5824252280190122,0.594045333149313
JACOBS,BRAIN_34,GEO,0.6080971436115067,0.5684079854483016
JACOBS,BRAIN_34,GEO,0.6364804638217202,0.6043844593967138
JACOBS,BRAIN_34,GEO,0.6131685285586875,0.599506017463303
JACOBS,BRAIN_34,GEO,0.5427514683069335,0.6652204659180447
JACOBS,BRAIN_34,GEO,0.6155150330030243,0.5899708175984607
JACOBS,BRAIN_34,GEO,0.6245358154559079,0.6226622065200268
JACOBS,BRAIN_34,GEO,0.5793641327453678,0.6023443742614152
JACOBS,BRAIN_34,GEO,0.6379542763095302,0.6061522992131309
JACOBS,BRAIN_34,GEO,0.5546955679637906,0.7075722518893903
JACOBS,BRAIN_34,GEO,0.6031267331585689,0.6044367335562573
JACOBS,BRAIN_34,GEO,0.6201890425851339,0.7369556772629168
JACOBS,BRAIN_34,GEO,0.6306858547930829,0.6249360528727306
JACOBS,BRAIN_34,GEO,0.6156027062562128,0.46237717899292774
JACOBS,BRAIN_34,GEO,0.6275224507319594,0.6115129410466023
JACOBS,BRAIN_34,GEO,0.631041981615106,0.6161940708440381
JACOBS,BRAIN_34,GEO,0.6339345500198512,0.5272031258166394
JACOBS,BRAIN_34,GEO,0.622799670594156,0.606965485241771
JACOBS,BRAIN_34,GEO,0.5819898559093092,0.5516624081099976
JACOBS,BRAIN_34,GEO,0.5962630841043486,0.6385449815539226
JACOBS,BRAIN_34,GEO,0.6019332203199171,0.6609851248800568
JACOBS,BRAIN_34,GEO,0.5986015981554769,0.6135242813131131
JACOBS,BRAIN_34,GEO,0.597247849079412,0.6278503138344944
JACOBS,BRAIN_34,GEO,0.587768216506447,0.6274361481665873
JACOBS,BRAIN_34,GEO,0.6103678613972054,0.5933598784724621
JACOBS,BRAIN_34,GEO,0.6378222481284506,0.6259157600827565
JACOBS,BRAIN_34,GEO,0.605673115850546,0.692168808736566
JACOBS,BRAIN_34,GEO,0.6419530045040827,0.6429001076385286
JACOBS,BRAIN_34,GEO,0.5774612645515182,0.6940426038933154
JACOBS,BRAIN_34,GEO,0.5655929271581733,0.636224765361096
JACOBS,BRAIN_34,GEO,0.5948146802968682,0.616572286674764
JACOBS,BRAIN_34,GEO,0.5985462697664964,0.5884496081556365
JACOBS,BRAIN_34,GEO,0.6252916306358852,0.538971746633822
JACOBS,BRAIN_34,GEO,0.600966026457002,0.6890452704501024
JACOBS,BRAIN_34,GEO,0.6417996575489161,0.584384187185305
JACOBS,BRAIN_34,GEO,0.5564867688499233,0.7895120268133968
JACOBS,BRAIN_34,GEO,0.5571703015533503,0.7237214880313425
JACOBS,BRAIN_34,GEO,0.6025360568249132,0.5931396625828707
JACOBS,BRAIN_34,GEO,0.599073059858909,0.7391306366990007
JACOBS,BRAIN_34,GEO,0.6168283523885086,0.5696085529176423
JACOBS,BRAIN_34,GEO,0.6402582618376523,0.6439867332336116
JACOBS,BRAIN_34,GEO,0.596627761219062,0.641363091504648
JACOBS,BRAIN_34,GEO,0.6410716118868257,0.6044975024013858
JACOBS,BRAIN_34,GEO,0.6033803261599459,0.5956118702873608
JACOBS,BRAIN_34,GEO,0.6051207976624281,0.5575657278073293
JACOBS,BRAIN_34,GEO,0.6186446921311328,0.5617667332843741
JACOBS,BRAIN_34,GEO,0.6527520479898337,0.650778796502042
JACOBS,BRAIN_34,GEO,0.6303075131300901,0.47872610798290666
JACOBS,BRAIN_34,GEO,0.5912185839379408,0.5603495485833283
JACOBS,BRAIN_34,GEO,0.6623892387845435,0.5745219964684074
JACOBS,BRAIN_34,GEO,0.5891347630074653,0.5476756918289362
JACOBS,BRAIN_34,GEO,0.5856148533739817,0.6808047417344927
JACOBS,BRAIN_34,GEO,0.618981228743789,0.6935299231992146
JACOBS,BRAIN_34,GEO,0.5799252411179624,0.6469745831534923
JACOBS,BRAIN_34,GEO,0.5995439048570077,0.7177931588792743
JACOBS,BRAIN_34,GEO,0.6123672643815036,0.568651088314154
JACOBS,BRAIN_34,GEO,0.5841854593602374,0.6591233119450326
JACOBS,BRAIN_34,GEO,0.6143713105559634,0.6289895836859276
JACOBS,BRAIN_34,GEO,0.6020145444289992,0.5472582448631214
JACOBS,BRAIN_34,GEO,0.5892439879109583,0.5663431772851767
JACOBS,BRAIN_34,GEO,0.6163840000084598,0.5751201429468187
JACOBS,BRAIN_34,GEO,0.5969830462964905,0.5738106924325449
JACOBS,BRAIN_34,GEO,0.5986024297194553,0.6336523959370917
JACOBS,BRAIN_34,GEO,0.6057553389430369,0.7017496690843201
JACOBS,BRAIN_34,GEO,0.6213513163914107,0.628704914655414
JACOBS,BRAIN_34,GEO,0.6160656625214882,0.6057599916374263
JACOBS,BRAIN_34,GEO,0.627027497441876,0.7650474804068272
JACOBS,BRAIN_34,GEO,0.6317655546970211,0.5398820588230391
JACOBS,BRAIN_34,GEO,0.6094834224128263,0.575893275099074
JACOBS,BRAIN_34,GEO,0.5992105474010322,0.6792759396862109
JACOBS,BRAIN_34,GEO,0.5960614191755749,0.6494232001006387
JACOBS,BRAIN_34,GEO,0.6221384033935056,0.5893941128978969
JACOBS,BRAIN_34,GEO,0.6657813110146152,0.6534305164277645
JACOBS,BRAIN_34,REAL,0.6337935859968555,0.8439780380187045
BRAIN_10,BRAIN_10,ER,0.41836127272936996,0.3329446311833122
BRAIN_10,BRAIN_10,ER,0.3300350155051284,0.41889009711385633
BRAIN_10,BRAIN_10,ER,0.34782036544904743,0.2841849796468603
BRAIN_10,BRAIN_10,ER,0.33125469406946767,0.43048942731449946
BRAIN_10,BRAIN_10,ER,0.44006343746508886,0.3941914026030128
BRAIN_10,BRAIN_10,ER,0.44656646743994166,0.35820248858580855
BRAIN_10,BRAIN_10,ER,0.43407592443730725,0.33805991172894506
BRAIN_10,BRAIN_10,ER,0.39694860553009415,0.2963097338767901
BRAIN_10,BRAIN_10,ER,0.3713905374205418,0.3475900988936791
BRAIN_10,BRAIN_10,ER,0.39954223088018836,0.2875222545513824
BRAIN_10,BRAIN_10,ER,0.49287072615019206,0.28941215684598975
BRAIN_10,BRAIN_10,ER,0.46377897800189266,0.30978994802525034
BRAIN_10,BRAIN_10,ER,0.4633523448448924,0.27923717564142037
BRAIN_10,BRAIN_10,ER,0.38595034582797394,0.3770299377264791
BRAIN_10,BRAIN_10,ER,0.44504621470179884,0.3684280239708574
BRAIN_10,BRAIN_10,ER,0.4045942999210449,0.32654073109659876
BRAIN_10,BRAIN_10,ER,0.40770294920539835,0.27166588631420496
BRAIN_10,BRAIN_10,ER,0.4583750662441777,0.33967883698974194
BRAIN_10,BRAIN_10,ER,0.40986629420349036,0.3156812667158587
BRAIN_10,BRAIN_10,ER,0.40462965069454004,0.30167102917445066
BRAIN_10,BRAIN_10,ER,0.45166774328779324,0.33915507498513536
BRAIN_10,BRAIN_10,ER,0.4197190786583946,0.37135370155310177
BRAIN_10,BRAIN_10,ER,0.39722475246063904,0.3038557970336341
BRAIN_10,BRAIN_10,ER,0.39913917322373943,0.3609945167122085
BRAIN_10,BRAIN_10,ER,0.354880619762836,0.322828932127315
BRAIN_10,BRAIN_10,ER,0.39756230671446563,0.20124715031348264
BRAIN_10,BRAIN_10,ER,0.44836298458175033,0.3021141737440133
BRAIN_10,BRAIN_10,ER,0.4156784697809356,0.3297216602246586
BRAIN_10,BRAIN_10,ER,0.4914181570225989,0.3642766544505809
BRAIN_10,BRAIN_10,ER,0.40228598083567174,0.2660838675808311
BRAIN_10,BRAIN_10,ER,0.46572053239416455,0.3378858267390128
BRAIN_10,BRAIN_10,ER,0.38698400234944663,0.3471844210665338
BRAIN_10,BRAIN_10,ER,0.4005371999106297,0.29074886278097417
BRAIN_10,BRAIN_10,ER,0.4086057176305885,0.2788227139859427
BRAIN_10,BRAIN_10,ER,0.40016461482414695,0.3515295925309103
BRAIN_10,BRAIN_10,ER,0.44711550258520005,0.28203243305001313
BRAIN_10,BRAIN_10,ER,0.4710824055973433,0.2830574440284152
BRAIN_10,BRAIN_10,ER,0.3155958801544763,0.28689951802793995
BRAIN_10,BRAIN_10,ER,0.37612699681293127,0.33196533906794407
BRAIN_10,BRAIN_10,ER,0.44260076069209914,0.36215909865740514
BRAIN_10,BRAIN_10,ER,0.5408462055011681,0.3336817474730166
BRAIN_10,BRAIN_10,ER,0.44267051910104926,0.3438546455841424
BRAIN_10,BRAIN_10,ER,0.3847230646016773,0.227177544756307
BRAIN_10,BRAIN_10,ER,0.44034189981556804,0.22924702156785629
BRAIN_10,BRAIN_10,ER,0.3175661355232498,0.293659732413509
BRAIN_10,BRAIN_10,ER,0.38654803159117085,0.323473822486678
BRAIN_10,BRAIN_10,ER,0.47468614060312714,0.3874278733444638
BRAIN_10,BRAIN_10,ER,0.4214760901567739,0.3000673301281342
BRAIN_10,BRAIN_10,ER,0.36177721517666067,0.3301977553217189
BRAIN_10,BRAIN_10,ER,0.4713089931097296,0.45892660710294475
BRAIN_10,BRAIN_10,ER,0.46032374182031655,0.2783557294213994
BRAIN_10,BRAIN_10,ER,0.3956832483677591,0.2955162183585668
BRAIN_10,BRAIN_10,ER,0.47412362592964286,0.4006903847262657
BRAIN_10,BRAIN_10,ER,0.35046864483371576,0.25784727477597996
BRAIN_10,BRAIN_10,ER,0.43117651689557296,0.35493005061802696
BRAIN_10,BRAIN_10,ER,0.4260758413271998,0.34312757892483847
BRAIN_10,BRAIN_10,ER,0.47860346879328325,0.30712380035803694
BRAIN_10,BRAIN_10,ER,0.5126961905672609,0.2787417652293446
BRAIN_10,BRAIN_10,ER,0.407012238245883,0.3614243454680731
BRAIN_10,BRAIN_10,ER,0.44986897073766896,0.3734471354014356
BRAIN_10,BRAIN_10,ER,0.4165239404832889,0.3128141771313
BRAIN_10,BRAIN_10,ER,0.37312129053503595,0.32487235372712664
BRAIN_10,BRAIN_10,ER,0.40832009563629973,0.32342545599943195
BRAIN_10,BRAIN_10,ER,0.43494302711770827,0.3081655021612796
BRAIN_10,BRAIN_10,ER,0.39471537388971273,0.25632861738369217
BRAIN_10,BRAIN_10,ER,0.34052275035242674,0.32629935795345
BRAIN_10,BRAIN_10,ER,0.4024334744536926,0.31811395244359436
BRAIN_10,BRAIN_10,ER,0.4992181781782845,0.32538252021877556
BRAIN_10,BRAIN_10,ER,0.45208602757491934,0.30706681753632836
BRAIN_10,BRAIN_10,ER,0.40295820713119423,0.4626702267308448
BRAIN_10,BRAIN_10,ER,0.5168110794968807,0.3164117208942654
BRAIN_10,BRAIN_10,ER,0.45582739700619,0.33228289076703776
BRAIN_10,BRAIN_10,ER,0.36288837535897095,0.3255642844948675
BRAIN_10,BRAIN_10,ER,0.49001549349258405,0.30655552118253626
BRAIN_10,BRAIN_10,ER,0.37040931836590185,0.32947456001050235
BRAIN_10,BRAIN_10,ER,0.32343127162546687,0.2975644020921797
BRAIN_10,BRAIN_10,ER,0.45787474655510074,0.3611504507842378
BRAIN_10,BRAIN_10,ER,0.40348893599645846,0.3551168064572429
BRAIN_10,BRAIN_10,ER,0.3534031825492896,0.32049749729821386
BRAIN_10,BRAIN_10,ER,0.5770616955159852,0.40695810395936377
BRAIN_10,BRAIN_10,ER,0.3872601844427808,0.3390235375854992
BRAIN_10,BRAIN_10,ER,0.38104729684754196,0.2973201642059732
BRAIN_10,BRAIN_10,ER,0.3254372113506739,0.3901291729838816
BRAIN_10,BRAIN_10,ER,0.3956967829195323,0.24216108815690945
BRAIN_10,BRAIN_10,ER,0.42257025885414484,0.31978930740672595
BRAIN_10,BRAIN_10,ER,0.3537951904834646,0.2903975195628674
BRAIN_10,BRAIN_10,ER,0.4286911656439614,0.30102776951661037
BRAIN_10,BRAIN_10,ER,0.3837696003894855,0.4393159367477327
BRAIN_10,BRAIN_10,ER,0.39105993073354145,0.28643964691278034
BRAIN_10,BRAIN_10,ER,0.4255597233751746,0.27177716227011833
BRAIN_10,BRAIN_10,ER,0.4414444417401449,0.3745555958583443
BRAIN_10,BRAIN_10,ER,0.44523243818142133,0.3692003240063736
BRAIN_10,BRAIN_10,ER,0.3624839531604738,0.3433213110958444
BRAIN_10,BRAIN_10,ER,0.48005698885706344,0.3988471455967626
BRAIN_10,BRAIN_10,ER,0.41502692734495833,0.2597501957051893
BRAIN_10,BRAIN_10,ER,0.36364603761878883,0.24052078930709903
BRAIN_10,BRAIN_10,ER,0.3368242163622835,0.3591718430685434
BRAIN_10,BRAIN_10,ER,0.34493692243865953,0.3609375982238209
BRAIN_10,BRAIN_10,ER,0.39217928237983224,0.26783173735834015
BRAIN_10,BRAIN_10,ER,0.5783210812385849,0.31334130586947495
BRAIN_10,BRAIN_10,ER,0.3648421316441123,0.3646771002209874
BRAIN_10,BRAIN_10,ER,0.4158481704638464,0.3214002491927539
BRAIN_10,BRAIN_10,ER,0.45698950856064274,0.3104652733776222
BRAIN_10,BRAIN_10,ER,0.34328724057346055,0.30965612100817475
BRAIN_10,BRAIN_10,ER,0.3969484751569533,0.2929939700284322
BRAIN_10,BRAIN_10,ER,0.3760743405560538,0.34352104916069537
BRAIN_10,BRAIN_10,ER,0.37122419607704216,0.2887256632479893
BRAIN_10,BRAIN_10,ER,0.36572077854120105,0.34388663621235305
BRAIN_10,BRAIN_10,ER,0.3740607500167356,0.3551291819777498
BRAIN_10,BRAIN_10,ER,0.3248942443334293,0.24083652535604233
BRAIN_10,BRAIN_10,ER,0.42800160705029566,0.4895777429076583
BRAIN_10,BRAIN_10,ER,0.42754721865312967,0.2860676895446668
BRAIN_10,BRAIN_10,ER,0.31870143350252916,0.2845499955237203
BRAIN_10,BRAIN_10,ER,0.45382291412316433,0.2893568298419589
BRAIN_10,BRAIN_10,ER,0.39456346026476086,0.42575967498099243
BRAIN_10,BRAIN_10,ER,0.5043523884979468,0.3349613839222234
BRAIN_10,BRAIN_10,ER,0.3968585955930688,0.3439810181505558
BRAIN_10,BRAIN_10,ER,0.33713007206433854,0.3218755032862942
BRAIN_10,BRAIN_10,ER,0.43721858663800806,0.2882059765507662
BRAIN_10,BRAIN_10,ER,0.33392320610483184,0.28938740366426374
BRAIN_10,BRAIN_10,ER,0.3737512779475384,0.3259841926694466
BRAIN_10,BRAIN_10,ER,0.3916327866143435,0.32910809655036233
BRAIN_10,BRAIN_10,ER,0.4154198802388485,0.33748403450254033
BRAIN_10,BRAIN_10,ER,0.37433416452182156,0.31410859743494934
BRAIN_10,BRAIN_10,ER,0.5284421634747213,0.3697474234076883
BRAIN_10,BRAIN_10,ER,0.3099453393829543,0.29605967355835944
BRAIN_10,BRAIN_10,ER,0.5159002336622519,0.3012910710953929
BRAIN_10,BRAIN_10,ER,0.3724379707082053,0.26989531372104064
BRAIN_10,BRAIN_10,ER,0.4308192786908789,0.3086640935386379
BRAIN_10,BRAIN_10,ER,0.42591150054651866,0.3372952921351224
BRAIN_10,BRAIN_10,ER,0.4263480154955339,0.39313940365774425
BRAIN_10,BRAIN_10,ER,0.3597292430149147,0.38358521870058243
BRAIN_10,BRAIN_10,ER,0.4218253577778895,0.28940723609860364
BRAIN_10,BRAIN_10,ER,0.39410892767368283,0.3877867456127918
BRAIN_10,BRAIN_10,ER,0.30105606182756284,0.3439213227718962
BRAIN_10,BRAIN_10,ER,0.4079227615805877,0.32412186105640417
BRAIN_10,BRAIN_10,ER,0.3365833392027654,0.33425572717309127
BRAIN_10,BRAIN_10,ER,0.32970127899642165,0.4052116754122028
BRAIN_10,BRAIN_10,ER,0.4601098764505816,0.3370269565052035
BRAIN_10,BRAIN_10,ER,0.5654213923300748,0.30413657029472085
BRAIN_10,BRAIN_10,ER,0.5489268452882476,0.30028985468631714
BRAIN_10,BRAIN_10,ER,0.45212028272718946,0.40079534582848797
BRAIN_10,BRAIN_10,ER,0.36526556595241244,0.2624643412138684
BRAIN_10,BRAIN_10,ER,0.35462363564253807,0.25707882935004245
BRAIN_10,BRAIN_10,ER,0.4356759529199966,0.33302396287761393
BRAIN_10,BRAIN_10,ER,0.38342633448500524,0.3793247460442713
BRAIN_10,BRAIN_10,ER,0.37900031761664105,0.2743445152745956
BRAIN_10,BRAIN_10,ER,0.4479161958926751,0.4393590236880508
BRAIN_10,BRAIN_10,ER,0.4070360071258883,0.30175269311547925
BRAIN_10,BRAIN_10,ER,0.4560338950284402,0.32780490618297486
BRAIN_10,BRAIN_10,ER,0.587705272897326,0.3074367488673476
BRAIN_10,BRAIN_10,ER,0.3825358495431918,0.4803360603961344
BRAIN_10,BRAIN_10,ER,0.3544000158642393,0.31985029647961616
BRAIN_10,BRAIN_10,ER,0.3042474733243383,0.2695113965132007
BRAIN_10,BRAIN_10,ER,0.43116994789812835,0.3080956251035314
BRAIN_10,BRAIN_10,ER,0.500920904916242,0.3469757835121548
BRAIN_10,BRAIN_10,ER,0.5220255690164041,0.3232251170965446
BRAIN_10,BRAIN_10,ER,0.3662872047494636,0.3197922537213246
BRAIN_10,BRAIN_10,ER,0.5109719210827762,0.2733981488416187
BRAIN_10,BRAIN_10,ER,0.375865394372212,0.31658859369857495
BRAIN_10,BRAIN_10,ER,0.3657273984266416,0.3009688066719199
BRAIN_10,BRAIN_10,ER,0.30886533970919733,0.34044707594784585
BRAIN_10,BRAIN_10,ER,0.39006603443703347,0.31886347932036646
BRAIN_10,BRAIN_10,ER,0.43248750202554176,0.2874704878415463
BRAIN_10,BRAIN_10,ER,0.48787657321725425,0.39033675762215075
BRAIN_10,BRAIN_10,ER,0.41557135296577613,0.3955892285602037
BRAIN_10,BRAIN_10,ER,0.3870323626514634,0.27680374735303837
BRAIN_10,BRAIN_10,ER,0.4222269190029221,0.27776762399432015
BRAIN_10,BRAIN_10,ER,0.44064299478640273,0.3120389141555664
BRAIN_10,BRAIN_10,ER,0.4133088089423934,0.276256147072768
BRAIN_10,BRAIN_10,ER,0.44993054338153804,0.2692095883018371
BRAIN_10,BRAIN_10,ER,0.3656506327759686,0.284635312043917
BRAIN_10,BRAIN_10,ER,0.37533983358239587,0.4137335947116998
BRAIN_10,BRAIN_10,ER,0.4493304954621053,0.3952353159045826
BRAIN_10,BRAIN_10,ER,0.48415935202094845,0.3936871900706581
BRAIN_10,BRAIN_10,ER,0.34434482961993407,0.408730657364718
BRAIN_10,BRAIN_10,ER,0.420632414779361,0.31941917302440825
BRAIN_10,BRAIN_10,ER,0.4119580195183184,0.2657602912943402
BRAIN_10,BRAIN_10,ER,0.36045013971973633,0.23033718372670614
BRAIN_10,BRAIN_10,ER,0.38375568013723976,0.2996279691266321
BRAIN_10,BRAIN_10,ER,0.33117964291178353,0.41023485386326763
BRAIN_10,BRAIN_10,CFG,0.2864615824348308,0.2828903224301187
BRAIN_10,BRAIN_10,CFG,0.35008994292255513,0.2643048971884138
BRAIN_10,BRAIN_10,CFG,0.38932563747675053,0.37466986439925043
BRAIN_10,BRAIN_10,CFG,0.22135716694997015,0.16978653727063556
BRAIN_10,BRAIN_10,CFG,0.2808163488686392,0.31273014653871756
BRAIN_10,BRAIN_10,CFG,0.40526603562904795,0.46677132088466833
BRAIN_10,BRAIN_10,CFG,0.43530249867624854,0.3375684673453051
BRAIN_10,BRAIN_10,CFG,0.34673236989503664,0.3542036184084227
BRAIN_10,BRAIN_10,CFG,0.37271310461968893,0.40146543493612696
BRAIN_10,BRAIN_10,CFG,0.3570441341395969,0.46292185905276073
BRAIN_10,BRAIN_10,CFG,0.261000940233169,0.21113111472532398
BRAIN_10,BRAIN_10,CFG,0.2958837376402178,0.25956430451740703
BRAIN_10,BRAIN_10,CFG,0.3019442241968393,0.35776064239314664
BRAIN_10,BRAIN_10,CFG,0.3913679782637957,0.5024618545817404
BRAIN_10,BRAIN_10,CFG,0.3852821679198158,0.37205378508414555
BRAIN_10,BRAIN_10,CFG,0.2905385948873769,0.28550766342646994
BRAIN_10,BRAIN_10,CFG,0.2522304175403669,0.3036060711052475
BRAIN_10,BRAIN_10,CFG,0.36677311394490036,0.3405825623092619
BRAIN_10,BRAIN_10,CFG,0.3127515172165192,0.4498583152895279
BRAIN_10,BRAIN_10,CFG,0.22532951695026865,0.27303022338158567
BRAIN_10,BRAIN_10,CFG,0.30435202792276933,0.27780906542482564
BRAIN_10,BRAIN_10,CFG,0.29973889714155494,0.3837065828898293
BRAIN_10,BRAIN_10,CFG,0.2903698275042049,0.23744206428154557
BRAIN_10,BRAIN_10,CFG,0.3314149431750431,0.30919139079157043
BRAIN_10,BRAIN_10,CFG,0.27259484141727697,0.22909459748239214
BRAIN_10,BRAIN_10,CFG,0.20439436432253694,0.21842065387891235
BRAIN_10,BRAIN_10,CFG,0.4689425010337222,0.3889012184804396
BRAIN_10,BRAIN_10,CFG,0.42005265863878316,0.3473859575078009
BRAIN_10,BRAIN_10,CFG,0.3621484444792601,0.29702070045028417
BRAIN_10,BRAIN_10,CFG,0.25439202869292565,0.3107204230137155
BRAIN_10,BRAIN_10,CFG,0.39636811069328265,0.3864304405034486
BRAIN_10,BRAIN_10,CFG,0.29199864394280167,0.31761312558551347
BRAIN_10,BRAIN_10,CFG,0.3097297334658553,0.2599129680194687
BRAIN_10,BRAIN_10,CFG,0.3284360289538683,0.3324090718393845
BRAIN_10,BRAIN_10,CFG,0.3046924375100518,0.3842841286627878
BRAIN_10,BRAIN_10,CFG,0.43049258724199546,0.4196598781278472
BRAIN_10,BRAIN_10,CFG,0.39843866793379173,0.3177457227209699
BRAIN_10,BRAIN_10,CFG,0.24371320055999732,0.3334712151797594
BRAIN_10,BRAIN_10,CFG,0.3276001007378411,0.25884301232271495
BRAIN_10,BRAIN_10,CFG,0.3407688556347463,0.30975173139771794
BRAIN_10,BRAIN_10,CFG,0.3246675942408023,0.28926630094794314
BRAIN_10,BRAIN_10,CFG,0.3368766387893145,0.33824005409055136
BRAIN_10,BRAIN_10,CFG,0.21661525671104903,0.24304092789149417
BRAIN_10,BRAIN_10,CFG,0.3330114083055882,0.5177308163671767
BRAIN_10,BRAIN_10,CFG,0.28985779338902895,0.17747173784950954
BRAIN_10,BRAIN_10,CFG,0.2423595360484646,0.2511956938307536
BRAIN_10,BRAIN_10,CFG,0.28767625813504893,0.2068397756220837
BRAIN_10,BRAIN_10,CFG,0.3605368964169054,0.5135461894206526
BRAIN_10,BRAIN_10,CFG,0.43333201825330925,0.4511290109158311
BRAIN_10,BRAIN_10,CFG,0.3841193805051219,0.3758897465410222
BRAIN_10,BRAIN_10,CFG,0.44466531073584054,0.5742697298067124
BRAIN_10,BRAIN_10,CFG,0.3410489583745833,0.31463917228445887
BRAIN_10,BRAIN_10,CFG,0.25206463226843134,0.26355914291806565
BRAIN_10,BRAIN_10,CFG,0.31772510170087664,0.3586826633138449
BRAIN_10,BRAIN_10,CFG,0.4554828166255316,0.4634065984589516
BRAIN_10,BRAIN_10,CFG,0.3967811875289949,0.30261753513515266
BRAIN_10,BRAIN_10,CFG,0.3105385926152956,0.44345461956926197
BRAIN_10,BRAIN_10,CFG,0.3272750805227783,0.3153000513520044
BRAIN_10,BRAIN_10,CFG,0.40108333708237565,0.3615334026778042
BRAIN_10,BRAIN_10,CFG,0.2573712220977155,0.4101133225012341
BRAIN_10,BRAIN_10,CFG,0.23440000845048428,0.42233395230231596
BRAIN_10,BRAIN_10,CFG,0.35765249039209496,0.354055406021086
BRAIN_10,BRAIN_10,CFG,0.42408138898818554,0.23601489626130068
BRAIN_10,BRAIN_10,CFG,0.34311365845581204,0.38880278133587626
BRAIN_10,BRAIN_10,CFG,0.3480371615740271,0.2737199167366904
BRAIN_10,BRAIN_10,CFG,0.38237212906473145,0.31370830022614804
BRAIN_10,BRAIN_10,CFG,0.28969863591193423,0.35040968815750395
BRAIN_10,BRAIN_10,CFG,0.31601356678449993,0.35445691755318626
BRAIN_10,BRAIN_10,CFG,0.22587763982194453,0.29984458288683036
BRAIN_10,BRAIN_10,CFG,0.3436181841957192,0.3533513910654879
BRAIN_10,BRAIN_10,CFG,0.3318417001294521,0.457901593236632
BRAIN_10,BRAIN_10,CFG,0.3754507170811775,0.3725068554400553
BRAIN_10,BRAIN_10,CFG,0.24922526355091407,0.2824358714990179
BRAIN_10,BRAIN_10,CFG,0.4317781022319359,0.5097815120214407
BRAIN_10,BRAIN_10,CFG,0.30509819325580767,0.32851221750550175
BRAIN_10,BRAIN_10,CFG,0.4259653551377124,0.4160887290363201
BRAIN_10,BRAIN_10,CFG,0.2752636204107447,0.251615644269387
BRAIN_10,BRAIN_10,CFG,0.18691340442922688,0.3805994837778276
BRAIN_10,BRAIN_10,CFG,0.3460110683974942,0.2261173487640321
BRAIN_10,BRAIN_10,CFG,0.3223584512590905,0.34801543003498925
BRAIN_10,BRAIN_10,CFG,0.31023903995178037,0.32756307394127954
BRAIN_10,BRAIN_10,CFG,0.23778951382798558,0.20998525902279863
BRAIN_10,BRAIN_10,CFG,0.39043726121762345,0.42558834990270467
BRAIN_10,BRAIN_10,CFG,0.3306627926351915,0.27370628683965803
BRAIN_10,BRAIN_10,CFG,0.2563571777619587,0.33406470988792425
BRAIN_10,BRAIN_10,CFG,0.36423889764907513,0.36301141942762194
BRAIN_10,BRAIN_10,CFG,0.3194872400220626,0.3213205297388875
BRAIN_10,BRAIN_10,CFG,0.32387154834548254,0.4971556702641477
BRAIN_10,BRAIN_10,CFG,0.2867455703486912,0.3241373132223401
BRAIN_10,BRAIN_10,CFG,0.2965349865223362,0.48828609342816176
BRAIN_10,BRAIN_10,CFG,0.232135632528714,0.3534028874981464
BRAIN_10,BRAIN_10,CFG,0.31148677572694794,0.332259744689234
BRAIN_10,BRAIN_10,CFG,0.3190627461223211,0.37699461580923843
BRAIN_10,BRAIN_10,CFG,0.3236859394960271,0.445727417036788
BRAIN_10,BRAIN_10,CFG,0.34204130202564903,0.30087939292549426
BRAIN_10,BRAIN_10,CFG,0.2230653583277766,0.333416000458591
BRAIN_10,BRAIN_10,CFG,0.23444603203652714,0.23206202002588397
BRAIN_10,BRAIN_10,CFG,0.27830281306677346,0.3824516585605394
BRAIN_10,BRAIN_10,CFG,0.24697222611314948,0.3057138658259658
BRAIN_10,BRAIN_10,CFG,0.30719735765831846,0.3053595197992349
BRAIN_10,BRAIN_10,CFG,0.3408730135626446,0.437910139443838
BRAIN_10,BRAIN_10,CFG,0.36801996434926876,0.43019392321671013
BRAIN_10,BRAIN_10,CFG,0.2860758681826833,0.37077981665352705
BRAIN_10,BRAIN_10,CFG,0.47333252376859714,0.46043453389924305
BRAIN_10,BRAIN_10,CFG,0.34287757315253353,0.31633389904021497
BRAIN_10,BRAIN_10,CFG,0.4383402944751134,0.3476663007108755
BRAIN_10,BRAIN_10,CFG,0.32095249254508346,0.36853911261420613
BRAIN_10,BRAIN_10,CFG,0.40627777906466833,0.2701193843950719
BRAIN_10,BRAIN_10,CFG,0.3197150172637644,0.3329092800782766
BRAIN_10,BRAIN_10,CFG,0.37135095621944997,0.3558389292947816
BRAIN_10,BRAIN_10,CFG,0.31266297390268233,0.2997351385280686
BRAIN_10,BRAIN_10,CFG,0.3770969737184614,0.34026371104332753
BRAIN_10,BRAIN_10,CFG,0.13316324788496353,0.20807289709626214
BRAIN_10,BRAIN_10,CFG,0.3433963544850576,0.3626393121556857
BRAIN_10,BRAIN_10,CFG,0.35704484568342765,0.47358011361722624
BRAIN_10,BRAIN_10,CFG,0.3493170233754676,0.3376822483519253
BRAIN_10,BRAIN_10,CFG,0.2663290939561944,0.2510583340382745
BRAIN_10,BRAIN_10,CFG,0.2611598922192615,0.24108080446365937
BRAIN_10,BRAIN_10,CFG,0.33019208312425163,0.3414740308288342
BRAIN_10,BRAIN_10,CFG,0.41160381947130453,0.31834224843322345
BRAIN_10,BRAIN_10,CFG,0.30353922252758714,0.32092410563041474
BRAIN_10,BRAIN_10,CFG,0.29033121646705806,0.2724718994842843
BRAIN_10,BRAIN_10,CFG,0.3044472076196056,0.41082050716267837
BRAIN_10,BRAIN_10,CFG,0.3451158574678828,0.3938093794630605
BRAIN_10,BRAIN_10,CFG,0.3125497704560722,0.29705913056404276
BRAIN_10,BRAIN_10,CFG,0.35128031724871345,0.2854402371758068
BRAIN_10,BRAIN_10,CFG,0.36066575229839865,0.33040633073450676
BRAIN_10,BRAIN_10,CFG,0.4227596531677605,0.38837369079999284
BRAIN_10,BRAIN_10,CFG,0.21259861720274836,0.3509663260987308
BRAIN_10,BRAIN_10,CFG,0.26778334682088284,0.2629506585077931
BRAIN_10,BRAIN_10,CFG,0.29206853091843393,0.1957580818617473
BRAIN_10,BRAIN_10,CFG,0.3579965525636227,0.3459122452692135
BRAIN_10,BRAIN_10,CFG,0.2515441191328796,0.4714664368774509
BRAIN_10,BRAIN_10,CFG,0.3429266967832036,0.3327790361637758
BRAIN_10,BRAIN_10,CFG,0.3108476273881328,0.2910464830531922
BRAIN_10,BRAIN_10,CFG,0.3367055962812624,0.46334761184611895
BRAIN_10,BRAIN_10,CFG,0.29063618491538107,0.24223114448794203
BRAIN_10,BRAIN_10,CFG,0.2774987718258245,0.21337115944726687
BRAIN_10,BRAIN_10,CFG,0.3459664450779954,0.4465815940837794
BRAIN_10,BRAIN_10,CFG,0.5366122889882378,0.3807393254931319
BRAIN_10,BRAIN_10,CFG,0.2764695633349701,0.27886278725051045
BRAIN_10,BRAIN_10,CFG,0.26455227048205754,0.2358114660317572
BRAIN_10,BRAIN_10,CFG,0.3317174671096727,0.41052620949349783
BRAIN_10,BRAIN_10,CFG,0.4371552202890484,0.3282652778328754
BRAIN_10,BRAIN_10,CFG,0.3707630546389614,0.33845652270733895
BRAIN_10,BRAIN_10,CFG,0.42582799522114406,0.33558096813295274
BRAIN_10,BRAIN_10,CFG,0.3551036741922653,0.3262807076593705
BRAIN_10,BRAIN_10,CFG,0.33004566743241126,0.41040355267370454
BRAIN_10,BRAIN_10,CFG,0.3431674754095424,0.31655219135618484
BRAIN_10,BRAIN_10,CFG,0.3043741596228647,0.26738473727120105
BRAIN_10,BRAIN_10,CFG,0.36682911144985747,0.3398353831691132
BRAIN_10,BRAIN_10,CFG,0.21319775109786807,0.24364480282951573
BRAIN_10,BRAIN_10,CFG,0.23892741211929439,0.21179376189340965
BRAIN_10,BRAIN_10,CFG,0.352708364455591,0.3792134738264116
BRAIN_10,BRAIN_10,CFG,0.33181222423068324,0.22912955457930512
BRAIN_10,BRAIN_10,CFG,0.2876855322662128,0.3013096998905517
BRAIN_10,BRAIN_10,CFG,0.18468931951501907,0.2773276856167957
BRAIN_10,BRAIN_10,CFG,0.2785324914891382,0.3726545262502472
BRAIN_10,BRAIN_10,CFG,0.37661187739102203,0.3191563562221842
BRAIN_10,BRAIN_10,CFG,0.31353694873660415,0.21672247415272974
BRAIN_10,BRAIN_10,CFG,0.2959335921625301,0.32678674584862644
BRAIN_10,BRAIN_10,CFG,0.482973315263741,0.3743729691908797
BRAIN_10,BRAIN_10,CFG,0.313374316787389,0.21639680392847663
BRAIN_10,BRAIN_10,CFG,0.3453312939093725,0.33824652686643886
BRAIN_10,BRAIN_10,CFG,0.27912003189748774,0.30693289282023317
BRAIN_10,BRAIN_10,CFG,0.31420853262507065,0.2967149156732005
BRAIN_10,BRAIN_10,CFG,0.29498773063006395,0.4815509918888294
BRAIN_10,BRAIN_10,CFG,0.43740043932767864,0.5229900736254371
BRAIN_10,BRAIN_10,CFG,0.1909810419527412,0.1359679243497555
BRAIN_10,BRAIN_10,CFG,0.29129104803832273,0.2811330808428375
BRAIN_10,BRAIN_10,CFG,0.40743988584911617,0.28983215701650383
BRAIN_10,BRAIN_10,CFG,0.3136029978178181,0.28430943050360946
BRAIN_10,BRAIN_10,CFG,0.35823833209009504,0.3746086479050501
BRAIN_10,BRAIN_10,CFG,0.22188503489465333,0.21555872920155852
BRAIN_10,BRAIN_10,CFG,0.2675688615109127,0.24026516103664697
BRAIN_10,BRAIN_10,CFG,0.4126460117587345,0.3791838213180048
BRAIN_10,BRAIN_10,CFG,0.2924799778407325,0.3985893458278348
BRAIN_10,BRAIN_10,CFG,0.3615503909011026,0.3528590795729737
BRAIN_10,BRAIN_10,CFG,0.31859832100273217,0.34603286504019715
BRAIN_10,BRAIN_10,CFG,0.20469085470219037,0.2581421727431834
BRAIN_10,BRAIN_10,CFG,0.3812708309736362,0.3380809678937894
BRAIN_10,BRAIN_10,CFG,0.392341866446444,0.44059255260615826
BRAIN_10,BRAIN_10,CFG,0.484940576278256,0.35695280661761986
BRAIN_10,BRAIN_10,CFG,0.21775589946983473,0.2284812454722091
BRAIN_10,BRAIN_10,CFG,0.37568639968228773,0.40635746465274236
BRAIN_10,BRAIN_10,CFG,0.36908570781526506,0.30901221698164205
BRAIN_10,BRAIN_10,CFG,0.3614277091833531,0.35055676780199796
BRAIN_10,BRAIN_10,CFG,0.2251664679989026,0.5276534375644661
BRAIN_10,BRAIN_10,CFG,0.4257229496310675,0.30900493258890627
BRAIN_10,BRAIN_10,CFG,0.32222521235275076,0.25939722864465165
BRAIN_10,BRAIN_10,CFG,0.24296871807737155,0.33779092523031923
BRAIN_10,BRAIN_10,CFG,0.28823192896774186,0.25801987307402213
BRAIN_10,BRAIN_10,CFG,0.3992099494856461,0.4461413005199424
BRAIN_10,BRAIN_10,CFG,0.2806315108773987,0.33178120793167015
BRAIN_10,BRAIN_10,CFG,0.21467651117566988,0.17072194343088087
BRAIN_10,BRAIN_10,CFG,0.3259529031168756,0.2561934048675565
BRAIN_10,BRAIN_10,CFG,0.3221971414090969,0.3242090169934041
BRAIN_10,BRAIN_10,CFG,0.3176217929880085,0.31582734860493683
BRAIN_10,BRAIN_10,WS,0.4286126404969642,0.4373463306674371
BRAIN_10,BRAIN_10,WS,0.37132690537150287,0.5508663655381952
BRAIN_10,BRAIN_10,WS,0.41722391134340664,0.43457297873298895
BRAIN_10,BRAIN_10,WS,0.5206920060907905,0.47420861393082814
BRAIN_10,BRAIN_10,WS,0.4575520232817378,0.46809770615144286
BRAIN_10,BRAIN_10,WS,0.43696452234243277,0.43130572720362276
BRAIN_10,BRAIN_10,WS,0.41866762612264063,0.4338558343359403
BRAIN_10,BRAIN_10,WS,0.4330811779521313,0.4771160397598033
BRAIN_10,BRAIN_10,WS,0.5707932699792647,0.49025119825215957
BRAIN_10,BRAIN_10,WS,0.4960964886340408,0.4558922668796884
BRAIN_10,BRAIN_10,WS,0.47996400767667097,0.48916494982637193
BRAIN_10,BRAIN_10,WS,0.419144645857519,0.5670867800367712
BRAIN_10,BRAIN_10,WS,0.4048427406752798,0.536396406709658
BRAIN_10,BRAIN_10,WS,0.37773504641720707,0.5162274546612995
BRAIN_10,BRAIN_10,WS,0.3484956772818892,0.5668833796238456
BRAIN_10,BRAIN_10,WS,0.38297547645572566,0.5276509285517885
BRAIN_10,BRAIN_10,WS,0.44993440059748496,0.4104125874052761
BRAIN_10,BRAIN_10,WS,0.4111388102347087,0.4784114303218333
BRAIN_10,BRAIN_10,WS,0.3463202958356563,0.4362787691462342
BRAIN_10,BRAIN_10,WS,0.4050697783257739,0.35086831895757575
BRAIN_10,BRAIN_10,WS,0.5500398825168605,0.5104105365739203
BRAIN_10,BRAIN_10,WS,0.45552699764854604,0.4093946017869098
BRAIN_10,BRAIN_10,WS,0.34678158172923546,0.47111092892549083
BRAIN_10,BRAIN_10,WS,0.3489409630141874,0.55555735269729
BRAIN_10,BRAIN_10,WS,0.5069423419617379,0.47616640229856527
BRAIN_10,BRAIN_10,WS,0.3721763706898772,0.5142735371195497
BRAIN_10,BRAIN_10,WS,0.4246130968857935,0.495233723468157
BRAIN_10,BRAIN_10,WS,0.4764745984230658,0.4120229354866309
BRAIN_10,BRAIN_10,WS,0.477603654303346,0.5013476807191277
BRAIN_10,BRAIN_10,WS,0.42784428953893006,0.4543010350273553
BRAIN_10,BRAIN_10,WS,0.39709416023360555,0.47136479559504674
BRAIN_10,BRAIN_10,WS,0.4258465684510231,0.4668690349247774
BRAIN_10,BRAIN_10,WS,0.40718622520789105,0.6227806063118001
BRAIN_10,BRAIN_10,WS,0.39415787134292835,0.44652955824775
BRAIN_10,BRAIN_10,WS,0.495513350445478,0.5655484347339383
BRAIN_10,BRAIN_10,WS,0.4124057732262272,0.48841078970330887
BRAIN_10,BRAIN_10,WS,0.42702144849038,0.5105770888645288
BRAIN_10,BRAIN_10,WS,0.4191224621175928,0.42866657468208846
BRAIN_10,BRAIN_10,WS,0.4316217822142793,0.4612432149288599
BRAIN_10,BRAIN_10,WS,0.33769393600481135,0.4165574790859283
BRAIN_10,BRAIN_10,WS,0.40035996220928544,0.48023519229339195
BRAIN_10,BRAIN_10,WS,0.3865194958465015,0.6226371990566264
BRAIN_10,BRAIN_10,WS,0.4124352566043607,0.5422047818781532
BRAIN_10,BRAIN_10,WS,0.39633699920577,0.5894393425987483
BRAIN_10,BRAIN_10,WS,0.3570577154528562,0.5424741299969564
BRAIN_10,BRAIN_10,WS,0.3709137876198747,0.5627568846361312
BRAIN_10,BRAIN_10,WS,0.4099015309656509,0.5656033263686471
BRAIN_10,BRAIN_10,WS,0.44585728350249326,0.46157520863950063
BRAIN_10,BRAIN_10,WS,0.433873938752138,0.39989870138270306
BRAIN_10,BRAIN_10,WS,0.4100608083460246,0.4502391256774747
BRAIN_10,BRAIN_10,WS,0.36905573129098984,0.5554178707817294
BRAIN_10,BRAIN_10,WS,0.4734089448760986,0.42676019274109184
BRAIN_10,BRAIN_10,WS,0.41307542026247174,0.5642766536274568
BRAIN_10,BRAIN_10,WS,0.35515877589506434,0.5833736420339526
BRAIN_10,BRAIN_10,WS,0.4772100599885468,0.5035062706396748
BRAIN_10,BRAIN_10,WS,0.4287034521400494,0.549465742245876
BRAIN_10,BRAIN_10,WS,0.3926928898995073,0.36419095552000946
BRAIN_10,BRAIN_10,WS,0.5054409237844035,0.42821487983859474
BRAIN_10,BRAIN_10,WS,0.39729825347716957,0.5071241706175957
BRAIN_10,BRAIN_10,WS,0.38757915028506973,0.5918217982136567
BRAIN_10,BRAIN_10,WS,0.41903256840380326,0.44873190652368133
BRAIN_10,BRAIN_10,WS,0.3783841439242851,0.5298050826351413
BRAIN_10,BRAIN_10,WS,0.4257332273030231,0.4532819663980268
BRAIN_10,BRAIN_10,WS,0.489893704443761,0.4650075810765138
BRAIN_10,BRAIN_10,WS,0.37598800661488196,0.48511830566128844
BRAIN_10,BRAIN_10,WS,0.34276877205454415,0.5860669346951602
BRAIN_10,BRAIN_10,WS,0.46364344481911335,0.489555002857568
BRAIN_10,BRAIN_10,WS,0.3513091139450427,0.5036937358973881
BRAIN_10,BRAIN_10,WS,0.500628065124343,0.4375351109753168
BRAIN_10,BRAIN_10,WS,0.35035596762018817,0.4692772927992376
BRAIN_10,BRAIN_10,WS,0.4083307680254332,0.45559875629892854
BRAIN_10,BRAIN_10,WS,0.45556318561940484,0.4322633889051479
BRAIN_10,BRAIN_10,WS,0.3803253554922192,0.43145259272083253
BRAIN_10,BRAIN_10,WS,0.48548170178343025,0.4554751614194662
BRAIN_10,BRAIN_10,WS,0.40361967327603404,0.6375812059196828
BRAIN_10,BRAIN_10,WS,0.4420637824857786,0.410725069071647
BRAIN_10,BRAIN_10,WS,0.3874620419516526,0.35813772153505224
BRAIN_10,BRAIN_10,WS,0.3831911110329481,0.4512637858564251
BRAIN_10,BRAIN_10,WS,0.42036593334490047,0.4071893295250828
BRAIN_10,BRAIN_10,WS,0.42477131538817414,0.3219982127217607
BRAIN_10,BRAIN_10,WS,0.39327647445550434,0.4983054499461075
BRAIN_10,BRAIN_10,WS,0.5746286517034113,0.376673137477068
BRAIN_10,BRAIN_10,WS,0.45377958055776896,0.49075545602421833
BRAIN_10,BRAIN_10,WS,0.40111687036148985,0.40270233883115225
BRAIN_10,BRAIN_10,WS,0.495692050872793,0.4275760588512253
BRAIN_10,BRAIN_10,WS,0.48112051871540557,0.5239786676948563
BRAIN_10,BRAIN_10,WS,0.4731005257229777,0.5819045177289862
BRAIN_10,BRAIN_10,WS,0.36074324717887596,0.47673390847155617
BRAIN_10,BRAIN_10,WS,0.4765933794262325,0.43497445486012676
BRAIN_10,BRAIN_10,WS,0.3640172607166381,0.5612832266710023
BRAIN_10,BRAIN_10,WS,0.4549746232760657,0.4915022788609682
BRAIN_10,BRAIN_10,WS,0.36575930881654,0.5345059768526288
BRAIN_10,BRAIN_10,WS,0.4903193815805551,0.35767911560265886
BRAIN_10,BRAIN_10,WS,0.5551140741572955,0.4341898833269894
BRAIN_10,BRAIN_10,WS,0.4527269527376349,0.41600696045720387
BRAIN_10,BRAIN_10,WS,0.47703833022622916,0.49919458321890436
BRAIN_10,BRAIN_10,WS,0.41304870020783224,0.4355916818435607
BRAIN_10,BRAIN_10,WS,0.46459805880829214,0.4494719000312208
BRAIN_10,BRAIN_10,WS,0.37476167443660025,0.4091029738525709
BRAIN_10,BRAIN_10,WS,0.476228183336951,0.4291068778799404
BRAIN_10,BRAIN_10,WS,0.5171819660001771,0.385815407361433
BRAIN_10,BRAIN_10,WS,0.3860791913079202,0.523529682286902
BRAIN_10,BRAIN_10,WS,0.38490706220757176,0.5710223875525134
BRAIN_10,BRAIN_10,WS,0.5235835541807179,0.48616429942594686
BRAIN_10,BRAIN_10,WS,0.44901231852269513,0.4812600440397231
BRAIN_10,BRAIN_10,WS,0.4368744422902436,0.4384623052461667
BRAIN_10,BRAIN_10,WS,0.3738106539470153,0.4464511773400409
BRAIN_10,BRAIN_10,WS,0.3675360086882059,0.5381055237005581
BRAIN_10,BRAIN_10,WS,0.341263860677359,0.49079952353042106
BRAIN_10,BRAIN_10,WS,0.3495573468710026,0.6036765301232639
BRAIN_10,BRAIN_10,WS,0.43506680929270436,0.39496054142588866
BRAIN_10,BRAIN_10,WS,0.40714482687100256,0.4932676687657752
BRAIN_10,BRAIN_10,WS,0.4029620018626502,0.4383470995361384
BRAIN_10,BRAIN_10,WS,0.47720573387099524,0.41885997404663877
BRAIN_10,BRAIN_10,WS,0.3726543654601575,0.4524611584514443
BRAIN_10,BRAIN_10,WS,0.38146723137238064,0.5594755580506275
BRAIN_10,BRAIN_10,WS,0.5213218217720562,0.5406947819591326
BRAIN_10,BRAIN_10,WS,0.39649516893143355,0.44498937278070494
BRAIN_10,BRAIN_10,WS,0.5315324548127037,0.44924332353798213
BRAIN_10,BRAIN_10,WS,0.4897804230657726,0.5427410507605235
BRAIN_10,BRAIN_10,WS,0.37707990499359706,0.5342746547833535
BRAIN_10,BRAIN_10,WS,0.3714675616095684,0.5815486595699062
BRAIN_10,BRAIN_10,WS,0.4396700660370052,0.4384476080557931
BRAIN_10,BRAIN_10,WS,0.486196631911164,0.49358993318924815
BRAIN_10,BRAIN_10,WS,0.5289456595524633,0.4301371405879445
BRAIN_10,BRAIN_10,WS,0.45617791380831707,0.6057605742097671
BRAIN_10,BRAIN_10,WS,0.5143423728534032,0.49240434059249827
BRAIN_10,BRAIN_10,WS,0.376066270260115,0.4553055007673055
BRAIN_10,BRAIN_10,WS,0.3925013692807445,0.5192966254741433
BRAIN_10,BRAIN_10,WS,0.42444995291055315,0.4516422912578526
BRAIN_10,BRAIN_10,WS,0.3555396982635867,0.4614795029257893
BRAIN_10,BRAIN_10,WS,0.4779698905481706,0.42941600055713613
BRAIN_10,BRAIN_10,WS,0.48353240951040605,0.4345965487535669
BRAIN_10,BRAIN_10,WS,0.3981034600919408,0.5640000667685352
BRAIN_10,BRAIN_10,WS,0.40873217851560806,0.48520341393937905
BRAIN_10,BRAIN_10,WS,0.49637372811340685,0.5828447915549431
BRAIN_10,BRAIN_10,WS,0.35562391358713924,0.63805736029807
BRAIN_10,BRAIN_10,WS,0.5461813866195414,0.5978638091080846
BRAIN_10,BRAIN_10,WS,0.39217865560512,0.4404236403650773
BRAIN_10,BRAIN_10,WS,0.3552453487423521,0.39468088588845307
BRAIN_10,BRAIN_10,WS,0.5384113074789569,0.422424957781556
BRAIN_10,BRAIN_10,WS,0.3811185339124233,0.5081884616770916
BRAIN_10,BRAIN_10,WS,0.35319245827180257,0.4116969229396359
BRAIN_10,BRAIN_10,WS,0.5088130159181277,0.4886075704181372
BRAIN_10,BRAIN_10,WS,0.440248228997869,0.5442718933466537
BRAIN_10,BRAIN_10,WS,0.48082753327444633,0.5809128236388026
BRAIN_10,BRAIN_10,WS,0.42797704541940546,0.3908350587381787
BRAIN_10,BRAIN_10,WS,0.4949308590836502,0.45889475971798144
BRAIN_10,BRAIN_10,WS,0.39468663578779595,0.574060798087239
BRAIN_10,BRAIN_10,WS,0.47311826232852316,0.3916101217609559
BRAIN_10,BRAIN_10,WS,0.4784559620980921,0.5457849724189698
BRAIN_10,BRAIN_10,WS,0.4338185890663632,0.37889331040888785
BRAIN_10,BRAIN_10,WS,0.36868757495966614,0.5203004075942981
BRAIN_10,BRAIN_10,WS,0.5054253445107202,0.61391721502085
BRAIN_10,BRAIN_10,WS,0.49107063820184116,0.5594481482712498
BRAIN_10,BRAIN_10,WS,0.4142368696379975,0.609927054434573
BRAIN_10,BRAIN_10,WS,0.34654395648125286,0.5682952223574451
BRAIN_10,BRAIN_10,WS,0.4036609435776602,0.469070404400318
BRAIN_10,BRAIN_10,WS,0.34206379661621134,0.5205180309151435
BRAIN_10,BRAIN_10,WS,0.3457671722423806,0.5970947413119482
BRAIN_10,BRAIN_10,WS,0.358097662898688,0.40004317202593287
BRAIN_10,BRAIN_10,WS,0.5465618530335473,0.47593173467452254
BRAIN_10,BRAIN_10,WS,0.41333640531919336,0.49613884421467414
BRAIN_10,BRAIN_10,WS,0.3998078498543628,0.42679218485695236
BRAIN_10,BRAIN_10,WS,0.6091208386208897,0.5934272387711446
BRAIN_10,BRAIN_10,WS,0.44403577800395605,0.4391579261377647
BRAIN_10,BRAIN_10,WS,0.4186786483509504,0.4282482972090322
BRAIN_10,BRAIN_10,WS,0.4626909630487454,0.46863205301797894
BRAIN_10,BRAIN_10,WS,0.3550408973944,0.44873190652368133
BRAIN_10,BRAIN_10,WS,0.43795746199450636,0.5795403930993921
BRAIN_10,BRAIN_10,WS,0.42574178690648656,0.4934862646124869
BRAIN_10,BRAIN_10,WS,0.3619515421470517,0.5216951308107076
BRAIN_10,BRAIN_10,WS,0.4238354943156891,0.5642082090483972
BRAIN_10,BRAIN_10,WS,0.375441614304207,0.5175521497820348
BRAIN_10,BRAIN_10,WS,0.3783138674128637,0.4659075571710484
BRAIN_10,BRAIN_10,WS,0.4033867120250988,0.4543351468156188
BRAIN_10,BRAIN_10,WS,0.35037067902337754,0.5330170684706215
BRAIN_10,BRAIN_10,WS,0.39236159940778825,0.5610202132969726
BRAIN_10,BRAIN_10,WS,0.381332282534786,0.4714420076169453
BRAIN_10,BRAIN_10,WS,0.47941867903827934,0.4821253681504044
BRAIN_10,BRAIN_10,WS,0.48095380040288854,0.47705438697543645
BRAIN_10,BRAIN_10,WS,0.4491479712465399,0.48705307730741343
BRAIN_10,BRAIN_10,WS,0.3983994034565711,0.5872738869908152
BRAIN_10,BRAIN_10,WS,0.4928663739143063,0.5538897082955689
BRAIN_10,BRAIN_10,WS,0.35499658252360883,0.35170975163102525
BRAIN_10,BRAIN_10,WS,0.4070510734504129,0.39297751892636246
BRAIN_10,BRAIN_10,WS,0.5639347984822158,0.5036678145026137
BRAIN_10,BRAIN_10,WS,0.4423798443560653,0.402282979045563
BRAIN_10,BRAIN_10,WS,0.3984982151852653,0.46517324823243833
BRAIN_10,BRAIN_10,WS,0.4897475184349055,0.46419095005006916
BRAIN_10,BRAIN_10,WS,0.4489594900496035,0.5531896806500622
BRAIN_10,BRAIN_10,WS,0.35856986201998126,0.35216526985546737
BRAIN_10,BRAIN_10,WS,0.3719267153598437,0.36243758414703775
BRAIN_10,BRAIN_10,WS,0.4175983739166926,0.4789002433863266
BRAIN_10,BRAIN_10,WS,0.5666712269354164,0.46070114468691636
BRAIN_10,BRAIN_10,WS,0.3577785553858281,0.5191712122243223
BRAIN_10,BRAIN_10,WS,0.3367018391112851,0.48317673517581655
BRAIN_10,BRAIN_10,WS,0.3790439795971994,0.5512721431303937
BRAIN_10,BRAIN_10,WS,0.34622482334760385,0.5297637114683711
BRAIN_10,BRAIN_10,WS,0.4270081340678767,0.4544517274095723
BRAIN_10,BRAIN_10,BA,0.2819405319848316,0.35849011948432397
BRAIN_10,BRAIN_10,BA,0.238808291130024,0.3588961377617849
BRAIN_10,BRAIN_10,BA,0.4037331538905929,0.2864858861701023
BRAIN_10,BRAIN_10,BA,0.21226917941495152,0.3973065684168603
BRAIN_10,BRAIN_10,BA,0.31123871245150053,0.41728773467648106
BRAIN_10,BRAIN_10,BA,0.38376701923380846,0.31757712395013693
BRAIN_10,BRAIN_10,BA,0.3403650457371043,0.3368049131168786
BRAIN_10,BRAIN_10,BA,0.26567632426508364,0.2899447373796133
BRAIN_10,BRAIN_10,BA,0.2686871223628218,0.47348541073783246
BRAIN_10,BRAIN_10,BA,0.284053378950211,0.317253951344574
BRAIN_10,BRAIN_10,BA,0.2656316614967199,0.36248098286243124
BRAIN_10,BRAIN_10,BA,0.2920045253029584,0.3224566741217735
BRAIN_10,BRAIN_10,BA,0.347140214842352,0.32531988472674167
BRAIN_10,BRAIN_10,BA,0.28753994939872746,0.28539173172791155
BRAIN_10,BRAIN_10,BA,0.25413784039299336,0.2636390745651022
BRAIN_10,BRAIN_10,BA,0.25454246705888267,0.30023131311260165
BRAIN_10,BRAIN_10,BA,0.24197771784010258,0.35707371890033757
BRAIN_10,BRAIN_10,BA,0.21774716758450086,0.335725957092076
BRAIN_10,BRAIN_10,BA,0.27587003202000315,0.37869328368617616
BRAIN_10,BRAIN_10,BA,0.2444260393093391,0.4267426792248764
BRAIN_10,BRAIN_10,BA,0.4421245144923322,0.34437644090035485
BRAIN_10,BRAIN_10,BA,0.29403066707023096,0.2766814624964573
BRAIN_10,BRAIN_10,BA,0.3464640544765538,0.38344145092384996
BRAIN_10,BRAIN_10,BA,0.3047328742365268,0.3439292645540649
BRAIN_10,BRAIN_10,BA,0.3741864648338086,0.3464250680148935
BRAIN_10,BRAIN_10,BA,0.5252142663194865,0.36596345627556714
BRAIN_10,BRAIN_10,BA,0.3174763115673941,0.3658523416504045
BRAIN_10,BRAIN_10,BA,0.3104982557657866,0.31323808596686614
BRAIN_10,BRAIN_10,BA,0.2626405480195085,0.35608783993109816
BRAIN_10,BRAIN_10,BA,0.25203931587354433,0.33642172471093945
BRAIN_10,BRAIN_10,BA,0.24430343879834443,0.35187207902121015
BRAIN_10,BRAIN_10,BA,0.2717009371040423,0.32578444747123236
BRAIN_10,BRAIN_10,BA,0.32762846907856225,0.48766891079338387
BRAIN_10,BRAIN_10,BA,0.35679259159249394,0.44968582373885246
BRAIN_10,BRAIN_10,BA,0.26986672187920446,0.33433205210196293
BRAIN_10,BRAIN_10,BA,0.2949981245842727,0.41058640618143116
BRAIN_10,BRAIN_10,BA,0.44870652470336025,0.4751905076185963
BRAIN_10,BRAIN_10,BA,0.2660206234597481,0.38115398014626906
BRAIN_10,BRAIN_10,BA,0.27480655214508387,0.3010719754123694
BRAIN_10,BRAIN_10,BA,0.36251795353904437,0.3874266385790088
BRAIN_10,BRAIN_10,BA,0.2543433628434707,0.4183007393911865
BRAIN_10,BRAIN_10,BA,0.2365244929682026,0.38513872389822124
BRAIN_10,BRAIN_10,BA,0.33875399277488233,0.3395076174667876
BRAIN_10,BRAIN_10,BA,0.38178538397441636,0.41256809218192836
BRAIN_10,BRAIN_10,BA,0.2504626661045707,0.32981652805355544
BRAIN_10,BRAIN_10,BA,0.2431722465278492,0.41095303450321785
BRAIN_10,BRAIN_10,BA,0.2895110201758987,0.44534565655032277
BRAIN_10,BRAIN_10,BA,0.20581769355591262,0.24256412217931012
BRAIN_10,BRAIN_10,BA,0.2488468961997026,0.30525770893591575
BRAIN_10,BRAIN_10,BA,0.2907881648407937,0.3568744618528784
BRAIN_10,BRAIN_10,BA,0.2525012500854525,0.34003377327764894
BRAIN_10,BRAIN_10,BA,0.24716047504561478,0.42930875030807886
BRAIN_10,BRAIN_10,BA,0.249122734714971,0.3059399666850026
BRAIN_10,BRAIN_10,BA,0.4008466383190424,0.31085123322971187
BRAIN_10,BRAIN_10,BA,0.24200520231022013,0.3818562476097346
BRAIN_10,BRAIN_10,BA,0.2535058110633278,0.3735785749263711
BRAIN_10,BRAIN_10,BA,0.23529447609085863,0.4782524249552565
BRAIN_10,BRAIN_10,BA,0.3078177136133149,0.30841739369703214
BRAIN_10,BRAIN_10,BA,0.3934868286868701,0.30974221374025734
BRAIN_10,BRAIN_10,BA,0.22653438787804517,0.4850596316168879
BRAIN_10,BRAIN_10,BA,0.2293878065347564,0.31439024090329404
BRAIN_10,BRAIN_10,BA,0.2809715066655356,0.31130983916210536
BRAIN_10,BRAIN_10,BA,0.26851388357427214,0.3746878276758068
BRAIN_10,BRAIN_10,BA,0.3206726824956127,0.3943553377332314
BRAIN_10,BRAIN_10,BA,0.3305246556582024,0.42345727264294475
BRAIN_10,BRAIN_10,BA,0.20480292579120074,0.30420035431535164
BRAIN_10,BRAIN_10,BA,0.2584845478453551,0.36699099866000406
BRAIN_10,BRAIN_10,BA,0.19778595244236313,0.25631305325439524
BRAIN_10,BRAIN_10,BA,0.30121354810671414,0.38016009166058523
BRAIN_10,BRAIN_10,BA,0.23008855866186503,0.36031715971032696
BRAIN_10,BRAIN_10,BA,0.24539303780260388,0.3390461648467602
BRAIN_10,BRAIN_10,BA,0.27281325231200515,0.41995136796473964
BRAIN_10,BRAIN_10,BA,0.20464356219789503,0.24946592004568094
BRAIN_10,BRAIN_10,BA,0.46016743258889103,0.4010141676662311
BRAIN_10,BRAIN_10,BA,0.36677680410171576,0.3835530226254259
BRAIN_10,BRAIN_10,BA,0.31279696864062567,0.38077691346959264
BRAIN_10,BRAIN_10,BA,0.2630672039034333,0.3570387914888862
BRAIN_10,BRAIN_10,BA,0.37721261321884647,0.3922036160159197
BRAIN_10,BRAIN_10,BA,0.310748678258408,0.336022855962696
BRAIN_10,BRAIN_10,BA,0.24590894162085966,0.32958914209668655
BRAIN_10,BRAIN_10,BA,0.21369579305168693,0.30079554119680535
BRAIN_10,BRAIN_10,BA,0.3015929900415792,0.34141230208861173
BRAIN_10,BRAIN_10,BA,0.2866033115992567,0.4961216052507993
BRAIN_10,BRAIN_10,BA,0.33988404987531406,0.3492266709277828
BRAIN_10,BRAIN_10,BA,0.21563316373477026,0.27522855425802134
BRAIN_10,BRAIN_10,BA,0.2517722977302416,0.4604863565035322
BRAIN_10,BRAIN_10,BA,0.46826985934461485,0.3766984843634671
BRAIN_10,BRAIN_10,BA,0.22607407741132768,0.31157344427162975
BRAIN_10,BRAIN_10,BA,0.2992244918276101,0.3832383164399691
BRAIN_10,BRAIN_10,BA,0.2947785646707062,0.38796374091774666
BRAIN_10,BRAIN_10,BA,0.24410667457353466,0.3530641277106633
BRAIN_10,BRAIN_10,BA,0.2103897100557268,0.2914658664769437
BRAIN_10,BRAIN_10,BA,0.2864072158039111,0.38506958390352974
BRAIN_10,BRAIN_10,BA,0.23069433028149622,0.39690968782072744
BRAIN_10,BRAIN_10,BA,0.2656559713559867,0.37945372076966644
BRAIN_10,BRAIN_10,BA,0.2753169462633547,0.3371002928554221
BRAIN_10,BRAIN_10,BA,0.38335909927155937,0.3086985541071495
BRAIN_10,BRAIN_10,BA,0.2725858929023797,0.4163129719237482
BRAIN_10,BRAIN_10,BA,0.2685401227517123,0.5285270793027459
BRAIN_10,BRAIN_10,BA,0.3992592148922775,0.3928540983781057
BRAIN_10,BRAIN_10,BA,0.2902280720815024,0.2856391419935357
BRAIN_10,BRAIN_10,BA,0.3004592710090146,0.44135840627585987
BRAIN_10,BRAIN_10,BA,0.32688476001365435,0.3613638050693356
BRAIN_10,BRAIN_10,BA,0.2472841453590338,0.2887938840884206
BRAIN_10,BRAIN_10,BA,0.31861568293053016,0.37105705166008374
BRAIN_10,BRAIN_10,BA,0.21549299672456493,0.2710467585220215
BRAIN_10,BRAIN_10,BA,0.27082996091566536,0.323213132463122
BRAIN_10,BRAIN_10,BA,0.38221987835222326,0.3923981133107237
BRAIN_10,BRAIN_10,BA,0.23062309875346731,0.34075190281095885
BRAIN_10,BRAIN_10,BA,0.2524585973079832,0.34374498543918897
BRAIN_10,BRAIN_10,BA,0.33526018697548965,0.39961474539159203
BRAIN_10,BRAIN_10,BA,0.3559055960286107,0.3087690969399062
BRAIN_10,BRAIN_10,BA,0.3383248220276587,0.3284026711241277
BRAIN_10,BRAIN_10,BA,0.25914729429843464,0.3271450297282044
BRAIN_10,BRAIN_10,BA,0.23324909301520924,0.31267667074290867
BRAIN_10,BRAIN_10,BA,0.3112405010860522,0.39108116516368274
BRAIN_10,BRAIN_10,BA,0.30472133426685694,0.33009333931100904
BRAIN_10,BRAIN_10,BA,0.3118570503754661,0.3043786011242702
BRAIN_10,BRAIN_10,BA,0.1905773790501738,0.3113360529874278
BRAIN_10,BRAIN_10,BA,0.34288241817505316,0.40881387369910327
BRAIN_10,BRAIN_10,BA,0.26487049393320283,0.278312032644639
BRAIN_10,BRAIN_10,BA,0.20048244600499868,0.29582575187020255
BRAIN_10,BRAIN_10,BA,0.21488613643290053,0.3963604105334708
BRAIN_10,BRAIN_10,BA,0.41664206997538317,0.34916756925379633
BRAIN_10,BRAIN_10,BA,0.22786777731872146,0.3763885295253374
BRAIN_10,BRAIN_10,BA,0.3193199418147583,0.3543692382956374
BRAIN_10,BRAIN_10,BA,0.2206268469952053,0.46811522201521283
BRAIN_10,BRAIN_10,BA,0.4553450767851566,0.2763805921526452
BRAIN_10,BRAIN_10,BA,0.3077417000979068,0.36820928995271696
BRAIN_10,BRAIN_10,BA,0.29804724207483474,0.3407612113683628
BRAIN_10,BRAIN_10,BA,0.26801494564753603,0.5793380534563926
BRAIN_10,BRAIN_10,BA,0.2312240675427911,0.2866369310706209
BRAIN_10,BRAIN_10,BA,0.25229210084594006,0.30778783690662787
BRAIN_10,BRAIN_10,BA,0.2407874832160468,0.5226007430614006
BRAIN_10,BRAIN_10,BA,0.3083296687074409,0.3377282199651913
BRAIN_10,BRAIN_10,BA,0.25070184488875596,0.3933024897055619
BRAIN_10,BRAIN_10,BA,0.28442340901441004,0.3091891966818662
BRAIN_10,BRAIN_10,BA,0.33780333823335973,0.39768753000844814
BRAIN_10,BRAIN_10,BA,0.31243296085383215,0.4649724314121926
BRAIN_10,BRAIN_10,BA,0.3620686671395863,0.3830951109795053
BRAIN_10,BRAIN_10,BA,0.2327884675549181,0.3473874286886815
BRAIN_10,BRAIN_10,BA,0.2523281991642311,0.39197897448893854
BRAIN_10,BRAIN_10,BA,0.2788883841044875,0.23401602102017813
BRAIN_10,BRAIN_10,BA,0.351546458773233,0.31055071210149654
BRAIN_10,BRAIN_10,BA,0.3127545450238743,0.35779595186110075
BRAIN_10,BRAIN_10,BA,0.34098564510538637,0.44287411789079156
BRAIN_10,BRAIN_10,BA,0.3362268987245742,0.3306292391338099
BRAIN_10,BRAIN_10,BA,0.3570649388974324,0.19574347634485012
BRAIN_10,BRAIN_10,BA,0.22060592415629862,0.273395235520392
BRAIN_10,BRAIN_10,BA,0.36304571543204467,0.37465595330017937
BRAIN_10,BRAIN_10,BA,0.30430005824092,0.4285459372655389
BRAIN_10,BRAIN_10,BA,0.2893384523541403,0.33740450109934633
BRAIN_10,BRAIN_10,BA,0.302726945050946,0.3540481325504107
BRAIN_10,BRAIN_10,BA,0.3819046243696755,0.4261764302331925
BRAIN_10,BRAIN_10,BA,0.19780907612224022,0.31067129637057045
BRAIN_10,BRAIN_10,BA,0.3155257246543873,0.3800491386910882
BRAIN_10,BRAIN_10,BA,0.2080888367791797,0.3662151659619744
BRAIN_10,BRAIN_10,BA,0.380649874439736,0.27922660690590584
BRAIN_10,BRAIN_10,BA,0.3257854620768867,0.39908223680748445
BRAIN_10,BRAIN_10,BA,0.26777022093548697,0.33121962055292875
BRAIN_10,BRAIN_10,BA,0.2704854479276804,0.3825806297192673
BRAIN_10,BRAIN_10,BA,0.24877365765137982,0.36361827313637174
BRAIN_10,BRAIN_10,BA,0.19116966310552216,0.18110040530176227
BRAIN_10,BRAIN_10,BA,0.30891614733711653,0.34904936107935847
BRAIN_10,BRAIN_10,BA,0.2435628651066575,0.2453093692673258
BRAIN_10,BRAIN_10,BA,0.24086540910616241,0.2699132188227696
BRAIN_10,BRAIN_10,BA,0.3690533998073985,0.31942757598553473
BRAIN_10,BRAIN_10,BA,0.20084842427442537,0.5600621136331305
BRAIN_10,BRAIN_10,BA,0.23108821976109,0.4774720126540258
BRAIN_10,BRAIN_10,BA,0.3621030650857959,0.3828317797152613
BRAIN_10,BRAIN_10,BA,0.23829066270383778,0.3104108148556834
BRAIN_10,BRAIN_10,BA,0.25289636921143843,0.34611821594446857
BRAIN_10,BRAIN_10,BA,0.26039109901601104,0.37678928415393015
BRAIN_10,BRAIN_10,BA,0.19880017103048503,0.34163309399844194
BRAIN_10,BRAIN_10,BA,0.3127174737319764,0.3262752579274535
BRAIN_10,BRAIN_10,BA,0.27814780640416037,0.37433648445769996
BRAIN_10,BRAIN_10,BA,0.31860828994832713,0.4927662093577778
BRAIN_10,BRAIN_10,BA,0.23982679817232494,0.34077695277769837
BRAIN_10,BRAIN_10,BA,0.29088942420131286,0.3675052835924492
BRAIN_10,BRAIN_10,BA,0.21194925121393118,0.33069839484612223
BRAIN_10,BRAIN_10,BA,0.33415476461895605,0.35104840572053986
BRAIN_10,BRAIN_10,BA,0.2770283815429836,0.2787897921230188
BRAIN_10,BRAIN_10,BA,0.2274359079636109,0.3377715147803407
BRAIN_10,BRAIN_10,BA,0.19843422319370127,0.31772877868280724
BRAIN_10,BRAIN_10,BA,0.242146709129536,0.31861884436431437
BRAIN_10,BRAIN_10,BA,0.3126749075459205,0.2823826652248967
BRAIN_10,BRAIN_10,BA,0.2956775374297573,0.4330426126870513
BRAIN_10,BRAIN_10,BA,0.290071277005006,0.44363057003091555
BRAIN_10,BRAIN_10,BA,0.38057261630816197,0.42163952514164643
BRAIN_10,BRAIN_10,BA,0.3297976781050748,0.3588341563908496
BRAIN_10,BRAIN_10,BA,0.29776423824312254,0.363863823496626
BRAIN_10,BRAIN_10,BA,0.4103942017879791,0.3923785193326446
BRAIN_10,BRAIN_10,BA,0.24462319391057222,0.33358987623557645
BRAIN_10,BRAIN_10,BA,0.284263127590388,0.3420524118969095
BRAIN_10,BRAIN_10,BA,0.2529128205130649,0.4696271352140997
BRAIN_10,BRAIN_10,BA,0.45235070667935656,0.3129780073186307
BRAIN_10,BRAIN_10,BA,0.2886292497659783,0.38949809084423337
BRAIN_10,BRAIN_10,BA,0.36643790609011195,0.37128401386784954
BRAIN_10,BRAIN_10,BA,0.24201222559932706,0.34929121096661964
BRAIN_10,BRAIN_10,BA,0.2860652594266989,0.42613214354053525
BRAIN_10,BRAIN_10,GEO,0.6354961954428512,0.5692345419727627
BRAIN_10,BRAIN_10,GEO,0.5560442272139701,0.5625972324251981
BRAIN_10,BRAIN_10,GEO,0.7070294299235238,0.6372345153497845
BRAIN_10,BRAIN_10,GEO,0.6014349357991544,0.6441050006963869
BRAIN_10,BRAIN_10,GEO,0.6482055522289533,0.6345383490512282
BRAIN_10,BRAIN_10,GEO,0.5694289327935443,0.6345407842919817
BRAIN_10,BRAIN_10,GEO,0.6142413380008906,0.5564330296667171
BRAIN_10,BRAIN_10,GEO,0.6995633326926876,0.5854530083931211
BRAIN_10,BRAIN_10,GEO,0.6011025072794256,0.6315191203151871
BRAIN_10,BRAIN_10,GEO,0.6467714570250974,0.6227294138079618
BRAIN_10,BRAIN_10,GEO,0.642391308797527,0.6067806049579931
BRAIN_10,BRAIN_10,GEO,0.5831449979091528,0.600098894432205
BRAIN_10,BRAIN_10,GEO,0.6506997458938943,0.6078854007549312
BRAIN_10,BRAIN_10,GEO,0.6286576772474134,0.6460192314783813
BRAIN_10,BRAIN_10,GEO,0.6355241577330356,0.625686220822878
BRAIN_10,BRAIN_10,GEO,0.6773211838201441,0.5877474503037543
BRAIN_10,BRAIN_10,GEO,0.6176587485316435,0.642187372332881
BRAIN_10,BRAIN_10,GEO,0.6367228241173889,0.5657735803020749
BRAIN_10,BRAIN_10,GEO,0.552735263882121,0.5169731569764363
BRAIN_10,BRAIN_10,GEO,0.496898725340866,0.6254209832116057
BRAIN_10,BRAIN_10,GEO,0.5872622507424129,0.6198143461246726
BRAIN_10,BRAIN_10,GEO,0.5845944010014915,0.642787174355544
BRAIN_10,BRAIN_10,GEO,0.6549134844537473,0.6118200156683249
BRAIN_10,BRAIN_10,GEO,0.6592450371097482,0.599457260443953
BRAIN_10,BRAIN_10,GEO,0.5892610945365047,0.5973460890100101
BRAIN_10,BRAIN_10,GEO,0.7582984706897761,0.6255734909237506
BRAIN_10,BRAIN_10,GEO,0.6230525409750465,0.6481039576621985
BRAIN_10,BRAIN_10,GEO,0.7038642746971143,0.6174035747951985
BRAIN_10,BRAIN_10,GEO,0.5358292294077922,0.6601391209227545
BRAIN_10,BRAIN_10,GEO,0.4778534257963296,0.5617992670052445
BRAIN_10,BRAIN_10,GEO,0.5707987282307788,0.5650708418568666
BRAIN_10,BRAIN_10,GEO,0.5696449282052884,0.6144360011545029
BRAIN_10,BRAIN_10,GEO,0.6299930877858437,0.5982680720738435
BRAIN_10,BRAIN_10,GEO,0.7040620019818384,0.6108795078617489
BRAIN_10,BRAIN_10,GEO,0.6479639141111455,0.5738222545479612
BRAIN_10,BRAIN_10,GEO,0.6642151511380109,0.538984941161931
BRAIN_10,BRAIN_10,GEO,0.6695404876797236,0.6250739157723446
BRAIN_10,BRAIN_10,GEO,0.6504243246343854,0.5571056941401734
BRAIN_10,BRAIN_10,GEO,0.5314534982634205,0.6585578239924637
BRAIN_10,BRAIN_10,GEO,0.6761105266382528,0.5969314141871863
BRAIN_10,BRAIN_10,GEO,0.6415138315299053,0.6599985593261256
BRAIN_10,BRAIN_10,GEO,0.5202492629109859,0.6130433132288957
BRAIN_10,BRAIN_10,GEO,0.5820348314516502,0.6419188251844046
BRAIN_10,BRAIN_10,GEO,0.6754418577210126,0.5761126397619211
BRAIN_10,BRAIN_10,GEO,0.670951904461878,0.5893035557516341
BRAIN_10,BRAIN_10,GEO,0.6766637756097441,0.5879433337259825
BRAIN_10,BRAIN_10,GEO,0.6493283812689712,0.5642764754795522
BRAIN_10,BRAIN_10,GEO,0.7164347309612276,0.6243973796034052
BRAIN_10,BRAIN_10,GEO,0.668324586138187,0.6025128737966581
BRAIN_10,BRAIN_10,GEO,0.5902689939166859,0.6647419102596865
BRAIN_10,BRAIN_10,GEO,0.6174922381799688,0.641731120206263
BRAIN_10,BRAIN_10,GEO,0.6851434493822338,0.5407704374945432
BRAIN_10,BRAIN_10,GEO,0.7132569723721749,0.6709090903187083
BRAIN_10,BRAIN_10,GEO,0.5272878882664216,0.5219239416526233
BRAIN_10,BRAIN_10,GEO,0.6373035799984047,0.5696262300089567
BRAIN_10,BRAIN_10,GEO,0.6880826013930889,0.6029849442455065
BRAIN_10,BRAIN_10,GEO,0.6204509955158768,0.6361893108765638
BRAIN_10,BRAIN_10,GEO,0.6152683458106354,0.5758893438165746
BRAIN_10,BRAIN_10,GEO,0.5894263850142832,0.5793500359722717
BRAIN_10,BRAIN_10,GEO,0.5547732027629398,0.6337366334823469
BRAIN_10,BRAIN_10,GEO,0.6017847272785377,0.6187636623345155
BRAIN_10,BRAIN_10,GEO,0.5856492367802791,0.6255033721178526
BRAIN_10,BRAIN_10,GEO,0.6385775308576762,0.6180768660720664
BRAIN_10,BRAIN_10,GEO,0.6161096993903636,0.6216657838720173
BRAIN_10,BRAIN_10,GEO,0.5840328680635201,0.5901425619415885
BRAIN_10,BRAIN_10,GEO,0.6455972333407746,0.6400178504346629
BRAIN_10,BRAIN_10,GEO,0.5940365786075603,0.6023371525840668
BRAIN_10,BRAIN_10,GEO,0.7025668385370041,0.600150702336594
BRAIN_10,BRAIN_10,GEO,0.56066101342029,0.5445356878957837
BRAIN_10,BRAIN_10,GEO,0.5777152236089673,0.5830061712211707
BRAIN_10,BRAIN_10,GEO,0.6274541613346388,0.6860909258487922
BRAIN_10,BRAIN_10,GEO,0.6421827961352494,0.6093816079226955
BRAIN_10,BRAIN_10,GEO,0.6853813760470049,0.6154423470803561
BRAIN_10,BRAIN_10,GEO,0.6826817696589743,0.6419619678708612
BRAIN_10,BRAIN_10,GEO,0.676854286967029,0.559518895077955
BRAIN_10,BRAIN_10,GEO,0.6468222993141105,0.5363694099349819
BRAIN_10,BRAIN_10,GEO,0.5819265299555177,0.6675459319272166
BRAIN_10,BRAIN_10,GEO,0.6087420736758486,0.5063243071828376
BRAIN_10,BRAIN_10,GEO,0.502003885008729,0.55434254989735
BRAIN_10,BRAIN_10,GEO,0.5308899929024608,0.5685569382140694
BRAIN_10,BRAIN_10,GEO,0.6573787131680376,0.64640220187107
BRAIN_10,BRAIN_10,GEO,0.720268052022547,0.6335484295898506
BRAIN_10,BRAIN_10,GEO,0.5941060744246444,0.5310076521830351
BRAIN_10,BRAIN_10,GEO,0.5992813044206732,0.5820560128031897
BRAIN_10,BRAIN_10,GEO,0.6769317356796124,0.6678345243267261
BRAIN_10,BRAIN_10,GEO,0.7346031682798273,0.5717154110163398
BRAIN_10,BRAIN_10,GEO,0.7062266926242744,0.6110093011014792
BRAIN_10,BRAIN_10,GEO,0.685196399070237,0.6578285185540653
BRAIN_10,BRAIN_10,GEO,0.6835317475127526,0.6224941465415215
BRAIN_10,BRAIN_10,GEO,0.6598127803744599,0.5616803036622205
BRAIN_10,BRAIN_10,GEO,0.6362111849794568,0.6368230666620794
BRAIN_10,BRAIN_10,GEO,0.6455474595089469,0.6000527312676023
BRAIN_10,BRAIN_10,GEO,0.6635080952089326,0.5133829083088153
BRAIN_10,BRAIN_10,GEO,0.6009274351939027,0.6028615892108702
BRAIN_10,BRAIN_10,GEO,0.577440132575768,0.644979664662171
BRAIN_10,BRAIN_10,GEO,0.5828313397423316,0.5846805171997647
BRAIN_10,BRAIN_10,GEO,0.6944249272443527,0.5569289974361813
BRAIN_10,BRAIN_10,GEO,0.563843706508597,0.6387839124820993
BRAIN_10,BRAIN_10,GEO,0.626384343024076,0.554256587716534
BRAIN_10,BRAIN_10,GEO,0.5824244387163927,0.5708740267435932
BRAIN_10,BRAIN_10,GEO,0.7182792448087476,0.6486346666307399
BRAIN_10,BRAIN_10,GEO,0.6750813557916439,0.6117342677283755
BRAIN_10,BRAIN_10,GEO,0.7128846083362078,0.6481782091259387
BRAIN_10,BRAIN_10,GEO,0.6917961278471843,0.6188579122281008
BRAIN_10,BRAIN_10,GEO,0.6459451934412819,0.6339982231389176
BRAIN_10,BRAIN_10,GEO,0.6365028824902662,0.6234384065544412
BRAIN_10,BRAIN_10,GEO,0.5731047615201508,0.5950434934803365
BRAIN_10,BRAIN_10,GEO,0.4990188106801573,0.5772886050883195
BRAIN_10,BRAIN_10,GEO,0.7356677854102655,0.5348813530248246
BRAIN_10,BRAIN_10,GEO,0.6921224160913013,0.6348684864716951
BRAIN_10,BRAIN_10,GEO,0.7333710155568186,0.5617355959738253
BRAIN_10,BRAIN_10,GEO,0.6244978837349208,0.6037766559541516
BRAIN_10,BRAIN_10,GEO,0.5975609465651074,0.6274598700202101
BRAIN_10,BRAIN_10,GEO,0.6189543547013535,0.5313561779718177
BRAIN_10,BRAIN_10,GEO,0.637644138989818,0.606006172243778
BRAIN_10,BRAIN_10,GEO,0.6101497635717652,0.5090053930455501
BRAIN_10,BRAIN_10,GEO,0.6489586415653638,0.6363864715335137
BRAIN_10,BRAIN_10,GEO,0.5824742942759993,0.5468522569599743
BRAIN_10,BRAIN_10,GEO,0.5610316326556398,0.5536607979850822
BRAIN_10,BRAIN_10,GEO,0.6665150666442552,0.6856160770266557
BRAIN_10,BRAIN_10,GEO,0.6426993640777231,0.5364636393075979
BRAIN_10,BRAIN_10,GEO,0.6967263649491832,0.6168034717365841
BRAIN_10,BRAIN_10,GEO,0.63657145420392,0.5999223067723181
BRAIN_10,BRAIN_10,GEO,0.5413803417508689,0.6012279029547531
BRAIN_10,BRAIN_10,GEO,0.6594276200833781,0.6185848011633501
BRAIN_10,BRAIN_10,GEO,0.6863049207056199,0.6229179738907624
BRAIN_10,BRAIN_10,GEO,0.5995014047373354,0.648027293140766
BRAIN_10,BRAIN_10,GEO,0.539753583189444,0.6169110566783982
BRAIN_10,BRAIN_10,GEO,0.6039636970469583,0.6427960362734102
BRAIN_10,BRAIN_10,GEO,0.7745304028031367,0.6426246779674174
BRAIN_10,BRAIN_10,GEO,0.6575242523350696,0.5522820218451708
BRAIN_10,BRAIN_10,GEO,0.704237432939487,0.5389764355330242
BRAIN_10,BRAIN_10,GEO,0.6556463600192893,0.6856961171169424
BRAIN_10,BRAIN_10,GEO,0.6212342697961188,0.5598664237961798
BRAIN_10,BRAIN_10,GEO,0.6994709249051103,0.5908668982011106
BRAIN_10,BRAIN_10,GEO,0.6868017239913222,0.6378464502815419
BRAIN_10,BRAIN_10,GEO,0.5626842053285236,0.5798303036318703
BRAIN_10,BRAIN_10,GEO,0.6172505200266308,0.6425785551816883
BRAIN_10,BRAIN_10,GEO,0.7053941180395045,0.5979934746573727
BRAIN_10,BRAIN_10,GEO,0.6927602705962731,0.6403875717345913
BRAIN_10,BRAIN_10,GEO,0.640504732624118,0.574851321642276
BRAIN_10,BRAIN_10,GEO,0.6505432987809202,0.5451788958285061
BRAIN_10,BRAIN_10,GEO,0.713447864802101,0.6548711675082073
BRAIN_10,BRAIN_10,GEO,0.6446011286439619,0.6048012358187629
BRAIN_10,BRAIN_10,GEO,0.5292312107045706,0.543007557561818
BRAIN_10,BRAIN_10,GEO,0.6362274391802444,0.5391685190706668
BRAIN_10,BRAIN_10,GEO,0.6380268000570876,0.6547157286481444
BRAIN_10,BRAIN_10,GEO,0.6951692153964261,0.633302864171212
BRAIN_10,BRAIN_10,GEO,0.5837861798694454,0.6481503323027147
BRAIN_10,BRAIN_10,GEO,0.6709320119509341,0.5491826319514707
BRAIN_10,BRAIN_10,GEO,0.6739399633524655,0.5943351483321074
BRAIN_10,BRAIN_10,GEO,0.5757082592109706,0.6588410764650903
BRAIN_10,BRAIN_10,GEO,0.6270909576410749,0.579652987418125
BRAIN_10,BRAIN_10,GEO,0.728223838683409,0.5570099565652856
BRAIN_10,BRAIN_10,GEO,0.6816255409663401,0.6120959455153003
BRAIN_10,BRAIN_10,GEO,0.6713890578621378,0.5781490624335117
BRAIN_10,BRAIN_10,GEO,0.6460167431950452,0.6610732118618876
BRAIN_10,BRAIN_10,GEO,0.6735762697083771,0.5152659669807731
BRAIN_10,BRAIN_10,GEO,0.6253427250860178,0.5202438042459567
BRAIN_10,BRAIN_10,GEO,0.6712226389749291,0.6430874455160644
BRAIN_10,BRAIN_10,GEO,0.6022774912545577,0.578215773585913
BRAIN_10,BRAIN_10,GEO,0.645803569742843,0.5377149118338516
BRAIN_10,BRAIN_10,GEO,0.6433432394754485,0.6331329753211865
BRAIN_10,BRAIN_10,GEO,0.6933773685902204,0.6212522882819334
BRAIN_10,BRAIN_10,GEO,0.6368506004208169,0.568165401146115
BRAIN_10,BRAIN_10,GEO,0.6843726259913653,0.6163369932162093
BRAIN_10,BRAIN_10,GEO,0.6345842808991238,0.6226388401209559
BRAIN_10,BRAIN_10,GEO,0.5671534124138348,0.619184294740837
BRAIN_10,BRAIN_10,GEO,0.7168210108774457,0.6486722710020936
BRAIN_10,BRAIN_10,GEO,0.6901611937743217,0.6014656591390621
BRAIN_10,BRAIN_10,GEO,0.47434972127663394,0.5982346863778571
BRAIN_10,BRAIN_10,GEO,0.5855323414192608,0.6227619698257125
BRAIN_10,BRAIN_10,GEO,0.7057780906476722,0.5511062142158454
BRAIN_10,BRAIN_10,GEO,0.6794707950228023,0.5540408010301507
BRAIN_10,BRAIN_10,GEO,0.6240624184473257,0.5858850159278106
BRAIN_10,BRAIN_10,GEO,0.5879125984760446,0.6027897665792117
BRAIN_10,BRAIN_10,GEO,0.7213422581213635,0.6355426072234934
BRAIN_10,BRAIN_10,GEO,0.6625086936004901,0.609126881081798
BRAIN_10,BRAIN_10,GEO,0.5996267246224374,0.5827783577957816
BRAIN_10,BRAIN_10,GEO,0.6319514205121267,0.6366676839688028
BRAIN_10,BRAIN_10,GEO,0.6098783970868604,0.528506918943666
BRAIN_10,BRAIN_10,GEO,0.5833846040040996,0.6101531290830393
BRAIN_10,BRAIN_10,GEO,0.565144740964472,0.6098510379019597
BRAIN_10,BRAIN_10,GEO,0.6276171676142006,0.6035017243546424
BRAIN_10,BRAIN_10,GEO,0.6861823371055146,0.5934460609908949
BRAIN_10,BRAIN_10,GEO,0.6136754182331865,0.6079017930313203
BRAIN_10,BRAIN_10,GEO,0.6462733794249426,0.6074991316442322
BRAIN_10,BRAIN_10,GEO,0.5778580360267104,0.6606225363858425
BRAIN_10,BRAIN_10,GEO,0.6761645251108035,0.6265976291377391
BRAIN_10,BRAIN_10,GEO,0.7158018526256952,0.6683281404305572
BRAIN_10,BRAIN_10,GEO,0.653291669495092,0.5944364255131829
BRAIN_10,BRAIN_10,GEO,0.41547914861866375,0.5699213129076044
BRAIN_10,BRAIN_10,GEO,0.6438467010700385,0.6273950415448035
BRAIN_10,BRAIN_10,GEO,0.6694230728554857,0.669255058164272
BRAIN_10,BRAIN_10,GEO,0.5547089142939465,0.6045562064511223
BRAIN_10,BRAIN_10,GEO,0.6785284715615895,0.5461288452481861
BRAIN_10,BRAIN_10,GEO,0.5284465929874498,0.6147327416706281
BRAIN_10,BRAIN_10,GEO,0.5576973505575489,0.6070871026354614
BRAIN_10,BRAIN_10,GEO,0.5646235717543784,0.60607157997212
BRAIN_10,BRAIN_10,GEO,0.5830935162696528,0.6063111957494473
BRAIN_10,BRAIN_10,REAL,0.0,0.0
